-1,0.0029999999999999996,0.0029999999999999996,0.0038807630100962404,0.0008807630100962405,0.015,0.0012,0.00105,0.33333333333333337,-16793072.848109692,0
0,0.003930803466751837,0.0030475116147652926,0.004015795345347772,0.000868020735744931,0.008987011799483444,0.0012347226751656757,0.0007347545893176099,0.3474072967300696,-16820996.865094423,66.55197787284851
1,0.004127343640089429,0.0030475116147652926,0.004015795345347772,0.000868020735744931,0.008987011799483444,0.0012347226751656757,0.0007347545893176099,0.3474072967300696,-16821106.910553474,129.81825757026672
2,0.003930803466751837,0.0031998871955035576,0.004015795345347772,0.000868020735744931,0.008987011799483444,0.0012347226751656757,0.0007347545893176099,0.3474072967300696,-16820797.061181944,193.0027723312378
3,0.003930803466751837,0.0030475116147652926,0.004216585112615161,0.000868020735744931,0.008987011799483444,0.0012347226751656757,0.0007347545893176099,0.3474072967300696,-16820454.777191177,256.3174388408661
4,0.003930803466751837,0.0030475116147652926,0.004015795345347772,0.0009114217725321776,0.008987011799483444,0.0012347226751656757,0.0007347545893176099,0.3474072967300696,-16820858.33813062,319.4601240158081
5,0.003930803466751837,0.0030475116147652926,0.004015795345347772,0.000868020735744931,0.009436362389457617,0.0012347226751656757,0.0007347545893176099,0.3474072967300696,-16816650.71839863,382.5017054080963
6,0.003930803466751837,0.0030475116147652926,0.004015795345347772,0.000868020735744931,0.008987011799483444,0.0012964588089239596,0.0007347545893176099,0.3474072967300696,-16821043.150633585,445.7601480484009
7,0.003930803466751837,0.0030475116147652926,0.004015795345347772,0.000868020735744931,0.008987011799483444,0.0012347226751656757,0.0007714923187834904,0.3474072967300696,-16820721.392255418,509.12095761299133
8,0.003930803466751837,0.0030475116147652926,0.004015795345347772,0.000868020735744931,0.008987011799483444,0.0012347226751656757,0.0007347545893176099,0.3647776615665731,-16821014.149773575,572.4915702342987
9,0.0037342632934142432,0.003085605509949859,0.004065992787164621,0.0008788709949417425,0.009099349446976986,0.0012501567086052466,0.0007439390216840802,0.3517498879391954,-16819526.052726574,635.9133276939392
10,0.003881668423417438,0.0030951289837460013,0.004078542147618833,0.0008815835597409456,0.00912743385885037,0.0011768450497672844,0.0007462351297756978,0.3528355357414769,-16819162.92472377,699.5253615379333
11,0.0038693846625838385,0.003107033325991178,0.0040942288481865974,0.0008849742657399492,0.009162539373692102,0.0012241117771759707,0.0007491052648902197,0.3324796394486993,-16818742.89979539,762.7581269741058
12,0.0038540299615418376,0.003121913753797649,0.004113837223896305,0.0008892126482387038,0.009206421267244264,0.0012214590526785445,0.0007526929337833721,0.3461180899648602,-16818217.99457517,826.0138897895813
13,0.003834836585239339,0.003140514288555738,0.004138347693533438,0.0008402593303780886,0.009261273634184473,0.0012181431470567614,0.0007571775198998126,0.3457957882735579,-16817718.527498987,889.2264921665192
14,0.0038108448648612146,0.002973295481080518,0.004168985780579854,0.0008767200158236245,0.00932983909285973,0.001213998265029533,0.0007627832525453633,0.34539291115943,-16817067.90527682,952.9685380458832
15,0.0037808552143885586,0.0031071170283975894,0.0042072833893878735,0.000878894835843298,0.009415545916203801,0.0012088171624954976,0.0007238682565199508,0.34488931476677004,-16816257.583214134,1016.5217657089233
16,0.0037058810882069186,0.0031369197352137373,0.004303027411407924,0.0008843318858924815,0.00962981297456398,0.0011958644061604087,0.0007000562253881809,0.34363032378512026,-16814252.838997304,1080.2593159675598
17,0.0037246246197523295,0.0031294690585097,0.0040281041968186744,0.0008829726233801856,0.009576246209973938,0.0011991025952441808,0.0007519313950034741,0.3439450715305327,-16814995.97506186,1144.0192761421204
18,0.003918755124674446,0.0031023410504650937,0.0041692243746827284,0.0008731477712929848,0.009583132753229629,0.0011709050334643436,0.0007447450559668525,0.33765127621924135,-16814764.625483416,1207.7187209129333
19,0.0037806216699855016,0.0030946205933487254,0.0041793455709944905,0.0008683262593817918,0.009668973064951063,0.0012427316882265705,0.0007420764294230235,0.332769563536401,-16814024.891771637,1271.646770954132
20,0.003730098293269533,0.003094366398150087,0.004229747282682319,0.0008616976092022147,0.009939742668001409,0.0012756750074562136,0.0007399970792466865,0.32273657743386297,-16811733.037115607,1335.4509191513062
21,0.003758083838490525,0.003079549519143276,0.004197538479050656,0.0008591163892483544,0.009828168373686656,0.0012083557683879448,0.0007369292478976183,0.3506896943254695,-16812724.771523457,1399.236929178238
22,0.003749452008769699,0.0030540780326732114,0.004198855417129535,0.0008473539420020124,0.009939723256745091,0.001207732671812721,0.0007294006575330276,0.3381941448994608,-16811925.26613676,1463.121410369873
23,0.0037472992409547856,0.003013868433944491,0.0041894718783914275,0.0008980809127686085,0.01005448329544504,0.0012084459586234938,0.0007179718558248907,0.3366160357472389,-16811028.210045476,1526.9303057193756
24,0.0037035305688125093,0.002950545506638867,0.004215033970820422,0.0009269917039638686,0.010451088126075321,0.00120359736440686,0.0006983690237874298,0.33202615948407954,-16808203.807411976,1590.580864906311
25,0.0037444623873207333,0.003175399747809299,0.004170345838905153,0.0008741881493581335,0.010266230095073683,0.001209990615495054,0.0006962625659898568,0.3336772249425291,-16809526.516098645,1654.2261266708374
26,0.003577918515572336,0.003133155647385525,0.004362173897526581,0.0008844292828401277,0.010367173724879808,0.0011830831904412558,0.0007146682233856718,0.32823032142500447,-16808312.432380915,1717.9567022323608
27,0.0037474208365268465,0.003052119850860074,0.004433382471232654,0.0008698415600698588,0.010425021783089957,0.0012146984191620195,0.0006881756247953568,0.32776385909815925,-16808166.716643427,1781.6302728652954
28,0.003758818944914104,0.0030134452470352603,0.004636021608439645,0.0008632760284146954,0.010849409569647965,0.0012224963311209388,0.0006562977396912984,0.31967325288197246,-16805515.106027592,1845.2957510948181
29,0.003513306286664644,0.003057023908047223,0.004408961601807829,0.000877198476437487,0.010734704443938845,0.0012557938053560057,0.0006732501347630902,0.3295631485751333,-16806197.78881406,1909.1528191566467
30,0.0036780366227466025,0.00300247126650695,0.004301642112682609,0.0008642310094742417,0.010964247089948212,0.0012458167824588398,0.0007112374426854889,0.3200673072067578,-16804843.93306937,1973.1911194324493
31,0.003664114390016444,0.002935247032153556,0.004300949463319952,0.000854180571265122,0.011631464147640328,0.0012707929706080555,0.0007168280513341427,0.30828579891757657,-16801415.48826979,2037.1487290859222
32,0.003602341510344476,0.0030237658608299814,0.004432983791107202,0.0008882125516225609,0.011216715634313958,0.0012489347207863314,0.0006693391210351827,0.30240696281443535,-16803399.46706462,2101.514200925827
33,0.0035741957154589964,0.003041659304339238,0.0044901989465227395,0.0009101896512740401,0.011424408845647736,0.0012598583296049575,0.0006618523272753122,0.3059557167191876,-16802250.409675304,2165.7466039657593
34,0.0035545737865065267,0.002988194165409651,0.004524419996930063,0.0009079689945917938,0.011795555978803,0.0011879618244986512,0.0006317197175688097,0.3172180690061167,-16800691.751970354,2230.123959541321
35,0.0034668115331250235,0.0029351080490394327,0.004671756354053935,0.0009311046872865834,0.012723462634203798,0.0011441052330198702,0.0005775810367298715,0.3144588147922436,-16797544.030208014,2294.4965250492096
36,0.0034707969789063986,0.0028470878910579725,0.004709174069494424,0.0009097075889179877,0.012083376686513252,0.001237174870841015,0.0006457838485106429,0.30147281895987915,-16799485.368390687,2359.1737751960754
37,0.003610560466488312,0.0028178150523998574,0.004604096053864956,0.0009057860319554586,0.012411483797115494,0.0012776052159947523,0.0006101570973960704,0.30023034686112254,-16798658.751036935,2423.5806028842926
38,0.00346170588766709,0.002967242579586764,0.004848501501332248,0.0008579221928296152,0.012817668313680024,0.0012755930049261218,0.0006044033153964727,0.28848555564630807,-16797334.217357624,2488.187528371811
39,0.00334079354709438,0.0029755911160607128,0.005165235266588162,0.0008233874372624884,0.014000958407482375,0.0013115908251857527,0.0005574204612009944,0.26671525372742233,-16795633.10284198,2552.769413948059
40,0.00360880198492239,0.0028404059801817793,0.004843642286539924,0.0008942626605622472,0.01335061548670238,0.0012373458189344124,0.0006005647860302886,0.27523659284332663,-16796212.209888954,2617.5484805107117
41,0.003325785086675001,0.002840724824480372,0.004668487449433181,0.0009159317666219268,0.013861211840256862,0.0012743556651228479,0.0006035839426868279,0.27401732352682595,-16795083.407056153,2681.906751394272
42,0.0031092681575554497,0.002754364613202928,0.004684720369929948,0.0009422596357255425,0.015367112975561315,0.0013002853321238024,0.0005772270441845927,0.25118935884925264,-16794428.683738966,2746.2364888191223
43,0.003358994183047373,0.002763053898778888,0.004934459411471307,0.0009045070144398066,0.01453150511090271,0.001260754928291823,0.000567514542130296,0.2784792126030674,-16794902.777355153,2810.4707338809967
44,0.003333339594829947,0.0026755091038795434,0.004988309372292912,0.0008811092555797688,0.015100585965882679,0.0012500554691449134,0.0005514168896039128,0.26806133266928517,-16795062.747869037,2874.6283729076385
45,0.0031607272214758744,0.0027169868939967224,0.00534939883273894,0.0009438505066673487,0.015760811118450676,0.00123393645277603,0.00045508837511252457,0.25567513390882335,-16796125.205404043,2938.7162952423096
46,0.003276527193228289,0.0027726207858269933,0.005101230417375598,0.0008968592184518236,0.016228257187562108,0.0012667449480268243,0.0004784587095864948,0.25103869260375683,-16796201.160832744,3002.8175237178802
47,0.0030532553873313696,0.0027905950578418935,0.005330592023882724,0.0008985490720384437,0.016854343424571518,0.0012235995358811048,0.0004811608637486733,0.23998325113817204,-16797476.235634606,3067.4467763900757
48,0.0030936152842462447,0.002637173813402933,0.005427640641150944,0.0008650915128952841,0.01757508478507514,0.0013769730945712953,0.0004896318811695728,0.20713589229353302,-16799484.42444067,3132.1484146118164
49,0.003373512470905329,0.002860624490130308,0.004860727425828187,0.0009146013936887586,0.013936368171921634,0.0012023221984077265,0.0005555937478397969,0.2876280841675659,-16795301.601552036,3196.691682577133
50,0.003587235700933389,0.0027991941626725756,0.00465133882180852,0.0009016602085560023,0.01271471018154495,0.0012921594573417163,0.0006046602751735518,0.29352266420495293,-16797748.015321985,3261.0881345272064
51,0.0031867504657318744,0.002792744834049564,0.005160778723364174,0.0008993268561678333,0.015819435113814874,0.0012407395162462578,0.0005120357166048929,0.25336810440486723,-16795610.937788203,3325.876288175583
52,0.002926176223544739,0.002737467953799635,0.0052175726683573835,0.0009072126689335954,0.016835643026192216,0.0012792615986163703,0.0004631240855355876,0.2528022003901836,-16797400.48725914,3390.5810554027557
53,0.0034381455445779774,0.0028146714735862435,0.0049371248819942894,0.0008975001626550842,0.014221872371574839,0.0012478247638549019,0.0005662046109066133,0.26962799473004084,-16795121.03315461,3455.1786534786224
54,0.0032988556030762624,0.002815765820094234,0.004918958153676382,0.0009047763470948343,0.013456405121335665,0.0012451324234809776,0.0006071666373094111,0.2816474261613244,-16795865.16561505,3519.72984457016
55,0.0034491876702287738,0.0028960944434488827,0.004563179568547399,0.0008480165189861805,0.013347749691168344,0.0012807399114080089,0.000668556537332603,0.28350405791938316,-16795792.482231047,3584.1058900356293
56,0.003348642305416514,0.002817397673190034,0.004904675601327712,0.0008729007215315315,0.015624991830741525,0.0012784458126848192,0.0005318257501415143,0.25799592360639684,-16795148.372160584,3648.388833999634
57,0.003173173897060938,0.0027173948572706726,0.0053458281946517725,0.0009358816002765231,0.016302957795802143,0.0012422648000769902,0.00043625315332055043,0.24976225827009146,-16796852.00092745,3712.838237762451
58,0.003380184226936815,0.00285141954690433,0.004758841725073492,0.0008699827893087662,0.014086551717326794,0.0012711211335752542,0.0006104806913295898,0.27506860800706023,-16794926.748080824,3777.3361852169037
59,0.003291415690155939,0.0026068552923697473,0.004642174111232343,0.0009721595200117847,0.015671147406949214,0.0012012964633966216,0.0005606542869843079,0.2686394010319618,-16794772.37396316,3841.892560005188
60,0.0034716250776244606,0.002743229188960941,0.004516979501423374,0.0009144282670674276,0.013815598773900303,0.0012622870091237078,0.0006181936741752631,0.2858043745112905,-16795233.962471217,3906.5313498973846
61,0.0033093912241307895,0.0026460007075878554,0.004731093817858157,0.0008991104478911695,0.01566847336628821,0.0013156955296412345,0.0005902856245242256,0.25108846733452295,-16794833.281611748,3971.3598761558533
62,0.0031707201540382406,0.002739088888413952,0.0051283703213716655,0.000895454119718436,0.016252461412406518,0.0012690828490546343,0.0005207086857760002,0.24423320019660644,-16796049.14520689,4036.2102749347687
63,0.003396398846727906,0.002742194113824194,0.004669827206410447,0.0009096847302301797,0.014424814433526858,0.0012639859691064394,0.0005938224270754474,0.27541158093261947,-16794692.660721675,4101.350467920303
64,0.003305642061574035,0.0026461195143433988,0.004681962122738012,0.0009461776674289942,0.01414302400626163,0.0012493090845989282,0.0006225757790432323,0.2763955654330557,-16794798.392498452,4166.538742303848
65,0.003183012951661586,0.002606707724136477,0.004585722152257365,0.0009337476024989189,0.015526431374100017,0.0012803012136148526,0.0006022897103122879,0.2664553869851656,-16794510.226471085,4231.53036570549
66,0.0032502372406175263,0.0027286697489074096,0.004433890856949856,0.0009632980963040217,0.014754179131846509,0.0012856319444423257,0.000629795636792082,0.26762056262489137,-16794116.691511765,4296.670501708984
67,0.0032086860635113165,0.002755250071421342,0.004156681599278327,0.0010043925166661482,0.014580975714828422,0.001303420182091032,0.0006689850103861667,0.2674001776026945,-16793962.134883035,4361.423447132111
68,0.003160518067654283,0.002528716937011878,0.004512818472720484,0.0010080269944143698,0.015891819379777797,0.0012726410421409293,0.0005853579148305493,0.2586961796860249,-16794719.934200916,4426.103320360184
69,0.0031320890826954523,0.0025584983446955674,0.0042317905516349626,0.0009993827642769703,0.015786944553420654,0.0012859787758866367,0.0006327849072049064,0.250339816860757,-16794326.198976956,4490.8157687187195
70,0.0031373665062532016,0.0026536759451635276,0.004310330328692314,0.0010298474099220576,0.014679594094818268,0.0012236089860985767,0.000620638645481147,0.27754339951085993,-16794108.32212603,4555.810517787933
71,0.0030990467799797477,0.0026554462461130164,0.004266554075301035,0.0010036976260074985,0.016339185976984003,0.0012835704065157945,0.000587864207571619,0.2525232599317782,-16794922.24041572,4620.75736284256
72,0.0032539932411754634,0.002648451197285803,0.004578110110878768,0.0009605576570736202,0.014692064498942224,0.0012578744150781448,0.0006138978861753289,0.27042748905773634,-16794341.917169373,4685.661435842514
73,0.0031039175391527245,0.002705109444315682,0.00429032608671831,0.0009748153076901669,0.014566291849294675,0.0013457275156384817,0.0006630965994282986,0.26072644633931574,-16794037.339343615,4750.510838270187
74,0.003220665029528991,0.0028273459264995023,0.004364058628729626,0.0009306449116065311,0.014014237993845314,0.0012926545552685623,0.0006578276427314945,0.27117723434857544,-16794558.33751177,4815.360268115997
75,0.0029408507961556397,0.0026351567028560135,0.004130607750619459,0.0010342272211348092,0.015378598830175866,0.001308476774843583,0.0006653644344006083,0.25340324645596984,-16793850.34099327,4880.454699277878
76,0.002713076770869507,0.002581637997371924,0.0038609980227239642,0.001096498466587124,0.015855491028500368,0.0013307221777121548,0.0007011354380631887,0.24239907921764503,-16794049.177409314,4945.479297161102
77,0.0030466310550112175,0.002501957584269832,0.004378013608772737,0.0010391626171405276,0.01613026547894005,0.0012837637435752151,0.0006032434166618396,0.2531940960668624,-16794746.540973093,5010.575080633163
78,0.0031771565358995474,0.0027459988409420846,0.004367547373740404,0.0009577743379900303,0.014543244865118998,0.0012904318523452255,0.0006441815862140807,0.2666814497781472,-16794126.904259123,5075.797680854797
79,0.003082819028938113,0.00275741856583426,0.004101806390615758,0.0010420666101209177,0.01437227547144009,0.0012986497449115181,0.0006692543180564945,0.25797245912851763,-16794052.591749374,5141.250616073608
80,0.0031499515408899142,0.0026105251649256407,0.0038570796781146263,0.0010585063204931375,0.014282884493948489,0.0012782567295994973,0.0007173238026521652,0.2749342623342469,-16794271.10735855,5206.635644674301
81,0.0029792160321985136,0.0027069570727527256,0.003783432328974771,0.0010646954649999392,0.014855637969319145,0.0013257632252754931,0.0007065094397806379,0.25682282544489093,-16793848.585989017,5272.135193347931
82,0.002841827427710039,0.0027362100104861868,0.0033860934380227723,0.001116764368963099,0.014937424704507606,0.0013597076303741673,0.0007528152165832923,0.25002049363846823,-16794165.826984465,5337.497997045517
83,0.0030629019280542904,0.0028340246073572523,0.00401766233255353,0.0010421985329773314,0.013527931268815335,0.0013076049768142154,0.0007060535518949934,0.27853124978790367,-16795104.063867047,5403.100348234177
84,0.0031147922940351616,0.002627379910360989,0.004178258496864604,0.0010100867064520606,0.015222191232269325,0.0012913853261185314,0.0006511020683774282,0.2573876750925437,-16793938.97478293,5468.715862989426
85,0.0030362496581461404,0.0027862114734860154,0.00447266791076136,0.0009709700732508948,0.015266818012867708,0.0013186091722311132,0.0006049592228790503,0.249550157503988,-16794082.417388216,5534.300413131714
86,0.0029738179436981553,0.0026607909556055544,0.003988480349390823,0.0010750009895692182,0.015187350928634376,0.0013134783794568569,0.0006682958484833773,0.25352014699154785,-16793788.096337773,5599.7982449531555
87,0.0028721486475974597,0.0026181870129372894,0.003798946837216032,0.0011336143153588122,0.01550940396039207,0.0013250016430126728,0.0006803529796180255,0.24693949559824813,-16793891.544390623,5665.547844648361
88,0.0029727208327057393,0.0027548926039946166,0.00396523489961354,0.0010142163125489811,0.01517794090738913,0.0014027685940430756,0.0007037530899668683,0.23665238412900702,-16793679.397331104,5731.323434114456
89,0.002890397995932008,0.0028055009334101606,0.0037926871850741534,0.001006400763862443,0.015427114313674564,0.0014923483980153248,0.0007453103122097289,0.21620687643808056,-16793671.433428954,5797.922044992447
90,0.003037374765259267,0.0026271794406531653,0.0036329021361226916,0.001081951321873031,0.014630791064541408,0.001351203214356592,0.0007545202849016349,0.2563098058694021,-16794017.263602927,5863.922690153122
91,0.0029794443285475836,0.002623412567009648,0.0038865375926450275,0.0010208259629410363,0.015589962504244355,0.0013843010090374554,0.0007115416814354758,0.24747184093009367,-16793874.3518606,5929.788618087769
92,0.0029272275156816876,0.0026552974692017166,0.003597070773024154,0.0010995799291845046,0.01565186379012719,0.0013468666116602359,0.0007298106705654658,0.24140420236699012,-16793981.721311845,5995.743462562561
93,0.0029662334771807493,0.0027402569800013717,0.004245536882845138,0.000996851066829509,0.015842632756276905,0.0013403067622680363,0.0006322095815080872,0.2420944419613007,-16794171.970605753,6062.05983376503
94,0.0030195894432396377,0.002655448825490217,0.0037860608228033033,0.0010606762581121506,0.014933751487475281,0.001348479101334453,0.0007239426090532479,0.2527559648923767,-16793795.914895,6127.900310516357
95,0.0030994712086478164,0.002712176790524946,0.004328615758388462,0.0009694965417499466,0.014642031955028143,0.0013450464873829464,0.000655452180466202,0.25983798609505937,-16794025.177892584,6193.874803304672
96,0.0029702884389232196,0.002669517299532524,0.0037799570193652312,0.001067059082325865,0.01539940583135243,0.0013464115805909135,0.0007112210480406499,0.24601264829900743,-16793799.380277753,6259.715872764587
97,0.002758413254671164,0.0025907909953331153,0.0036748237871560147,0.0010803505956832324,0.015917527559457915,0.0013992407665771207,0.0007268368500591216,0.22849512853343323,-16794140.246334676,6325.633810758591
98,0.0030961178613012784,0.002714135302399285,0.004036217146247749,0.0010233820364204194,0.014915113675985796,0.0013273753282125541,0.0006834479703044054,0.2576739153353792,-16793782.390008356,6391.399134397507
99,0.002847638415963847,0.002740350004403043,0.0036177365519155253,0.0010779802383894096,0.015199542652946128,0.0014202731230731269,0.0007528062675496047,0.23857919110429293,-16793755.7050084,6456.698054790497
100,0.002950034903305492,0.002773551707102733,0.0038422571959527262,0.0010815295507625275,0.01473416641814654,0.0013363504686631205,0.0007026828010200895,0.24627186281029273,-16793791.854128376,6520.408809900284
101,0.0029909244624848983,0.0027964063223180477,0.003526099399311612,0.0010799538749756842,0.014784421989207697,0.0014191431263118777,0.0007581896397098273,0.23855761137299725,-16793951.873017695,6584.136431455612
102,0.0029533692127379544,0.002675469107721522,0.003979480662792497,0.001045658884595028,0.015230054619933823,0.0013361433627106568,0.000688570735727913,0.24969183768522668,-16793742.613175016,6648.115473270416
103,0.002946097521576884,0.0027167339611635336,0.003922286904410732,0.0010447264860093258,0.015400987012718087,0.0014044517102387588,0.0007125599583166163,0.23335528544416012,-16793677.899492856,6712.497408628464
104,0.0029489773855155953,0.0027659778997914876,0.003961344685281646,0.001036779719604265,0.014857614446026221,0.0013983133873352992,0.000708183077625596,0.24100112187633177,-16793684.088157263,6776.877372980118
105,0.0028820233667681667,0.0028076786424091125,0.003999061847463159,0.0010371884091910084,0.015304234529541102,0.0014087044380919713,0.0006915216337560848,0.23131909452895116,-16793664.61409244,6841.353643894196
106,0.002813240328532431,0.0028837935508685608,0.004105562359793087,0.0010254444847304376,0.015489476050574012,0.0014388171064707309,0.0006753111461075033,0.22060065934723838,-16793746.50568085,6905.477140665054
107,0.0029345750225679805,0.0026981074946231913,0.003982066637191344,0.001005249831147752,0.015646336626718486,0.0014389215631205165,0.000709991149973242,0.23406500454069984,-16793816.680665523,6969.812803268433
108,0.002946169933121114,0.0027546906539828477,0.0038772095562623807,0.0010624596208588335,0.014962208970289527,0.0013619932422774695,0.0007045098882583776,0.2432201482428945,-16793699.46088283,7034.244676589966
109,0.002903879979531057,0.0028343431707146937,0.0038080257854711365,0.001008643050163465,0.015136866626644433,0.0014739223680319338,0.0007534316124537044,0.22424172067228137,-16793587.12883582,7098.622368097305
110,0.002868910997447507,0.0029211192782692633,0.003717798503511293,0.0009754640804605884,0.015111624475649461,0.0015541443623194725,0.0007959994944388682,0.20960250751264808,-16793559.829169545,7163.088004589081
111,0.0027247783459644903,0.002832744817888458,0.003680684327930097,0.0010482825143223059,0.015458231579208927,0.0015167176778029653,0.0007664173716662918,0.20807010037276724,-16793699.66882859,7227.550223827362
112,0.0029425427738020826,0.0028296288192560535,0.004114901866265964,0.0009862598813365402,0.015238474833814294,0.0014479310216248525,0.0007004618504502642,0.21953755192097207,-16793640.361038733,7291.799240350723
113,0.002834105367294008,0.002933049643821207,0.0037870130562573587,0.0010037314843162996,0.015210067920296718,0.0015600076967158716,0.0007676701609525441,0.20088633389897464,-16793562.678509343,7355.957929611206
114,0.0030900279893998506,0.002800850140137458,0.004112391573201574,0.00098997009708752,0.014919850046293565,0.0013902558863517899,0.0006901367223357282,0.240712129592986,-16793710.74307192,7420.451851606369
115,0.0028160907568233304,0.0028247711484507077,0.0037886111392479663,0.0010337044100136093,0.015323636195980086,0.0014851022299401714,0.0007473472093336509,0.21623060767782193,-16793622.483090382,7485.397202253342
116,0.002836116608168782,0.002896424427660033,0.0038937167406156866,0.0009686041878396866,0.015506229461635605,0.0015757575687929612,0.0007627535360124606,0.19881469658159057,-16793610.654170286,7549.937711715698
117,0.002805093961437597,0.00291774881381853,0.003792674625429933,0.0009772402061531103,0.01577297773980126,0.001583798469099547,0.0007727229612419585,0.19048711662446804,-16793764.83538262,7614.563298463821
118,0.0029130065294960955,0.002803920628298248,0.003919177170318718,0.0010218948412414764,0.01508645526946998,0.001444684657776361,0.0007243180485296866,0.22837262056336582,-16793604.511759326,7679.588342666626
119,0.002799701077356111,0.0029887894192301627,0.003830954972777843,0.0009635855285560872,0.015150972237297366,0.0015877183830804878,0.0007712856031042056,0.19688728683644113,-16793583.349568844,7744.369554042816
120,0.002832726373357012,0.0029458445684385362,0.003970121639040343,0.000991207441876381,0.015055809417246588,0.0015236641915702125,0.0007450290719347122,0.2092057984421108,-16793533.789949544,7808.966658830643
121,0.002803890562069514,0.0030160163859527245,0.004058838866023439,0.00098361078088335,0.0148701569690326,0.0015393220883476565,0.0007448884517972038,0.20570525944412588,-16793555.832978472,7873.494875192642
122,0.002828776754168065,0.00297820834094694,0.003756511924545635,0.0009489245547191589,0.01511658292330642,0.0016360480898631262,0.0008121946099330132,0.18856525632953014,-16793525.615685176,7937.827868938446
123,0.0028021534478680143,0.003063473190215853,0.003635236963086874,0.0009047926274832344,0.015022757120189079,0.0017497199157487037,0.0008725310980214774,0.16718833722981963,-16793566.40658302,8002.335768699646
124,0.0027398158422256447,0.002993403044522721,0.003551074420312746,0.0009905192509192817,0.01515186964140626,0.0016438507733898136,0.000831187583109521,0.19260372503964873,-16793671.46703353,8067.106778860092
125,0.002891861040907973,0.0028705723755727205,0.00397394500477766,0.0009873247237322256,0.015216823535712284,0.0014969109595660928,0.0007331432836150784,0.21280409520064125,-16793568.93634743,8131.72834777832
126,0.002885210430225558,0.00300971102210857,0.003923698613713167,0.0009314798006718667,0.015040005114173515,0.0016096317474809754,0.0007807512427964916,0.19505404116350372,-16793516.595301513,8196.047982215881
127,0.0029197702669266712,0.003102180958937502,0.003991242350945768,0.0008803674960009954,0.014898189573270233,0.0016718965062513776,0.0007974532595279118,0.18446575790634456,-16793539.8139922,8260.571465969086
128,0.0028774580343942997,0.0029663793915113788,0.003826088480619817,0.000987298926053834,0.014740855761652478,0.0015274449533001886,0.0007698443428136894,0.2115297884052133,-16793633.85751366,8325.081305265427
129,0.0028464519647251616,0.0029139131686228698,0.003876809675616719,0.0009732778723932235,0.015314886036639823,0.001563679414919768,0.0007645262377127678,0.20199346953749625,-16793553.664772816,8389.727820158005
130,0.002783929471874254,0.003086381325954319,0.003790036177241287,0.0009218540304399812,0.015217737645610564,0.0016882665536026402,0.0008183318775922335,0.17537707666697067,-16793553.717166103,8454.5490732193
131,0.0028932920226437736,0.0029259105117034434,0.0038680286758980232,0.000969730468596344,0.01516991202986148,0.0015703698709290516,0.0007831258916397216,0.20148485785152775,-16793480.59456169,8519.196598529816
132,0.0029400874952876053,0.0028944710579400833,0.0038865655274581135,0.0009728029386164723,0.015179381926143539,0.0015616956148533337,0.0007890460359074797,0.20378364335907106,-16793445.58226457,8583.851233005524
133,0.002813188672686819,0.003050102225952727,0.0037031937745683197,0.0009423608271412673,0.015094700329054377,0.001677373458265257,0.0008352438992019493,0.1833129365269351,-16793530.028846394,8648.630730628967
134,0.002865715172648988,0.0030168881032371204,0.003869170902666361,0.0009106114022634352,0.015072614046659358,0.001643618161502825,0.0008176104564268346,0.1908373484855918,-16793469.01300975,8713.042343378067
135,0.0028301105862958576,0.0030527606750310275,0.003976228555201192,0.000922665636569858,0.01516130488405908,0.0016718499456950617,0.0007946838634375021,0.17742988511515428,-16793489.852762654,8777.45397400856
136,0.0029266373904745123,0.0028790934646151494,0.0039505389759611756,0.0009764785881229345,0.01504108352371011,0.001533623602435,0.0007664394767454541,0.21216851807287762,-16793485.39222584,8842.047201395035
137,0.002884161254060943,0.0030428566959446682,0.0038821978026718582,0.00092585492510212,0.014875484504448425,0.0016506967879966797,0.0008207234263830914,0.18809588733619736,-16793471.16160127,8906.65118265152
138,0.002910745565605075,0.0030351783280055354,0.0037669048801561127,0.0008915872264253972,0.015089479895642119,0.0017224701604528518,0.0008591441807732419,0.17560608065510447,-16793446.73210984,8971.129572629929
139,0.0029546724895048336,0.0029271896960045467,0.004049760521025084,0.0009277404409815432,0.015049283875481264,0.0015800350693047068,0.000774904423898828,0.19957222860232254,-16793476.91504293,9035.76033115387
140,0.0029705583418577785,0.002986328919774734,0.0040697545201676295,0.0009158806849692475,0.015010576519272931,0.001607357182567232,0.0007886311666592176,0.19707165186792558,-16793444.99236823,9100.445098400116
141,0.0030414491357026356,0.002990389209188632,0.004226375817978627,0.0008993587500942916,0.014957573317256188,0.0015930117289192853,0.0007768494450223198,0.20132484963712327,-16793489.610782374,9165.050255298615
142,0.0029354616437083417,0.002948980713029646,0.003939081807613716,0.0009294256600908854,0.015079797179680691,0.0016332048837209472,0.0008220445147614206,0.19108726971005746,-16793383.402335867,9229.640713214874
143,0.0029605872504497336,0.002918615558490184,0.003946773404563991,0.0009283985898003947,0.01509969321243428,0.0016449914518409329,0.0008426911507438853,0.18910388398333433,-16793332.95734377,9294.701555967331
144,0.003023180653676511,0.0028723947809719784,0.0038791880784663883,0.0009396730625005282,0.014943094491888926,0.001564272062043329,0.000820113715947006,0.2116299254754519,-16793430.814273037,9359.819298028946
145,0.0029507896652983543,0.0030443873204770633,0.003887039933332709,0.0008766587295418501,0.015038818594282601,0.001710160520205473,0.0008617766624394419,0.17675664436837213,-16793382.508263767,9425.035229444504
146,0.0029217838602164127,0.0030255904952057955,0.003747138241345706,0.0009126264488233181,0.015028001922211778,0.0016962804160609573,0.0008750297749212214,0.18364903778043962,-16793395.853479624,9490.247121095657
147,0.003001700747199172,0.002905606945080955,0.0038809360693673935,0.0009112048456330409,0.015239930647685456,0.0016370146043850537,0.0008427873595714909,0.19401366665762543,-16793384.02292691,9555.486058473587
148,0.0030541432222486735,0.0029037552482494623,0.0038969042610481498,0.0009265967293141269,0.015084630255731049,0.0016424423415994662,0.0008521945553139115,0.1920662850512393,-16793343.268871758,9620.702436685562
149,0.0030449622434534857,0.0028526092535420284,0.004031670128781408,0.0009543732808743478,0.015066551996770521,0.0015435833879360928,0.0008089234246026716,0.2114126039807604,-16793368.367241617,9685.964636087418
150,0.003041839000812425,0.0029828510725079674,0.00394828563181023,0.0008685501542477414,0.014948442483925847,0.0016998298768063007,0.0008839909166422318,0.18514228143221612,-16793326.088221684,9750.96668601036
151,0.0030927147535748344,0.0030270410797919086,0.003979145683986288,0.0008164237620633761,0.014832972762816997,0.0017688970077827841,0.0009314633570096076,0.1758216004687887,-16793329.781223617,9816.150875329971
152,0.003029188318980913,0.0028901237488566244,0.003734729417011363,0.0009136397752145893,0.015101714381959685,0.0016772864826521696,0.0009082457233862476,0.18887193031443428,-16793326.689026915,9881.146413087845
153,0.0029780679234882807,0.0030084901296305415,0.0038891811933488493,0.0008833390758618243,0.015208851381861382,0.0017486252083282823,0.0008987961759582695,0.16862415791665353,-16793299.921483092,9946.250343799591
154,0.002955511558394165,0.003076537803959823,0.00389417775079008,0.0008551720825424724,0.01534172982684761,0.0018408017814707592,0.0009381374059639013,0.1471212741372543,-16793319.651381534,10011.577665805817
155,0.0030935357327663456,0.002851019324002912,0.004056741768470318,0.0009030638462986609,0.015169156316450928,0.0016297030523774855,0.0008498217172433161,0.19284882564571926,-16793353.51989551,10076.856789827347
156,0.0030365775921753803,0.002957355968858241,0.003966895365224361,0.000902450199655343,0.014939534008168616,0.0016871409760514972,0.0008838227220110029,0.18219298651555693,-16793289.81165901,10142.176807403564
157,0.0030540160146634854,0.002983230480746885,0.004009875013152845,0.0008980728766664939,0.014789335688410198,0.0017122041618847185,0.0009043404032307587,0.17628264644452263,-16793293.115912087,10207.610350131989
158,0.0031089356557954546,0.0027968177555574266,0.003980755359231958,0.0009434441832749071,0.015115824915042975,0.001608240174192584,0.0008703449340359424,0.20080909434160643,-16793304.234788276,10273.285079717636
159,0.003030756430725816,0.002974647947996311,0.003823396471395897,0.0008629973575425488,0.015100409742123167,0.001790981503026087,0.0009385535492310304,0.16350225731942963,-16793281.454161484,10338.735821962357
160,0.0030236535243619803,0.003035667295223452,0.0037192596427031415,0.0008173093958766496,0.01511733861479949,0.0019146805605710837,0.0010033686115452096,0.13954708398876425,-16793307.327271357,10404.315084695816
161,0.0029664881159028236,0.0030071450335337774,0.0037399885074383826,0.0009042901699292082,0.014980618778860824,0.001745181451246845,0.0009198382145873146,0.1747293935728984,-16793323.42335179,10470.134241342545
162,0.0029839668498340337,0.002980256555608306,0.0038605970764581084,0.0008751806470675123,0.015039141970363146,0.001758126939436709,0.0009343762913350698,0.17117771129779308,-16793252.883906048,10535.795279979706
163,0.0029488786636267137,0.0030185072092877288,0.0038424434841630873,0.000849472605944205,0.015016397827679197,0.00181596923835533,0.0009754671593456489,0.16073342442106997,-16793236.67099178,10601.265634536743
164,0.0030745956749272177,0.0029903691580669706,0.0037846454528420413,0.0008536472906171971,0.015003255167471145,0.0017983222758238414,0.000977073698055537,0.16704749747513203,-16793262.206613176,10666.662208795547
165,0.0030173464453826155,0.0030439223200031166,0.00400916844935234,0.0008534079840536546,0.014976619194323602,0.0017962861933055224,0.0009287261190804969,0.16182334293420647,-16793270.458139416,10732.307338237762
166,0.0029985726246936515,0.0029664628082255616,0.0038108329389389996,0.0008947120624719807,0.01513693526995688,0.0017978568782761966,0.0009641647264340789,0.15972325719192226,-16793224.850486845,10797.89526963234
167,0.002976939436634265,0.0029582686760843586,0.003742106592503385,0.0009077930165841005,0.015231181662972396,0.001846870379011145,0.0010042516313300024,0.14701374507177534,-16793223.15581197,10863.489999055862
168,0.003076536339786112,0.0029299497578373964,0.004019659584577097,0.0008598477584542369,0.0151673996960498,0.001777927535776727,0.000949420782674668,0.16320723292595918,-16793245.32270171,10929.165949344635
169,0.0029259889708911453,0.0031735600363837395,0.0037886187891198056,0.0007997946389033705,0.015045087255119355,0.0019572906532270237,0.0010186830253857213,0.12772706680333934,-16793332.943386275,10994.834043502808
170,0.003063198984569377,0.002891003325764005,0.003932721216703921,0.0009075317971820229,0.015098140500062071,0.0016955027939511938,0.0009074294568733872,0.18253858745703966,-16793252.839139424,11060.65089726448
171,0.0030781394684685935,0.0029325159613439906,0.0038910779608416837,0.000865947926646503,0.014924383067851116,0.0018036250154970534,0.0009923901036921739,0.16339061061338878,-16793219.52487387,11126.573596715927
172,0.00312817524095875,0.0028945288772007152,0.003892026344588101,0.0008572523520388423,0.014782148910845984,0.0018311249190814385,0.0010391870675591263,0.1607738369617564,-16793251.10943211,11192.476981163025
173,0.0030300202688547974,0.0029774401202377274,0.0037944094378705023,0.0008377112346007738,0.015189912706464508,0.0018942302576352276,0.0010345054030597334,0.1451211880389433,-16793225.879714478,11258.251775026321
174,0.003035657389836607,0.0029608461841600115,0.0039306615733176176,0.0008708425459781244,0.01505141271359529,0.001816201919312923,0.0010037625392968815,0.15921664991494905,-16793180.98041754,11324.146173238754
175,0.003038107869392003,0.0029539453022418612,0.0039842941242784775,0.0008747651401959122,0.015026914199331352,0.0018288121274563406,0.001036367034329807,0.15707384621270876,-16793167.786962405,11389.938092708588
176,0.0030542577311821546,0.002869077557712893,0.0037386710140927086,0.0008857712085025835,0.015187777012646796,0.001819028712571192,0.0010405001982597424,0.1597081901197978,-16793205.33043659,11456.15146279335
177,0.0029919240157012866,0.0028923078195605195,0.003951700400915673,0.0008935628814103873,0.015207271500793165,0.0018221692392397112,0.001008009244335754,0.15264920874003862,-16793175.565863762,11522.173123598099
178,0.002985501963842105,0.002991999775312614,0.0038083694331067335,0.0008361861459026526,0.015139668918385009,0.0019566553324344886,0.0011027984323834952,0.12968577407888082,-16793215.376983523,11588.039339065552
179,0.0029494060146393677,0.0029685658476080274,0.0036686085273659654,0.0008779547814925428,0.015063477027981088,0.0019189125397733955,0.0010991515190094214,0.14063676389819169,-16793209.628666945,11653.7330930233
180,0.0030771955285519292,0.0028675230557377697,0.0038023658885806945,0.0008954504778896592,0.01522624869642716,0.0019066066625493083,0.0011040262322543838,0.13808640727236132,-16793222.671764944,11719.56756401062
181,0.0030078477382481286,0.0028811108786627815,0.0038523890475508273,0.0009216466600553115,0.015061817815132512,0.001831439744497931,0.001062368195838962,0.15193994846284248,-16793145.06779434,11785.361928224564
182,0.002996761472944795,0.002832946257875309,0.003881378852390989,0.0009636143727825806,0.014997770369466513,0.0018000444879292827,0.0010762995922285763,0.15534932867479206,-16793129.32911767,11851.00983119011
183,0.0030658840795462937,0.0028689517182638874,0.003939509957889846,0.000865520217121605,0.014962196035248152,0.0018670931503515478,0.0011106339577933362,0.15213128733076464,-16793189.41910831,11916.887602806091
184,0.0029628001253772206,0.002960054504242006,0.003913536679139825,0.0008703801906240329,0.014901115836498634,0.0017974784887639442,0.0010125112882536928,0.16456984514477946,-16793174.795611966,11982.398784637451
185,0.002933021349687713,0.0029019462343602897,0.0038304392864533703,0.0009009908078615714,0.01519716465723656,0.0018989235041329219,0.0011291777129562824,0.1395604504365997,-16793169.87377128,12048.16993188858
186,0.0030125387007756037,0.0028199490351535853,0.00391866527752498,0.0009469537540951513,0.014996252741415556,0.0017314602301200955,0.001025364204408158,0.17573395606053732,-16793121.550639834,12114.061465740204
187,0.0030260570692423536,0.0027339236650740714,0.003973813199734104,0.0010023375581914005,0.014924544652930832,0.0016188626789628985,0.000986647090420489,0.19875804705136557,-16793133.741553027,12179.935286045074
188,0.0030644178215124005,0.0028062287597445607,0.004120940370805502,0.0009224348616559133,0.015055638560178095,0.0017223399453678635,0.0010105642891319153,0.17355726428181295,-16793183.267269798,12245.894835472107
189,0.002962106127552175,0.0028900048501476114,0.004146445223256957,0.0009237843479342049,0.01489830396239521,0.001798051580769235,0.0010617316325996376,0.15794810660071062,-16793177.73082379,12312.018109798431
190,0.0029245352911895063,0.0028953939725675478,0.003997340095801598,0.0009586013720183334,0.015107911921580619,0.001732726750593301,0.0009793722917676192,0.16697921420723028,-16793119.757838856,12378.365862607956
191,0.0028538608970111127,0.0029086150997193784,0.0040262551647574744,0.0010051419494666977,0.015180769864746854,0.0016655435507141776,0.0009137414587547608,0.1744031776454631,-16793148.320315354,12444.575434446335
192,0.002891030916642676,0.0029804082342926213,0.0037850096141349666,0.00091072835507463,0.015027537737001308,0.0018800766568833449,0.0010716439610879663,0.14390872473753624,-16793161.46389418,12510.823026180267
193,0.002975573807875526,0.002919232989925823,0.0036691458594030127,0.0009061148705814448,0.015217180778435715,0.0018248712905105007,0.0010229546997423263,0.156008036952845,-16793225.684138425,12577.569551467896
194,0.0029654730476330127,0.002897311885092164,0.004027120382293471,0.0009193669785960148,0.014978023166405337,0.0018047565082045514,0.0010520373993853098,0.15746308918874422,-16793136.424232274,12643.895193576813
195,0.0029391431777093463,0.0029181810368958264,0.003882745677088746,0.0009427873614016693,0.014850901156440804,0.0017964004492812347,0.0010876841267685987,0.1625104049256934,-16793128.203548137,12710.40706562996
196,0.0029623528311164436,0.002839965985377795,0.003913211648351825,0.0009840718448824329,0.015144503150720877,0.0018208216898863232,0.0011019752924793865,0.15007490846618105,-16793138.403591327,12776.647324323654
197,0.002999464477163133,0.0028825791930138867,0.004017002131512894,0.0009742314869001095,0.014835288953354033,0.0016998512209556965,0.0009785082626575735,0.17771291768175612,-16793140.59050923,12842.92846083641
198,0.002884717109401627,0.0028127385978253218,0.00387132429549639,0.0010253237412418182,0.01495763309976491,0.0017377223710071167,0.0010568542483659904,0.16535928977290898,-16793083.833220597,12908.974825382233
199,0.002808021729406439,0.0027421352456170524,0.0038148393811053456,0.0011006030417647712,0.014922992549981688,0.0016921774927825045,0.001067097855384082,0.1695020115530091,-16793086.133403987,12973.671914100647
200,0.0030302156103406905,0.002744358256657738,0.004092187475980257,0.0010180093729048973,0.014939533402785858,0.0016508692701110554,0.001017879893427337,0.1838870525069246,-16793138.41402612,13038.51267838478
201,0.002929469833114623,0.002807632063847436,0.00387899129471917,0.0009654507125806148,0.01515784329879109,0.0018188492183275435,0.0011208584995501705,0.15162639326899685,-16793133.88129149,13103.084378004074
202,0.0028735322556305487,0.0029616714520010077,0.0037505069049365352,0.0009085331614947564,0.015108176323360568,0.0019098261562263067,0.0011072315203111151,0.13738709363434637,-16793171.234724384,13167.71482181549
203,0.0029910447716631552,0.0027986865554935556,0.004006767333219327,0.000990640320052362,0.014981694132929536,0.0017156084916398681,0.0010402178001482816,0.17226206278878003,-16793108.974526998,13232.471650362015
204,0.0029485680199914733,0.0028557438658098917,0.003952871653781843,0.0009441128083097032,0.014862504320977719,0.001713570436889425,0.0010076967481762894,0.1767460262557397,-16793127.531244714,13297.374980211258
205,0.0029412215465645193,0.0027880059612749543,0.0038204007377122913,0.0010150041320245435,0.015000104593936352,0.0017068391007424154,0.0010465494784681108,0.17417857979992543,-16793096.55568827,13362.085981845856
206,0.0029801626894453825,0.0028727792568765615,0.003953882186034871,0.0009813087529009258,0.014780849785336909,0.0016647438612231416,0.0009591511230327356,0.18565332235240495,-16793163.064648565,13426.86061167717
207,0.002942143047197313,0.0028239188621047174,0.0038977140175480954,0.0009694152226606926,0.015063594920427545,0.0017803228790514432,0.0010804316554208118,0.16013312553984888,-16793104.404577676,13491.685186386108
208,0.00289921644317834,0.0028452082139060406,0.003955578419652328,0.000984595305168488,0.014957378852401747,0.0016786181894019427,0.0010047430461523886,0.18312633616287394,-16793083.049705464,13556.702382087708
209,0.002850443928295112,0.002851339191921407,0.003992678203282998,0.0009950857713614415,0.014937183093869363,0.0016179050401382723,0.0009689647731142949,0.19701483990691482,-16793090.94324131,13621.53392982483
210,0.0029468530547810375,0.002741730229138077,0.003972419780595466,0.001015874302491104,0.01513086748941769,0.0016528166630801673,0.0009726232414583138,0.18111924272126773,-16793113.952574987,13686.486538887024
211,0.0029369994711963016,0.002775663991056058,0.003907180835605777,0.0010324892291284202,0.01518635511699077,0.0017204582320196624,0.0010438422433711294,0.16797692550760346,-16793097.848322876,13751.468378305435
212,0.0028541439830173454,0.0028003875606879827,0.003938516101382839,0.001051032152101289,0.015100132290446735,0.0016998179392638839,0.0010307942968800035,0.16704973806457235,-16793069.069782108,13816.672490119934
213,0.0027749466241382154,0.002790606823455182,0.0039484415133117685,0.001103071351104358,0.015152072064962323,0.0016839967938357785,0.0010335093431159265,0.16270762906658987,-16793072.129271027,13881.739956617355
214,0.0029245495655604026,0.0027011910203041285,0.0038451352845015312,0.0010624922291988458,0.014986528202498201,0.0016903242159583237,0.001089641710798638,0.17582211088221494,-16793102.35844681,13946.979052066803
215,0.0028966559296637138,0.002844719961525113,0.003838234475684179,0.0010168737804030108,0.014927487812931257,0.0017796111916909968,0.0011256453784430247,0.16035779940841427,-16793115.144035995,14012.154623508453
216,0.0029343037735017063,0.002767477662234836,0.003938873454367645,0.0010161241719690807,0.015080022570296081,0.0016845152952328748,0.0010108787757044915,0.17592888189305436,-16793088.498817585,14077.32547903061
217,0.002838278963241234,0.002779961411854954,0.003786913453347398,0.0010484787258209325,0.015101243278761046,0.0017090460640295478,0.0010507160636421093,0.17013168411697055,-16793082.46880577,14142.507270097733
218,0.0028612146667180553,0.0027437397426813516,0.003868266627968455,0.001089469699002662,0.015028754580846416,0.0016265124728624988,0.0010030733104249036,0.18476026101018217,-16793069.455119383,14207.746486902237
219,0.0028629744236443808,0.0028771047650762464,0.00392662819688175,0.0010031370599154624,0.015116377893362811,0.001700558200181662,0.0009722211549536438,0.17130581319980792,-16793100.082846895,14273.167745828629
220,0.002878368209123386,0.0028331263288832167,0.0039062549687866955,0.0010179758522363084,0.015083915470646659,0.0016979997041258277,0.0010015762939148923,0.17243488762040968,-16793079.394838855,14338.611581087112
221,0.002835866702490252,0.002816997378781107,0.0038643511790727334,0.00102951171576286,0.014890941067284218,0.0016648095521468644,0.001007454135017093,0.1802654891026209,-16793092.30845579,14404.091124773026
222,0.0028053059161034675,0.002811903262938749,0.00396211888730633,0.001050623708801316,0.015049900708675602,0.0016679212962752235,0.000994973064057357,0.17558556213597284,-16793064.834741835,14469.521646022797
223,0.0027373481008729408,0.0028238519137706464,0.0040329779621033485,0.0010684334971897023,0.015074798766045228,0.0016484623940416277,0.0009691848568519801,0.17628905330399652,-16793079.65253074,14534.864926576614
224,0.002903020563581038,0.002781638316472007,0.003942610373004287,0.0010413941233226134,0.015198804145675586,0.0017107287809028648,0.001030948139768441,0.16832867109161537,-16793089.228952922,14600.195582151413
225,0.002886232098308342,0.002790478082049282,0.003923045574521399,0.001038423521432675,0.015121838376077744,0.0016992489737138647,0.001025074638580604,0.17131287559436673,-16793073.368744988,14665.637692928314
226,0.0027925655737712426,0.0028369081379718895,0.003864131127747813,0.0010603565044822916,0.015020176594109131,0.0016947064574371015,0.0010310724648000707,0.17151127672650998,-16793065.166009232,14731.080728530884
227,0.0028191143539637257,0.0027976895874180455,0.003929881994681923,0.0010599151260196724,0.01515820193822636,0.0016307454032703562,0.000978651546247092,0.18361886558505558,-16793070.480563648,14796.610471487045
228,0.00278458949788336,0.0027533403147153275,0.003839203764283384,0.0011194735173057988,0.01520866195704568,0.0016778813883426332,0.0010242398734843696,0.16597495155063607,-16793083.407508235,14862.14537024498
229,0.0028705597068545948,0.002822241239108362,0.0039264847558100925,0.0010183148582028157,0.015020199628562731,0.0016784339891371153,0.001009617252985384,0.17883849000981447,-16793068.822353743,14927.815401554108
230,0.0028535971637238056,0.002829157073579766,0.004042761556203989,0.0010480491297488249,0.015044536618136806,0.0016398004949919201,0.0009679921533304679,0.18114630506975038,-16793074.087987907,14993.47744679451
231,0.0028073151564917583,0.0027749998427256404,0.003957546687619014,0.0010860703227115781,0.015052019713123728,0.0016362970526121636,0.0010087358879115784,0.18102095592864645,-16793051.3293592,15059.443702459335
232,0.0027717886301759434,0.002745936599646852,0.003983192547035172,0.0011201175579492132,0.015036071834362261,0.0016054457268553312,0.0010123156849099215,0.18531399008276478,-16793048.422082298,15125.23655629158
233,0.0028116340685043735,0.002758163979545864,0.003806147847909517,0.0010740141522491587,0.015089282369689944,0.0016859075697119238,0.0010534009113908661,0.1733514597325594,-16793071.549150433,15190.786298751831
234,0.0027603496264688447,0.0027887644454504925,0.003896639397939137,0.0010925374182694297,0.015003841610152054,0.001623123739989494,0.0010033999943432957,0.1836945352424912,-16793057.683252715,15256.605878829956
235,0.002822126545763931,0.0028287286644300674,0.004036160012058423,0.0010615776039580133,0.015015037426655383,0.0016207691865608273,0.0009625734922711412,0.18424171998178152,-16793070.282182038,15322.208560466766
236,0.0028153993082546307,0.002796962825810892,0.003938995369630141,0.001076092249672085,0.014910326730226221,0.0016734372988250128,0.0010333033439209275,0.17413002772846675,-16793064.970050327,15387.793936252594
237,0.0028107053070771,0.002757982289144076,0.003808426191646571,0.0010780584331622621,0.015027313567689906,0.0016965805436005882,0.0010670638608093247,0.17097925026841215,-16793073.525409352,15453.430797100067
238,0.002819271236092223,0.0028110420706085695,0.00397922655695546,0.0010656978112590755,0.015018106461914014,0.0016397220258207675,0.0009886960844056871,0.18092610255343916,-16793059.08077093,15519.140462875366
239,0.0027611313284665174,0.0028597967928745962,0.0040040595579832906,0.0010442233661817166,0.015010934383765771,0.0016941396455384832,0.001022969736150758,0.16950216962582576,-16793071.524522617,15584.93539071083
240,0.002836193832155171,0.0027727540052296627,0.003902214860472164,0.0010781581157974255,0.015024299531576255,0.001643419266031495,0.0010080474168563673,0.18094573816409307,-16793058.99389961,15650.728445768356
241,0.002763714474451684,0.002796240586003385,0.00392473477434124,0.0010894424040071241,0.014920598484447833,0.0016067345108290018,0.0009895620296897496,0.1906866925963157,-16793064.9257481,15716.795185089111
242,0.002720587442513707,0.002767886744306762,0.003936328624546771,0.0011399415843566746,0.014975630860303117,0.0016101935913787415,0.0010057252677604604,0.1818599912976989,-16793055.539640408,15782.693140745163
243,0.002780587042782675,0.0027359644970269517,0.004016731626808791,0.0011177962080457945,0.014964517461305208,0.0015727929065641653,0.000977933256685871,0.1917743832238006,-16793060.20176678,15848.892223358154
244,0.002749050241931298,0.0027606602269919633,0.003961301449221124,0.001112486452449428,0.015087915007957867,0.0015689009671110425,0.00096185985575625,0.1935667210956773,-16793063.149289947,15915.09037566185
245,0.0027970690176041483,0.002752487377046615,0.0039847037132299985,0.0011048973102249652,0.015119472384613763,0.0016261453691775634,0.0009986756265040527,0.17773006335266872,-16793059.572002098,15981.374269008636
246,0.0027534183513275344,0.0027219707286382172,0.003952965806745826,0.0011572844057866857,0.015007563079370533,0.0015545146019569263,0.0009941902327481194,0.19336731911718555,-16793052.218864113,16047.572261333466
247,0.0028107660528487637,0.0027635413899965676,0.003951699334212206,0.001106621150472888,0.014949460797941436,0.0016499383398325788,0.001035386035297194,0.17533630966285824,-16793059.69996154,16113.748603582382
248,0.002786774004513909,0.002795131343203983,0.0038800110834753933,0.0010985176304832947,0.015069094178753151,0.0016653327586965594,0.0010336758290204037,0.17301912914449932,-16793057.18225564,16180.055976629257
249,0.002750596982364107,0.002775451938536221,0.0039271213133877745,0.0011076668080588032,0.01511405918731985,0.0015920359301441409,0.0009757954988398833,0.18887790757585193,-16793060.39261889,16246.327996969223
250,0.0027957237852275995,0.002766519027131481,0.0039455548290060986,0.0011068825648693668,0.01499061039528604,0.0016354627374104693,0.0010204884011828664,0.17872170914110666,-16793052.573495205,16312.656121730804
251,0.002763957709514585,0.002790013864007391,0.0038843297133140074,0.0011098869619678266,0.014911832103315596,0.0016181582428573828,0.001017959101302728,0.18673206533315095,-16793061.00509897,16379.158606767654
252,0.0027887911905817575,0.002761868998786809,0.003959610213251001,0.0011061447231606805,0.015067562314289221,0.0016241485875975181,0.0010034964952037216,0.17998056384778927,-16793052.41860914,16445.51061797142
253,0.002734135479648894,0.0027191659024899946,0.003884902783662431,0.0011591981889091177,0.015025561989109149,0.0016006882266583664,0.001031638746100602,0.18329964145596805,-16793057.4473161,16511.80965781212
254,0.002691698295459376,0.0027440569421839844,0.003957586460943292,0.0011669979026486905,0.01501968453383013,0.0015863082266043568,0.0010181852459609803,0.18386848166828287,-16793055.87794425,16578.107010126114
255,0.0027503796683933357,0.002716869626146528,0.0039783986892273585,0.0011712337212715011,0.015044103186173847,0.0015973998743000735,0.0010265289813784731,0.18116317119633266,-16793057.86326003,16644.305297613144
256,0.0027578571369499677,0.0027707907406245014,0.003917079220761193,0.0011122114940199474,0.015013907004157502,0.0016166927735671388,0.00100918224110209,0.1830616942309516,-16793051.61211745,16710.75972390175
257,0.0027825242295385546,0.0027993743786406534,0.003998179412778755,0.0010928262769095204,0.01501946906097884,0.001623836524358394,0.0009926761033715388,0.1814985781766017,-16793053.594169144,16777.16196513176
258,0.0027288232609297006,0.002724469696785833,0.004032613195291632,0.0011520839969419,0.01496353059189126,0.0015488179337356596,0.0009803890890395207,0.193898952746096,-16793060.827406347,16843.653618335724
259,0.0027722863186178566,0.002777465931599446,0.003918161611429453,0.001111909222097946,0.015042703282037679,0.0016362040524563345,0.001020354144025183,0.1782390850448985,-16793050.855239857,16910.440952777863
260,0.002844045975773854,0.002783896345159696,0.003945181605445275,0.0010698315546388182,0.015018694923866172,0.0016403164222908563,0.0009964218966149949,0.18164225106646634,-16793059.28596201,16976.952140569687
261,0.0027297852155379956,0.0027540167929279123,0.003954485247068788,0.0011427063156462225,0.015019437131339141,0.0015998102755259817,0.001012744408624484,0.18331192401782875,-16793050.529336665,17043.257452726364
262,0.002817456271975595,0.002756599055192206,0.003970978597472299,0.0010975790557532208,0.01507370016515219,0.001613835228553282,0.0010106366600315208,0.1840137246170828,-16793051.29463491,17109.646543979645
263,0.002764252495560007,0.002714417589996202,0.0039023276054137024,0.0011458825579113005,0.015043419740519804,0.0015976919716223516,0.0010281759635854377,0.18500392434830032,-16793054.163366962,17176.21427512169
264,0.0027779562960439175,0.0027781351814795407,0.003974216460937492,0.0011060903471599654,0.01502545673086408,0.0016173003861743834,0.0010015510684250135,0.18237491471952635,-16793049.884520818,17242.878996133804
265,0.002746611067575042,0.0027501769800923896,0.0039621175971692076,0.0011316282155241035,0.015080989990107116,0.0015815251707612544,0.0009956293325846474,0.18869409477840024,-16793049.53850545,17309.499299049377
266,0.002742998631469205,0.002751904003763457,0.003948689058903856,0.0011387369303236458,0.015007394990058402,0.0015821834663651397,0.001010654447909024,0.18961362280437039,-16793047.172193985,17376.261464118958
267,0.002720102351912928,0.002746921506251781,0.003943228481730284,0.0011550330339051285,0.014977311327942996,0.0015612009057489502,0.0010142334242616755,0.19443015228266092,-16793049.703710187,17442.99007153511
268,0.0027757665407588464,0.002799285592693359,0.003954264278448539,0.0010829603788318804,0.01506735220264906,0.0016587346681077853,0.001024076764154852,0.17528844345677028,-16793053.115196064,17509.80118060112
269,0.0027590053986853626,0.0027412994446520027,0.0039532904246715045,0.0011387033990479844,0.015022510360190165,0.001580569618494641,0.0010016618655998026,0.18884760020208174,-16793048.770670485,17576.74819970131
270,0.0027716148205702614,0.002743092756713951,0.003999203665410751,0.0011346562668556278,0.015063159116870258,0.001587525707729448,0.0010072046619253095,0.1870405448357868,-16793049.554408204,17643.7899787426
271,0.002700555322693301,0.0027539078675266815,0.003952360555684256,0.001158558007897956,0.015000730693805087,0.0015838058725373462,0.0010048922434693257,0.18684521950433156,-16793053.23524025,17711.02422642708
272,0.0027882310346550214,0.002755926258275825,0.003966324087025288,0.0011128237937894046,0.015055457797315413,0.0016063278895492982,0.0010092005558909722,0.18472159833889498,-16793048.313786328,17778.97365140915
273,0.0027497114550603307,0.0027276560727885367,0.004017218160626061,0.0011444564844760956,0.015034916205739032,0.0015539680079075346,0.0009923863624421107,0.19424048740001504,-16793051.683535613,17846.616832971573
274,0.0027666426027284753,0.0027650134668967185,0.003942925748728605,0.0011200460376924834,0.015040756512963018,0.0016156450413191345,0.0010133621986294149,0.18223943563367762,-16793048.314144224,17914.15478873253
275,0.0028014269049378114,0.002753854379952272,0.003978004650401681,0.0011079943214393844,0.015063512201843536,0.0015943204762861758,0.0010001505453440425,0.18889952633104695,-16793048.260264616,17982.26957464218
276,0.0027591234766553624,0.002723665791018826,0.003959220483899024,0.0011450862834954962,0.015067006470063461,0.0015710853881657223,0.00101099375477327,0.19146768853222954,-16793048.324330732,18049.027784109116
277,0.0027623421161502943,0.002753851474360635,0.003924237484047834,0.001119127867959801,0.015030265922355584,0.0015967499867197263,0.0010062874344849643,0.18790884434007976,-16793048.788782638,18115.773651361465
278,0.002791278631289327,0.002747685874549258,0.003951853524009034,0.0011190308324002497,0.014999754032180844,0.0016065567276775379,0.0010205272893007056,0.18605898178788624,-16793048.201400284,18182.439643144608
279,0.0027827817114988327,0.0027424699803281685,0.003996637647120707,0.001131506921074664,0.015042850127388692,0.001593783596958519,0.001013429151104324,0.1863817665881583,-16793049.474609587,18248.911809444427
280,0.002767452014987429,0.0027510061008525185,0.003942337524816052,0.0011222226312385167,0.01503341197361386,0.0015960083892794246,0.0010080728636398043,0.1875270749020994,-16793047.305229414,18315.41016149521
281,0.0027882300830392812,0.0027574486740869287,0.003964846481533174,0.001107811198034114,0.015053331092910037,0.0016138236578798005,0.0010196574694994861,0.18511287940116072,-16793046.751256265,18381.8806347847
282,0.0028028424252162405,0.0027655232888043908,0.0039706245099640075,0.0010923650975271787,0.015068741459269973,0.0016304506775723804,0.0010286552714493277,0.18324551900070019,-16793048.612969223,18448.357885599136
283,0.0027795572147645345,0.0027556895377020985,0.003930357842794007,0.0011233204491541107,0.015044084433374887,0.0015910420322752267,0.0010108390963367584,0.1885962118500767,-16793046.335580364,18514.96835756302
284,0.00278344150705883,0.0027605660067297217,0.0039039404906734236,0.0011249218947565597,0.0150480907328812,0.0015838401849851743,0.001010100802050177,0.19023732273373262,-16793047.74063629,18581.474179029465
285,0.0027973308028124083,0.002785966283000944,0.0039471142456539,0.0010929102650224813,0.01500741928850154,0.001630391531992212,0.001012122361864282,0.18172464423007376,-16793049.845632747,18648.241873264313
286,0.002768675308194624,0.0027392409140143555,0.003956193924337744,0.0011320422788772425,0.015052109674672982,0.0015859119241223448,0.001011275906546023,0.1890319274566906,-16793046.766960453,18715.69849896431
287,0.002790319853105833,0.00273817546890246,0.003966726024726603,0.0011209495711216836,0.015036507536029475,0.0015783985995396024,0.0010092323449872893,0.19265102008437884,-16793046.019269228,18783.23721241951
288,0.0028021584782945124,0.00272475646990533,0.003978626162725603,0.0011214013378362839,0.015034383047562702,0.0015597753786498365,0.0010071674181662263,0.1978568123097295,-16793047.315875154,18850.222509860992
289,0.0027692536257919904,0.0027428249801800123,0.003943428170855251,0.0011302032593578323,0.015017068686355595,0.001580733428807015,0.0010134019349998112,0.19215121281553246,-16793045.22608883,18917.1106402874
290,0.0027597649213604754,0.0027362743411321055,0.003931980212770232,0.0011388929921420463,0.014997874130875687,0.0015679361984358734,0.001015502624554231,0.19586602005385118,-16793045.859041136,18984.134142637253
291,0.0027480144357227444,0.0027421395085605003,0.00392310348759225,0.0011405849661874643,0.014997403402955488,0.001589344080200347,0.001025764792960683,0.1887862064445019,-16793048.64550479,19050.959574460983
292,0.0027880737876340446,0.0027509256621043292,0.0039642793596993235,0.0011161419826264045,0.015046985002121524,0.0015930763772647187,0.0010065541072482027,0.1888711963594107,-16793046.420047686,19117.88452410698
293,0.0027573614984574084,0.0027491179608522816,0.003952361072907468,0.0011288262427831379,0.015072969315103346,0.0015737377412057799,0.001001894753490894,0.1923298046305437,-16793046.152750738,19184.64999270439
294,0.0027786654856268014,0.002745325699548962,0.003964382959123304,0.0011272853468310261,0.015049200709042702,0.001578718417585483,0.0010128046516145678,0.1920623939484416,-16793044.563214768,19251.533943653107
295,0.0027842722209464876,0.0027424854988971833,0.00397540567627693,0.0011298167046272806,0.015057095076757121,0.001570073431738512,0.0010151705456019496,0.1943300534716127,-16793044.534635823,19318.554141044617
296,0.0028134372665143464,0.002742073170421455,0.003964710579378769,0.0011085409913218058,0.015087642714272839,0.0015895158318431106,0.0010113520917685796,0.1911549537129812,-16793048.15613289,19385.56646990776
297,0.00276060829023049,0.0027494462954279564,0.0039526944390225836,0.0011311879455731858,0.015027456921112011,0.0015840165577346325,0.001010828858873913,0.18999895553152307,-16793045.589707535,19452.759167432785
298,0.0027857438352978923,0.0027572876055239567,0.003956330842616091,0.0011150220594421947,0.015036764841268018,0.0015853135324889766,0.0010106188712135531,0.19197840607936914,-16793043.642342173,19519.415417909622
299,0.0027942780988495274,0.0027663109512787573,0.003956399301755264,0.001106511949724671,0.015029092424565536,0.0015850143366722925,0.0010102903535473182,0.19345164539070842,-16793042.598749626,19584.644529104233
300,0.0027677010644057967,0.002741295414749341,0.003945566490476183,0.0011389283282079625,0.015029483755944841,0.0015501994684296444,0.000999895529272048,0.1979821456322859,-16793045.73979169,19649.93701696396
301,0.002762764179003972,0.0027454108648931937,0.003941455395004248,0.0011362941300110617,0.015031454535189184,0.0015602275218359577,0.0010113342470292924,0.19650156599225482,-16793043.801179722,19715.27203464508
302,0.0027670824929333414,0.0027380773210931974,0.0039781512999621255,0.0011323590836975934,0.015031197629389394,0.0015545582392156323,0.0010071730456138704,0.19875288903713334,-16793043.792392224,19780.76840686798
303,0.0027917084578594517,0.0027418887380032436,0.003962595626612329,0.00112773650029718,0.014991869826232443,0.001567067654787542,0.0010174369614904788,0.19662506735831367,-16793044.64009018,19847.69599556923
304,0.0027590972543994315,0.0027537595472282607,0.003947198075264627,0.0011373099042525081,0.015017172177857058,0.0015595740602657045,0.0010121505241198815,0.19729736372296225,-16793042.67231796,19914.76686692238
305,0.0027795650905978768,0.0027537556345011097,0.003968765505712157,0.001118926541177366,0.015021118063419745,0.001590116839334678,0.0010245510885470808,0.19179504269772435,-16793043.298176534,19981.89310193062
306,0.0027913970648650293,0.0027466820885907826,0.003965655323838151,0.0011236015727131873,0.01502156018382951,0.001557824820429701,0.0010170483163635079,0.20022725459003743,-16793041.447900385,20047.82443380356
307,0.002806791452182298,0.002745299985172195,0.003972135766245935,0.001119808386283188,0.015018611815188258,0.0015447289517772356,0.0010201580451083053,0.20534140411929458,-16793041.02077784,20112.90050983429
308,0.002792136185901106,0.002753922155086772,0.003982098490853153,0.0011219875406598798,0.015032334200794091,0.0015521068300998735,0.001016164267764733,0.2013725451319686,-16793040.920967456,20177.4655315876
309,0.0028035774659556645,0.0027594707425401526,0.0040014336508521035,0.0011178796813109035,0.015039966958013337,0.0015377935307463028,0.0010175454341471938,0.20598321129018665,-16793041.12240409,20241.953013658524
310,0.0027697882858440585,0.002757866751534424,0.00396780675115628,0.001123017059811207,0.015067649154557656,0.0015620323979474299,0.0010118110678426291,0.1980855600326011,-16793041.126858395,20306.314525604248
311,0.0027736035389814154,0.002761115303799796,0.003953096970211517,0.0011192369442770884,0.01500506242348311,0.001557016362548689,0.001013237614291328,0.2013194505595492,-16793040.127147257,20370.644953489304
312,0.0027682691979988797,0.002770430206251102,0.00394194261717881,0.0011139470641019925,0.014979046096846103,0.0015504878279537773,0.001012271148636017,0.20481414910351747,-16793040.69945356,20434.993052244186
313,0.002797821420918292,0.0027621160475304347,0.003989957645286016,0.0011084952224598142,0.015024104937124527,0.0015660594826294259,0.0010175497546794942,0.20035240918073066,-16793040.296334375,20499.367991685867
314,0.00280118783898516,0.0027754592729397395,0.003956213326659113,0.001106464303463837,0.0150225886698581,0.0015746040761032,0.001024305133361322,0.19850096617175145,-16793038.660149824,20564.091398239136
315,0.0028182405120110703,0.0027941502488630105,0.003945244340007606,0.001093516913346959,0.015018284190092455,0.0015846269945469843,0.0010328711772350481,0.19837500473906056,-16793038.299410496,20629.875919818878
316,0.0027983740966739225,0.002769879613122303,0.003959718829482943,0.0011135444390264625,0.015031959767495929,0.0015376730147872307,0.0010090071126001036,0.2071038030214945,-16793037.779299483,20696.08740592003
317,0.0028077785997119454,0.0027779416024328995,0.0039551954913683365,0.001110853387951011,0.015037380619534017,0.0015114511025135068,0.001001235124626615,0.21475818318337958,-16793037.62192785,20762.371428012848
318,0.002831012269200496,0.0027759212141963115,0.003983285613956401,0.0010885469468759465,0.015040957763477858,0.0015561850544181552,0.0010186788271539862,0.20596668686136088,-16793038.770565875,20828.790256500244
319,0.0028050149673381434,0.002765772375875203,0.003980805965516048,0.001114853650691602,0.015032003851497458,0.0015235374574480323,0.0010226361161282164,0.2129411655612779,-16793037.35188257,20894.124324560165
320,0.002810383401582451,0.002765503088173426,0.0039930092973964396,0.0011190245011750673,0.015033459564963422,0.0014927990178359024,0.0010288089974186654,0.22268592564656264,-16793039.552238725,20959.585592985153
321,0.002838311450717133,0.002776192981704732,0.003972648319704973,0.0010963076883251648,0.014984535795740292,0.0015368956610480457,0.0010238216639043025,0.2120211523015544,-16793038.827723008,21024.959043502808
322,0.0028091882840126023,0.0027964829972000936,0.003968447442980078,0.0010936411873636782,0.01502505413024769,0.0015522407845359426,0.0010163905913376254,0.2064352452604259,-16793035.495007124,21090.61527967453
323,0.0028103866999277544,0.0028220745032140424,0.0039666032813471495,0.0010805575879039232,0.015028275287777407,0.0015559967009152959,0.0010145068644522854,0.2069821658309916,-16793035.029828534,21156.01033449173
324,0.0028284061788004565,0.0028048989143173355,0.003954610915996359,0.0010811045447979973,0.015010317016387689,0.00154583537391716,0.001019970017853086,0.21180650942250764,-16793034.406380326,21221.480966329575
325,0.0028465411752501314,0.002830387293932618,0.0039408671285679625,0.0010606630468670561,0.014999308424184489,0.0015426996458258032,0.0010218728928972623,0.21702349156777717,-16793034.528949257,21286.90265440941
326,0.0028303671332538115,0.0028074007385703974,0.003937915079241083,0.001087749193582609,0.015015099299873044,0.0015268266942095412,0.0010191895967317228,0.2156901704341898,-16793034.2661137,21352.4036693573
327,0.0028466399894215713,0.002830043084090378,0.003911893796218615,0.0010773761791440066,0.0150105964812473,0.001507210299999599,0.0010200095177578371,0.22335905106091936,-16793035.47671434,21417.856102466583
328,0.002868775913758787,0.0028199728409936866,0.003970980281572972,0.001069135534091715,0.015036651032611942,0.0015283223972054915,0.0010249897327299874,0.21831580902403142,-16793036.12879865,21483.414707183838
329,0.002811684117783483,0.0028158401279109895,0.003951011922546516,0.0010852717514852758,0.015070206469572677,0.0015462997827454966,0.0010146977003234344,0.20918777146264542,-16793034.593091175,21549.28084540367
330,0.0028141512614458675,0.0028260916238480793,0.003932306205442616,0.0010922136940868263,0.015021096678358818,0.0015245390714572218,0.0010188452553661128,0.2160475080531601,-16793033.41996853,21615.105614185333
