-1,0.0029999999999999996,0.0008807630100962405,0.013310090191944193,0.0012,0.00105,0.33333333333333337,-16781307.985643934,0
0,0.003030337024285763,0.0009688307383290762,0.010658962652745171,0.0013664636419899146,0.0009621566807943489,0.22769485099252507,-16785041.297008175,684.1028022766113
1,0.0031818538755000515,0.0009688307383290762,0.010658962652745171,0.0013664636419899146,0.0009621566807943489,0.22769485099252507,-16784761.230415322,1407.314270734787
2,0.003030337024285763,0.00101727227524553,0.010658962652745171,0.0013664636419899146,0.0009621566807943489,0.22769485099252507,-16784910.50133337,2152.0259881019592
3,0.003030337024285763,0.0009688307383290762,0.01119191078538243,0.0013664636419899146,0.0009621566807943489,0.22769485099252507,-16783354.3972739,2861.9686675071716
4,0.003030337024285763,0.0009688307383290762,0.010658962652745171,0.0014347868240894104,0.0009621566807943489,0.22769485099252507,-16785055.603298184,3552.410268306732
5,0.003030337024285763,0.0009688307383290762,0.010658962652745171,0.0013664636419899146,0.0010102645148340663,0.22769485099252507,-16784616.811315816,4247.896964550018
6,0.003030337024285763,0.0009688307383290762,0.010658962652745171,0.0013664636419899146,0.0009621566807943489,0.23907959354215133,-16785044.713779155,4953.3865847587585
7,0.003080842641357193,0.0009849779173012273,0.010836612030290928,0.0012981404598904189,0.0009781926254742545,0.23148976517573377,-16784150.913951978,5628.484601736069
8,0.0030976778470476695,0.0009903603102919445,0.010895828489472844,0.001343689247956749,0.0009835379403675562,0.21757507983730165,-16783890.93863374,6322.498570203781
9,0.003120124787968305,0.0009975368342795671,0.010974783768382068,0.0013360977832790274,0.0009906650268919587,0.22558656533518684,-16783558.34521549,7030.591459989548
10,0.003150054042529152,0.0009425168170411257,0.011080057473594366,0.0013259758303753985,0.0010001678089244957,0.22488380344940734,-16783258.30709119,7721.425862789154
11,0.003209912551650846,0.0009051390879389236,0.011290604884018965,0.0013057319245681404,0.0010191733729895689,0.2234782796778485,-16782601.012842253,8428.121448516846
12,0.0030078900833651286,0.0009697278038275289,0.011290604884018965,0.0013057319245681402,0.0010191733729895689,0.22347827967784856,-16782739.52041236,9123.662689208984
13,0.0031519246209392054,0.0009700268256603464,0.011501152294443564,0.0012854880187608824,0.000974035158335019,0.22207275590628972,-16782331.585715253,9853.61649441719
14,0.0032127184192659265,0.0009706248693259817,0.011922247115292758,0.001245000207146366,0.0009559204800854955,0.21926170836317205,-16781573.581311636,10593.409811973572
15,0.0031453775965040206,0.0009490952973631131,0.011685381278565082,0.0013360977832790268,0.0009986829992319115,0.21420182278556044,-16781863.1081179,11328.494263648987
16,0.003144442307298994,0.0009299579000627857,0.011889349082413916,0.0012880185069867897,0.0009983860372933947,0.22699208910674554,-16781516.005505804,12033.29909491539
17,0.0031678245374246556,0.0008997566949482064,0.012386109378884451,0.00126018313650181,0.0010058100857563142,0.2317005937414675,-16780833.86608472,12755.790013551712
18,0.003137895282863809,0.0008901879962980427,0.01228083567367215,0.0012703050894054383,0.0009963073037237776,0.22101861307762055,-16781004.49379595,13433.911133289337
19,0.003263535799405699,0.0008926798449048559,0.01242668361943503,0.0012078863798330593,0.0010361991907978634,0.21668491478198076,-16780726.901910275,14143.924428224564
20,0.003380135186965667,0.0008546043981927458,0.013044070036461328,0.001128597748754632,0.001073220445799621,0.21117994667670859,-16780529.237862382,14833.961916208267
21,0.003410064441526513,0.0008534083108614754,0.012912477904945947,0.001209573371983664,0.0009971981895393273,0.21680204176294393,-16780635.24211134,15531.415479898453
22,0.003274759269866017,0.0009007534343909312,0.01345310224525494,0.001177520521122172,0.0009898731283892468,0.21457662912464254,-16780467.352498285,16240.334273815155
23,0.003307182628973603,0.0008985606076169351,0.014534350925872928,0.0011134148193991875,0.0009752230060890857,0.21012580384803958,-16781301.361240596,16886.918312072754
24,0.0033824214494668427,0.0008406832706426815,0.013647566172938778,0.0010942955750256676,0.0010074268785326824,0.22397802146329132,-16780631.886304118,17610.31388449669
25,0.003371648303438575,0.000775839832452046,0.013985806688759771,0.0011351582737847616,0.0010673581971614942,0.22049024025238612,-16780878.578711588,18304.94124531746
26,0.0035243891133656135,0.0008181606508646526,0.014195541802076255,0.0010648044529854635,0.0010506550046691181,0.21855721126285943,-16781450.321257632,19008.380368709564
27,0.00323451874048926,0.0008721811599396953,0.012759512205773177,0.0012189299303004446,0.0010098942289601127,0.22040326262393029,-16780540.694090508,19727.008219480515
28,0.0032449262384744108,0.0009646225905398655,0.012081805959326432,0.0012278751541113684,0.0009604494551642738,0.2190565915452753,-16781309.795916036,20423.55751633644
29,0.003339967787197534,0.0008230355219740009,0.013509806506401437,0.0011583374938664132,0.0010406310116621892,0.2201318280756084,-16780532.131380286,21136.83096075058
30,0.0035061310877459563,0.0008151320037189703,0.014056068978374085,0.0010689017438491877,0.0010336045418714124,0.20398998283424086,-16781208.836526785,21856.5796957016
31,0.003252401175004981,0.0008786005221408974,0.01280359927875686,0.0012123627883386546,0.0010127586997850887,0.22477294101466083,-16780517.848664667,22563.74889063835
32,0.003211336761470255,0.0008698777915655085,0.013493407576916222,0.0011204413138189973,0.0010474032748369862,0.22154550123000338,-16780419.723828115,23274.663806676865
33,0.003111972921442126,0.0008781125319175251,0.013783872412901362,0.001075875284736664,0.0010725058174858157,0.2239172309635331,-16780524.715771116,23974.317528009415
34,0.0031819515241977288,0.0008923343387585781,0.01270693311024921,0.0012444343570414372,0.0010505000512783988,0.21355868145189333,-16780491.12245222,24681.234854221344
35,0.003312331827744801,0.0008675541757345252,0.013577460712240155,0.0011283014773469907,0.0010615679749570639,0.21485191323390868,-16780578.993231107,25406.841705799103
36,0.0032539720123031454,0.0008710244138884027,0.012963999332389921,0.0011962728170620811,0.0010228126654593505,0.21901542527642487,-16780445.250929136,26135.530423164368
37,0.0031782175227383974,0.0009326961110050207,0.012645230686941386,0.0012015390215129114,0.001024891743520708,0.21475121351583606,-16780556.466249086,26847.99036860466
38,0.0032995302210827495,0.0008504506692317558,0.013293662551536425,0.0011691378757780378,0.001036696194626819,0.21878667443566532,-16780445.104698926,27586.98699450493
39,0.003111181801009292,0.0008997426584659454,0.01319416466190653,0.0012447921422991614,0.0009801275589923423,0.22623867083438814,-16780386.25461215,28337.162854909897
40,0.0029767051080311045,0.0009223117886025451,0.01326921197462913,0.001302889339071426,0.0009335811155887028,0.2337680329132279,-16780472.958367348,29067.79540014267
41,0.003191842688304748,0.0008827939132928101,0.013564823880660888,0.0011718368873686407,0.0010297122580759594,0.21313425310301165,-16780429.98932948,29797.472716331482
42,0.003265589393814341,0.0008658799548532064,0.013947453639305767,0.0011155661621082597,0.0009850416421818358,0.22420703654948526,-16780640.35376399,30524.4976439476
43,0.003202860991601882,0.0008857207427822352,0.013017063242513349,0.0012122173083081427,0.001034135449004258,0.21622077022629133,-16780398.147408444,31263.283711194992
44,0.00314881555539134,0.0008524499620179546,0.013055938170052843,0.0011940455937561817,0.0010604226719426583,0.223737135910619,-16780354.941397503,31998.660511016846
45,0.003085843698154001,0.0008282982258314663,0.012857356132451793,0.0012023081300731866,0.0010956974437193638,0.22831738930360723,-16780392.622029684,32690.246427297592
46,0.0031345506606502774,0.0008759874985636673,0.013575687362138829,0.0011745508900476392,0.0010400198037003243,0.22087224330356803,-16780399.856243476,33407.65062737465
47,0.0030339992650598472,0.0009050735196642847,0.013340032413193124,0.0012034901694215497,0.001027244144224024,0.2217961837669619,-16780346.475854773,34146.723692178726
48,0.0029012337870483965,0.0009323849448805491,0.013363217344021475,0.0012206663162433059,0.0010225181190226264,0.22330093843261017,-16780409.601712186,34903.07748365402
49,0.0030890723234228827,0.0008801568110603883,0.012993940594912743,0.0012113422518485835,0.0010334053761575715,0.23033591532093228,-16780389.308931034,35641.76925778389
50,0.0030288234375749185,0.0008964992726193169,0.012898867904656247,0.0012930381380747557,0.001011048393170073,0.2248548052242501,-16780484.869506847,36345.68395328522
51,0.0031657084304964208,0.0008765331618289606,0.013344772658851228,0.001163590519882937,0.0010383145544202578,0.22237282722856505,-16780358.84369455,37094.99528336525
52,0.003115995461676943,0.0008905714533762557,0.012739616551671114,0.0012352751051245463,0.0010178634478800463,0.22602825779235125,-16780526.381253965,37839.40270900726
53,0.003129911860906944,0.0008796334872668145,0.0133666696595219,0.001189731943816866,0.0010344807147452547,0.22216124692576383,-16780350.01980908,38569.12567329407
54,0.0030233687538270275,0.0008788091239858805,0.013414776143632769,0.0011901135653669503,0.001023862891156445,0.23265988976945207,-16780358.933742303,39264.96421003342
55,0.0031152562321407414,0.0008839238266828918,0.01357817730747339,0.001183912392999299,0.0010214121356694225,0.21931940282431772,-16780388.75025897,40002.49315929413
56,0.0031087102549612767,0.0008829820727772659,0.01343211812933323,0.00119076985771162,0.0010244104457914596,0.22207353094847135,-16780354.685684804,40697.33546257019
57,0.0030923229058716604,0.0008587511173811084,0.013457271062955169,0.0011324550743528738,0.001089450915101024,0.22202826734888959,-16780371.798142362,41426.65543413162
58,0.0030970376296560686,0.0008689990026523176,0.01339149446269301,0.0011605393413394456,0.0010621200760738538,0.2230808682202642,-16780347.5654537,42153.31962347031
59,0.0032046922449969375,0.0008764146114166522,0.013228899020915678,0.0011772755766092497,0.0010584679779093915,0.21241404123076307,-16780373.140417926,42864.729281425476
60,0.003068699626619505,0.0008782104958435734,0.013368306862953497,0.0011869040681775252,0.0010325141628446818,0.22759842763477983,-16780344.292830285,43595.87180685997
61,0.0030300163003685724,0.0008792496849117762,0.01330674724039797,0.001211569804858126,0.0010420828507870525,0.22444297057372165,-16780348.34098984,44344.72459959984
62,0.003007309423799398,0.0009122661256873897,0.013679184752644732,0.001186956134685529,0.0010138614595461169,0.2233139401127019,-16780409.728135005,45079.467421770096
63,0.0031134390224933544,0.0008674040029353133,0.013211749815700814,0.0011922732289885185,0.0010487823688435228,0.22363133696113974,-16780339.194792382,45808.62352132797
64,0.0030489909800734873,0.0008765413249807609,0.013229548688820215,0.001190732994489057,0.0010579976600480034,0.22549681374573902,-16780338.014720406,46506.18885445595
65,0.0030191313426295927,0.0008733209510825085,0.013128263968563706,0.0011907145628777755,0.0010747912671762753,0.22720845514437288,-16780348.52600361,47276.024696588516
66,0.0030008157471833347,0.000878859189729194,0.013249290168397647,0.0011921045919412077,0.0010557663728617914,0.22652095337510492,-16780355.65084209,47991.674820661545
67,0.0030976378324760415,0.0008794399128824093,0.013337324786740837,0.0011903251058479514,0.0010398021292743888,0.2232511735380991,-16780341.18314203,48736.78835272789
68,0.003123251818424195,0.0008793064014077768,0.013319405102969199,0.001163185164563223,0.0010474039963157722,0.2238419640486063,-16780341.87955639,49479.57026100159
69,0.0030649685520594085,0.0008929928832523887,0.013210628094099553,0.001215097569156496,0.0010224614111096107,0.22545776501151107,-16780351.944557033,50242.87115693092
70,0.0030890203602569038,0.0008749974728023353,0.013346277870544645,0.0011741788982937082,0.001052205409832793,0.22367509241807593,-16780339.99679075,50990.11427760124
71,0.0031463472817213145,0.0008468930172864383,0.013264171962716613,0.0011623763173651115,0.00106565776482903,0.22736875234851803,-16780339.257157274,51715.19220662117
72,0.00313752947186226,0.0008633168815881044,0.013201185879543945,0.0011707865016716648,0.0010714356135364885,0.22148995005194616,-16780335.963591285,52443.55087327957
73,0.003171944394483638,0.0008558700744603701,0.013117625387839171,0.0011627277184187348,0.0010908963388823918,0.2184357112605293,-16780342.757396474,53174.670249938965
74,0.003087736497870259,0.0008568911360840105,0.013210681231719822,0.001197039184322114,0.00106455631913897,0.22446240897256636,-16780335.271683726,53879.044093608856
75,0.0030699788375932917,0.0008456835034221274,0.013156319296095134,0.0012139661942015597,0.001073132480550569,0.2247726314345464,-16780341.72235851,54633.870675086975
76,0.003110050038949817,0.0008492413656765784,0.013150547029607846,0.00117213726919544,0.0010804095828018806,0.22545694462789595,-16780331.14985933,55368.70067477226
77,0.0031162561421867047,0.0008341420920736629,0.013057158151041352,0.0011630433508691843,0.0011007133095656263,0.22655983017279435,-16780332.083954338,56109.46299314499
78,0.003125677404066594,0.0008450984367147334,0.013076350332158445,0.0011876029337169265,0.0010774076932331723,0.2256269764845258,-16780340.322777025,56862.88833928108
79,0.0030981846212093265,0.0008675227137804348,0.013278795985948095,0.0011775349071495127,0.0010585059806828877,0.2241630634346884,-16780335.001191445,57592.36636376381
80,0.0030522962624315204,0.0008800794577286292,0.013163330914396965,0.0012044583779069905,0.0010615714101882216,0.2208647535828072,-16780340.339208085,58345.29137349129
81,0.0031228345268988662,0.000855189627396986,0.013238961700636702,0.0011728968325005812,0.0010646361761688279,0.22574275265709032,-16780334.694208365,59092.20011472702
82,0.0030883363564613185,0.0008554970135669781,0.013224823689724725,0.0011681026674542714,0.0010837314086154966,0.2253059742021689,-16780329.198973123,59797.10896086693
83,0.0030757850234453005,0.0008495435188828105,0.013231360626736681,0.001156017386687148,0.0011012059285014832,0.22614329282268353,-16780328.97378687,60537.34186029434
84,0.00316171574667179,0.0008373604228222141,0.013207628795910814,0.0011580710326864296,0.0010889188735621756,0.2236559904432178,-16780339.056670856,61250.36190342903
85,0.0030771721717230633,0.0008667460994411242,0.013224068715592865,0.0011825675040384002,0.0010657279634265465,0.2250366079201087,-16780332.784030717,61976.225969552994
86,0.0030530581548366175,0.0008517279388325436,0.013243619217203392,0.0011819445262927337,0.0010735783700370435,0.2288450734263982,-16780337.66558478,62722.32525253296
87,0.0031164116426058495,0.0008604196458992142,0.013211794213958808,0.001173576007826932,0.0010719713026616272,0.22332873089555916,-16780332.21320485,63428.41866970062
88,0.0031124095104071484,0.0008593298542750389,0.01323449485910718,0.0011478707848105573,0.001082929325608781,0.22549472181344227,-16780330.069641575,64114.81276631355
89,0.003106703016800689,0.0008459673234101491,0.013151613062598598,0.0011574870212035068,0.001097120779040161,0.22623795347757164,-16780326.077894866,64831.92103719711
90,0.0031109622145963703,0.0008351896282250064,0.013088021600923847,0.0011474630782305041,0.0011164281782187974,0.22727539849901324,-16780323.77168163,65529.451076984406
91,0.0030780956736769843,0.0008516337434029382,0.01314113398133904,0.0011536471777624127,0.0011082545842375443,0.22516914620247735,-16780324.630946014,66265.07601332664
92,0.003124065862837427,0.0008350398193460716,0.013128382054964936,0.001134336397465931,0.001121338337250158,0.22591947036691512,-16780324.28817352,66949.72144508362
93,0.003087377798698499,0.0008329063307036001,0.013112852503601034,0.0011302480235570657,0.0011315506762112544,0.22849092721525,-16780322.18823105,67674.24791169167
94,0.0030728608767448236,0.0008191496731057932,0.013063381648422148,0.0011085840314221328,0.0011613403629860677,0.2310720253750954,-16780323.103622694,68380.83322811127
95,0.003086181988937426,0.0008386395992685768,0.01316153484594973,0.0011177236803090996,0.001140159427207459,0.2273740410120313,-16780325.02249832,69118.41275668144
96,0.0030750800103235203,0.0008216543590012958,0.013053267012064575,0.001131941129860163,0.0011567163849334513,0.227962703559348,-16780323.026276223,69813.77107214928
97,0.0031114694929114412,0.0008221443077663525,0.012997036706211041,0.0011157691090412443,0.0011569432675180712,0.22792060279566145,-16780320.083025817,70505.61330485344
98,0.0031293117276445116,0.0008084447022081234,0.01287987474594822,0.0010956449702182926,0.0011848119370263654,0.22880925778215044,-16780323.114087354,71264.0577943325
99,0.003109501695410655,0.0008275497968798448,0.013012029773751755,0.001153411291663341,0.0011235843822489664,0.2268720418675238,-16780328.315821122,72015.99699425697
100,0.003092011915555733,0.0008358671486713938,0.013124158577900235,0.0011266455831476598,0.0011360156659678358,0.22724854122590443,-16780321.99198804,72712.5192451477
101,0.0031222267579640132,0.000809300121168302,0.013026772170549518,0.0011084872626717767,0.0011647429191289783,0.2297700683515534,-16780320.269584745,73436.9121901989
102,0.0030756435338457648,0.0008173141458325784,0.013005654135451815,0.0011191816647035404,0.0011661273600759713,0.2303032768486617,-16780322.63246153,74129.97310066223
103,0.003076974288503287,0.0008112058428228343,0.013018558767668893,0.001096627846096646,0.001187603913059723,0.2299566414997798,-16780323.220914226,74856.49298357964
104,0.0030854712700265578,0.0008172017891733773,0.01303592447598263,0.0011093366541301106,0.0011698099793494916,0.22928633074958815,-16780321.107696407,75574.23887515068
105,0.003116320246010483,0.0008232569221039056,0.013047532511167512,0.001104614969223636,0.0011516802378170824,0.2297105455028584,-16780319.514306433,76293.91888570786
106,0.0031369403638539647,0.0008240582036552104,0.013044665260718978,0.0010909518889053726,0.0011491621642588977,0.23058446647461361,-16780320.94219761,76983.98668313026
107,0.0031293156265431443,0.000829578060696399,0.013109104846352176,0.0011125188692202906,0.001137453555254933,0.2271723950982769,-16780323.54839664,77701.09951758385
108,0.0030890615570201094,0.0008203801245485335,0.013031516813176904,0.001117515965832728,0.0011589589088707116,0.2295205564110655,-16780320.527605806,78429.45219182968
109,0.003118142614464281,0.000809810473773688,0.012974794581394916,0.0010972084911253191,0.0011811663166728026,0.22932795446362708,-16780319.359357633,79166.94062447548
110,0.0031335250223471717,0.0007982625453087319,0.01290576562029186,0.001080688724909446,0.0012059741369035764,0.22974646808781563,-16780320.921639435,79882.09465193748
111,0.0031222187305765614,0.0007981640975066592,0.012913700508260604,0.001090998567527278,0.0011917515438178766,0.23126347819888027,-16780320.638409432,80582.51356124878
112,0.0031410085296224048,0.0008104835597824362,0.012961193287604198,0.00110219480101055,0.0011652710852590158,0.22988473782496055,-16780321.69424636,81263.99495840073
113,0.0030993555849255193,0.000815522231825642,0.013017241678888023,0.0011075511908502204,0.0011686752558268728,0.22943593251843125,-16780319.737383295,81953.66778349876
114,0.003096640020522054,0.0008353072962221485,0.013117930978868705,0.0011260504287210304,0.00113563742479363,0.22729840848218547,-16780321.611897312,82644.75325989723
115,0.003115824053062935,0.0008074498971855315,0.012964758125912629,0.0010997615328257162,0.001177723014061815,0.23027221076970655,-16780319.59360173,83363.01805758476
116,0.003138718026092782,0.0008087811933926068,0.012977861778197639,0.0010936148860799097,0.0011746847614711627,0.2292918817228805,-16780320.82107251,84096.12765622139
117,0.0031014756742882774,0.0008174803917595519,0.013018103054432087,0.0011115406958945233,0.0011628903720208245,0.22946338773901925,-16780319.620362487,84794.59000205994
118,0.003098635797256965,0.0008225879536365886,0.01297971671545255,0.0011036614003151098,0.0011682832355101775,0.22894014291154796,-16780319.30518377,85501.84824681282
119,0.0030868403169034414,0.000829231869870732,0.012956188987904065,0.0011012484691367763,0.0011700533937007772,0.22852518019154522,-16780320.32762796,86216.54612112045
120,0.0031051151637580456,0.0008098916489952834,0.013003678849538194,0.0010923436510369305,0.0011798628764517869,0.23112945517273542,-16780319.362605147,86917.34974813461
121,0.0031191489313548105,0.000814636863992541,0.012978952933744606,0.001095492389290191,0.0011718600950179564,0.23017863300140035,-16780318.947271276,87635.11515212059
122,0.0031290456045694557,0.0008141941800759904,0.0129598085611729,0.0010894629885101763,0.0011734525146134983,0.2305499832428849,-16780319.390948065,88346.93502521515
123,0.0031229199276808957,0.0008117308614696275,0.012965041517971385,0.0010861534487111107,0.0011806348864897157,0.23038959286827265,-16780318.99249329,89082.4846637249
124,0.0031109368404455585,0.0008231883441383465,0.013018480910510425,0.001093396583741716,0.0011667728685913585,0.22961989720377407,-16780318.696646243,89784.17302799225
125,0.00310849323413687,0.0008310575676147541,0.013045342302809324,0.001090214109199716,0.0011612977958561305,0.22929374042080786,-16780319.124801964,90510.75338482857
126,0.0031086461789763694,0.0008073584598981195,0.012926022658369844,0.0010848036855164896,0.00119784652176085,0.23015134637092738,-16780319.46658157,91250.2173936367
127,0.0031105646957348973,0.0008113330754495661,0.012956400121569261,0.0010897565064432763,0.001186304950774908,0.23004114615391014,-16780318.94728086,91983.79692959785
128,0.0031216677718877575,0.0008212042084915023,0.012954116744009519,0.0010962126221719768,0.0011718112412338524,0.22836966702810874,-16780319.562645502,92678.32688593864
129,0.003109253315790474,0.0008127197888693381,0.012991288323156026,0.001093310893820692,0.0011778499676473033,0.23043950813657876,-16780318.901168615,93386.07491660118
130,0.0031056772216235856,0.0008222551554116478,0.012988498926073164,0.0010900485829820462,0.0011694023513376703,0.23054168562820093,-16780318.342556305,94105.33295941353
131,0.0030994445252032375,0.0008284774962306275,0.012995351098412287,0.0010864686289104096,0.0011635203686701043,0.23114855121048783,-16780318.285088446,94814.58544301987
132,0.0031254536148129924,0.000811440856413427,0.012988788253002113,0.001077864749990689,0.001180697810220271,0.23166563327992662,-16780319.045839146,95498.34336042404
133,0.003118749160423986,0.0008142276307192174,0.012986520368614722,0.0010843139125717941,0.0011775941665427476,0.23098426068783195,-16780318.631870594,96179.74064660072
134,0.0030997792286367593,0.0008231302049969179,0.01301062306736439,0.0010947595228815825,0.0011673325859250772,0.23041440592972173,-16780318.512539886,96872.91750597954
135,0.0031085393048833785,0.0008274603675327637,0.013037338779031557,0.001092824137295519,0.0011553384000232746,0.23088727256935476,-16780318.500140633,97576.76887083054
136,0.0030964185271063205,0.0008284310801698624,0.013034247915285199,0.0010861988371170465,0.0011642760241153322,0.23098599891118266,-16780318.63933215,98274.77467775345
137,0.003102035879775939,0.0008355852523932402,0.013036232389916837,0.001086009647018664,0.001153761503641995,0.2309072873675389,-16780318.244839195,98982.77792930603
138,0.003098427161768672,0.0008470179841551912,0.013058704423297242,0.0010823590236176501,0.0011417172716393408,0.23114117698301895,-16780318.737000864,99705.21545815468
139,0.0030973853682309815,0.0008292489998758633,0.013014956962364573,0.001083461644856623,0.0011605014810481518,0.23215602835493188,-16780318.14863795,100441.10538697243
140,0.003090609632123693,0.0008322793277446216,0.013013194988291645,0.0010784941754140766,0.0011573657872765482,0.23342409393051078,-16780318.496740174,101163.34515237808
141,0.0031122259619451075,0.0008242789037463476,0.012992759639949591,0.0010897469940611508,0.0011617401445017848,0.23117993646210638,-16780318.366448,101889.89333605766
142,0.003087720929134482,0.0008418327775393693,0.013042566943731694,0.0010934429457695222,0.0011431373280607147,0.23124689994354852,-16780319.137751546,102567.41452622414
143,0.00311099210260161,0.0008211289174242553,0.013000532012393965,0.001086596170871226,0.0011689799569222395,0.2310499205017611,-16780318.21828829,103284.9836704731
144,0.003110428485576658,0.0008322631074041147,0.013015100559991877,0.0010802762181229483,0.0011539480323441063,0.23202859289233851,-16780318.16658071,104013.15090966225
145,0.0031022981362277997,0.0008295338581587194,0.01298097210864482,0.0010780289639848218,0.001165478762352853,0.23193616636036674,-16780318.107087396,104723.21840786934
146,0.00309917755190001,0.0008305706034716972,0.012952788773451449,0.0010706313773294735,0.001170548943517642,0.23246061325587275,-16780318.623614743,105446.66353654861
147,0.0030953022039269668,0.0008344669734159261,0.013021622070625195,0.0010772000971937463,0.0011603232238246988,0.23189557910036862,-16780318.182001233,106154.19768977165
148,0.0031067028669100813,0.0008322648733267454,0.013027787602900139,0.0010773889517722668,0.00115747728470791,0.23217597364861403,-16780318.00873581,106865.92580866814
149,0.0031103320377635028,0.0008341585618748043,0.013044005855144064,0.0010728491132031954,0.0011544557427268128,0.23268968486767716,-16780318.330199316,107577.36821317673
150,0.0031056671747154265,0.0008240503241419678,0.012984091382390022,0.00107497436858188,0.0011684747434246583,0.23284013291858802,-16780317.91542064,108292.3646607399
151,0.0031074828221851706,0.0008182828600163316,0.012958020878626617,0.0010694567293634879,0.0011758313633159897,0.23380655569411257,-16780318.136942197,109007.61500239372
152,0.003094935975927694,0.00083948046135019,0.013014311549911577,0.0010705139106328694,0.00115308788564522,0.2332942372566415,-16780318.31875827,109700.12678861618
153,0.0031069780709331307,0.0008257168034057391,0.013003976896773368,0.0010825756058116369,0.0011650069391029847,0.2316109996904812,-16780317.990170524,110428.15244817734
154,0.0031145178302710583,0.0008232256820217905,0.012987339767063068,0.0010817018205163127,0.0011633058571688562,0.23235371885473816,-16780318.14966046,111144.66069865227
155,0.0031007546635195005,0.0008224170729061605,0.01298460768005345,0.001079100900384899,0.0011728003235910323,0.2323290803835682,-16780318.04473113,111883.9087703228
156,0.0030920775965745818,0.000831184961916608,0.013011457777312387,0.0010768083246143962,0.0011666073209070068,0.23199574159744524,-16780318.30993194,112606.60924696922
157,0.003108907771846939,0.0008252155019954949,0.012993369269625398,0.0010804784465408336,0.001164131223103394,0.23226422454041493,-16780317.950828485,113338.45837044716
158,0.0031130508598199783,0.0008238171447690791,0.012976644684431158,0.0010740541008354898,0.0011706216110461253,0.2322294974924125,-16780317.92756007,114017.11484074593
159,0.003111722333020552,0.000821626715356343,0.01300918706341303,0.00107816182732418,0.0011673586126391819,0.23254713653099285,-16780317.979878988,114741.96247935295
160,0.0031169216955625354,0.0008284800480922959,0.013013744619790924,0.00107677686657053,0.001158223147750386,0.23222690789026623,-16780318.196435403,115447.63007116318
161,0.0031047964215302594,0.0008239328167026943,0.012991891914987818,0.0010785198919313066,0.0011691560296308709,0.23230353726024272,-16780317.889684398,116112.21263933182
162,0.0031103380103786812,0.000815854895463694,0.012958599467640126,0.0010788657952361756,0.0011774391016078287,0.23242253582909672,-16780318.302588295,116789.11554217339
163,0.0031076116527772313,0.0008281623788609826,0.013010490569085136,0.0010777581626382439,0.0011624677389328896,0.2322376141937347,-16780317.871169087,117454.08600306511
164,0.0031102740003036656,0.000823218157203115,0.012984581397870822,0.001072073326805674,0.0011690630471560552,0.233196381288314,-16780317.749856576,118173.02299666405
165,0.0031119219649889326,0.000821968834101803,0.012974883648419547,0.0010668221873026927,0.0011710911011825905,0.2339890720872304,-16780317.69661679,118873.24886417389
166,0.0031055962822057028,0.0008274222848343312,0.012967936759566662,0.001072707225285969,0.0011679555364676611,0.232740889633215,-16780318.132606655,119582.58771848679
167,0.0031101908203168397,0.0008230756077258401,0.012998874487451437,0.0010767981768146273,0.0011675078435963017,0.23259557480654838,-16780317.84192118,120263.83971118927
168,0.003108838526202617,0.000823120200105294,0.012985589625962976,0.0010691638494939133,0.001172308466167751,0.23313425171250393,-16780317.7382251,120959.3304541111
169,0.00310329132702379,0.0008242862424437813,0.013005295858334489,0.0010739581114187313,0.001166380363265562,0.23347056350053685,-16780317.815504037,121658.50347852707
170,0.003109883062897797,0.0008241317025048306,0.013004917319023777,0.0010726990912846247,0.0011678291041673301,0.23307007160167764,-16780317.754168987,122366.94495248795
171,0.003112449363205476,0.000824315505211483,0.013001458587771303,0.0010672133010529712,0.0011667055094732705,0.2338621787071679,-16780317.676215097,123091.80653119087
172,0.0031162758340430845,0.0008245068494658774,0.013006241924163043,0.0010615600056138033,0.0011654802493944703,0.2346414994306305,-16780317.724732593,123793.22493100166
173,0.0031112467021012537,0.0008188036518366948,0.01297984927323604,0.0010644600764842765,0.0011748063903513793,0.23446962327815365,-16780317.615548525,124468.61127328873
174,0.003113064226763265,0.0008141242883245507,0.012964528625311493,0.001057811033407293,0.001180975716060624,0.23558562782036313,-16780317.623059515,125191.55026626587
175,0.0031090194951564495,0.0008224664376754556,0.01298512361679794,0.001061307362197776,0.0011721991346063257,0.23473634548920844,-16780317.545084037,125886.45911049843
176,0.0031084338325762543,0.0008221618526502634,0.01297824818147119,0.00105356195488935,0.001174544780111338,0.23580673083053844,-16780317.50231983,126556.02079582214
177,0.003117633156966987,0.0008205476730263418,0.012969686353627123,0.0010573487087505449,0.001176048087218991,0.2346400792385538,-16780317.675499924,127264.8959262371
178,0.0031136247857827095,0.0008195075364724627,0.012958321237805614,0.0010534909347066248,0.0011773390073344433,0.2355639070163717,-16780317.667736884,128016.13597989082
179,0.00311626474233792,0.0008193148176610556,0.012968559468147295,0.00105180187156824,0.001174536492389586,0.23630961200683467,-16780317.475364815,128691.83998298645
180,0.003119977850405572,0.0008174121264389366,0.012960044389239454,0.0010431208826054035,0.0011756505055005037,0.23789729215400007,-16780317.463003002,129384.14103150368
181,0.0031158665986904845,0.0008189472811102577,0.012974319025964024,0.0010462430988603644,0.0011772736588140514,0.2367575316543648,-16780317.484907117,130087.52713918686
182,0.003116478278968944,0.0008148112019668358,0.012938697566009844,0.0010388619177125503,0.0011851819669702985,0.2378495426834929,-16780317.695039112,130769.24676156044
183,0.003113456592146343,0.0008219394294003212,0.012985768332330939,0.0010601254552178659,0.0011713246238475275,0.23485901970124917,-16780317.5417155,131458.0282151699
184,0.003109902296933885,0.0008190429529433032,0.012975830459721964,0.0010496520921707505,0.00117426490143409,0.23714462230633881,-16780317.432587456,132140.75052762032
185,0.0031060368669173343,0.000818290592901784,0.012978902512769386,0.0010458037838808531,0.0011733733085416394,0.23839689384023133,-16780317.52911199,132841.2957932949
186,0.003112669838501888,0.0008199282283207962,0.01299303198284893,0.0010522302520360452,0.0011719492793518535,0.2367476996251766,-16780317.361722082,133507.83227586746
187,0.0031121923648614776,0.000820138574244963,0.013010387355370585,0.0010515999107007555,0.0011692544153605587,0.2373395959295791,-16780317.42608619,134202.13456082344
188,0.0031155223009835557,0.0008210069717845983,0.01297589818395612,0.0010371845021089833,0.0011735295260017421,0.23860134214573572,-16780317.38990238,134914.20170521736
189,0.003114000980550871,0.0008175603750157308,0.012966689075402958,0.0010338721390057664,0.0011777462598903318,0.239459386537469,-16780317.359733295,135576.045899868
190,0.0031142731747531346,0.0008153708478234355,0.012957149446938966,0.0010207454808997167,0.0011809570779117342,0.2417595699555789,-16780317.500842974,136270.3043460846
191,0.0031208794561124967,0.0008158041258876107,0.012970356190906623,0.001033872367373088,0.001175593263552853,0.2397292273104899,-16780317.292955812,136973.57922530174
192,0.0031271022678806184,0.0008126252625062845,0.01296641019562434,0.001024027573614957,0.0011761175052736107,0.24169047555046563,-16780317.339468762,137666.81284165382
193,0.0031151176424722713,0.0008179709790200676,0.012972964401394657,0.0010370676462396478,0.0011723042530964066,0.23976899170537191,-16780317.249782078,138381.1887638569
194,0.003114743164363165,0.0008174828279749725,0.012972287089109975,0.0010324799199292892,0.0011698195502375841,0.2412747217308755,-16780317.288185593,139075.61091780663
195,0.0031093863214460837,0.000819692417885099,0.012991545708837631,0.0010381721170393565,0.001172811988941922,0.2392531310561939,-16780317.37657371,139757.7233865261
196,0.0031192898830885033,0.0008182780796946644,0.012980998054727006,0.0010278142490968783,0.0011737132888442795,0.24070863715380691,-16780317.29724864,140478.985332489
197,0.0031149257397404826,0.0008154044301567247,0.012982630287416481,0.0010371584214879442,0.0011745099185574734,0.23995434898376702,-16780317.15743884,141161.86861610413
198,0.003114627459118946,0.000812603159342788,0.012985996339146662,0.0010371453811774244,0.001175000114835339,0.24063085240278265,-16780317.1099696,141887.4361293316
199,0.0031228087651689086,0.0008143558978754534,0.012965132972637978,0.0010358285612702602,0.001175956830915099,0.23976180052217178,-16780317.25036703,142575.47366166115
200,0.0031229048903354444,0.0008122626439579753,0.012954347028556367,0.0010163031960183102,0.0011781553910262493,0.2432719322521874,-16780317.35722271,143272.8909714222
201,0.0031245417182146525,0.0008128645869104556,0.012976575920386809,0.001028804994719437,0.001172494787533077,0.24183109391146784,-16780317.087050002,143943.8244111538
202,0.0031298120870465428,0.000810516692857818,0.012981519342878736,0.0010262714225762722,0.0011698690513544498,0.24301694759846726,-16780317.08065333,144664.86070275307
203,0.0031179402073337782,0.0008175803342681588,0.012997975405340857,0.00104969667989288,0.001169323543173226,0.23793355331217608,-16780317.24701416,145373.5145123005
204,0.0031211053226624782,0.0008113323167226347,0.012976983496041499,0.0010454797704129793,0.0011723023967981786,0.23957182046334624,-16780317.156963628,146042.37762331963
205,0.0031195910384884786,0.0008123156674746958,0.012989834461573507,0.0010432907864833998,0.001169325466504713,0.24049876135761544,-16780316.98409288,146740.43489813805
206,0.003118946829676469,0.0008105714382682385,0.012999573596906948,0.0010479999960385554,0.001166191567980643,0.2408835283811782,-16780316.98663601,147463.03222990036
207,0.0031165891538719225,0.0008130838186866008,0.013003291509487327,0.0010438220009906076,0.0011667514443390054,0.24071184175774807,-16780317.03889038,148128.681910038
208,0.003124770780368444,0.0008078396840974975,0.01300556911676154,0.0010448343676048733,0.0011685530859052305,0.24101893392534002,-16780317.09656283,148816.61040139198
209,0.0031242250731851598,0.000804983445459186,0.012983089349955564,0.0010305845631889722,0.0011712769767390795,0.24388283252292375,-16780316.862748098,149532.35355877876
210,0.00312736750611085,0.0007986850010546997,0.012975646322262918,0.0010210285048370183,0.0011722536935220062,0.24685747212829756,-16780316.87887839,150243.59269618988
211,0.0031220998746973533,0.0008091151725835611,0.013006116543892944,0.0010298364035942037,0.0011679563164277602,0.24368156939161284,-16780316.86976047,150942.35641813278
212,0.0031310685434336877,0.000806681667710332,0.01300381043570321,0.001035734466968685,0.0011629106655880743,0.24363944311511976,-16780317.003590036,151637.16548371315
213,0.00312302447653927,0.0008110591374932336,0.012983651431068891,0.0010250121803291735,0.0011674768877457968,0.2441248646558224,-16780316.94661562,152352.8189816475
214,0.003115720633025415,0.0008085629436113853,0.01300841190101508,0.0010431553779420752,0.0011653635344270265,0.24249615666848018,-16780317.042436033,153056.21223187447
215,0.0031192434965306966,0.0008090513809229934,0.013001688761480994,0.0010389343891006246,0.0011664899136588822,0.24262635440097696,-16780316.911154203,153778.65785098076
216,0.003129828347086293,0.0008046516718614,0.012986105485071047,0.001023975595564412,0.0011683939645490966,0.24543943339027569,-16780316.795173902,154476.24393224716
217,0.003136447943693478,0.0008004355984487996,0.012977512472862905,0.001014052392851314,0.001169215224654142,0.24780322920653952,-16780316.85892434,155216.64449501038
218,0.003114935558742063,0.0008103771575546914,0.012979684908644436,0.00102814350578491,0.0011740625096203685,0.24311182879128934,-16780317.026042208,155939.06374430656
219,0.0031270352972607813,0.0008076055401714218,0.012997779053938518,0.0010338367266727413,0.001165698626596148,0.24350753953416215,-16780316.87549335,156637.5409424305
220,0.0031288944832780384,0.0008031731153559025,0.01299630908022914,0.0010174358329999764,0.0011664387620675416,0.2472554366076425,-16780316.74897428,157318.03412866592
221,0.0031335462056728183,0.0007986018392965059,0.012999546389556957,0.0010045083562582645,0.0011649954098489558,0.250633774232656,-16780316.772002283,158032.2735285759
222,0.00312741771414017,0.0008018009712915883,0.013006711327120508,0.00103318899004447,0.001167941298933706,0.24467285729337557,-16780316.86359015,158715.14364123344
223,0.0031339234333519024,0.00080139192465136,0.012990348185254914,0.0010173516482543006,0.0011694120681122284,0.24685353517902053,-16780316.787971623,159374.97814893723
224,0.003128427677985525,0.0008007665602295776,0.012991780936569525,0.0010169542845427037,0.001171441169013656,0.24708768192745478,-16780316.708170507,160094.11716675758
225,0.0031291238683478963,0.0007973470702586556,0.012988781877885026,0.0010085130634776849,0.00117431244022241,0.2488777531241011,-16780316.71640745,160827.4357135296
226,0.0031354723683116766,0.0007964740570327772,0.012978664910840624,0.001016660567937408,0.0011703450967106756,0.24804902291528486,-16780316.83779461,161518.69786143303
227,0.003132839413592695,0.0008020126202384795,0.01296872132218643,0.0010077985074514544,0.0011711613801303864,0.2481831235541585,-16780316.977207307,162194.8281788826
228,0.0031287731390033015,0.000801853883528311,0.012997213825886988,0.001026841369396216,0.001168746319232876,0.2455504238585713,-16780316.764460173,162896.85886573792
229,0.003137548076487086,0.0007977869587605902,0.012997051457995182,0.0010091552030427001,0.0011669821498229453,0.24952901210315942,-16780316.74767227,163609.52949357033
230,0.003126992684085706,0.0008067339810962699,0.013007604746161644,0.0010205774099960284,0.0011667930475554394,0.24585615144008993,-16780316.811338473,164316.7224190235
231,0.0031291126051421984,0.0008041690000803968,0.013000369787331389,0.0010195981994813733,0.0011676810598442483,0.24640436930888865,-16780316.74443934,165035.1326828003
232,0.0031323981246630583,0.0007983954756739795,0.01300491893935133,0.0010118032503413448,0.0011685065448154021,0.24878738627130337,-16780316.746205006,165731.95134568214
233,0.0031277946021678327,0.0008006564065582261,0.013005533157199604,0.0010165777316804708,0.0011671866001533283,0.24801790151331943,-16780316.716577668,166429.2589020729
234,0.0031326187175712778,0.0007997952886912465,0.013001440627005069,0.0010036667979666405,0.0011673324426728314,0.2501435053853514,-16780316.748636607,167096.72868824005
235,0.00313373878472762,0.0007973501146421032,0.01300405588825489,0.0010084826560184347,0.0011699378933732623,0.24940118222884983,-16780316.73757321,167815.9368839264
236,0.0031303879061531613,0.000799912883290378,0.012999796095228899,0.0010238569770690356,0.0011699126963347825,0.24626567239897373,-16780316.754126932,168553.9586687088
237,0.003132061014716749,0.0007998246873410293,0.013001029494061025,0.0010087143427422393,0.0011679775060883192,0.249174047138757,-16780316.714534506,169237.3009006977
238,0.0031236295266472416,0.0008026004560811807,0.01300551127626074,0.0010182216185594885,0.0011705947746064602,0.24676184402636486,-16780316.845569443,169931.6353778839
239,0.003134068439027125,0.0007989903330907378,0.012999166412561571,0.0010114218069218971,0.001167885306018824,0.24883722008396078,-16780316.70684748,170625.0580854416
240,0.003129336249925959,0.0008021902249733775,0.01299572628597467,0.0010154464234543616,0.0011688633000151438,0.24752008112910678,-16780316.67736143,171343.43006443977
241,0.0031278053125574096,0.0008040875996230767,0.012991129959286342,0.0010172680100108697,0.0011690416776150145,0.24688642855800846,-16780316.67417019,172065.253790617
242,0.0031321860052518895,0.0007963895670811867,0.012997195495312926,0.0010068747444908319,0.0011701423242432194,0.2500637845078948,-16780316.659092575,172746.02339482307
243,0.003133722705306735,0.0007924998505815816,0.012995608349303696,0.001000513016995561,0.001171372956442705,0.25189349210739786,-16780316.663089238,173441.10602164268
244,0.003127042232507889,0.0008028882699991746,0.012991222596742107,0.0010174543174445694,0.0011679536343375246,0.24728783901428197,-16780316.72719791,174157.9450621605
245,0.003128716370562822,0.0008015037311599068,0.012994430919620303,0.0010152114020880358,0.0011684496990964591,0.24781617481792392,-16780316.689276803,174850.25531578064
246,0.0031332936711993414,0.0007998644196169456,0.012986044581937625,0.001008903798585055,0.0011711259605385023,0.24860387749801383,-16780316.69930543,175537.17626404762
247,0.0031294381441446225,0.0008007093829261144,0.012985553274368403,0.0010168303394708924,0.0011713845394202393,0.24725767532566187,-16780316.66803608,176230.9284951687
248,0.003133408302928878,0.0007997484509364116,0.012992725944459532,0.0010085490826464904,0.0011679019999637635,0.24940070500303313,-16780316.65945846,176921.98630976677
249,0.003127547496521196,0.0008017773840238093,0.012983193645766805,0.001013123985508828,0.0011714634276069084,0.24783899515288452,-16780316.671739284,177606.14421653748
250,0.0031264068727895984,0.0008015409522998898,0.012995365164333809,0.001017048722820261,0.0011683352621100324,0.24781737695712175,-16780316.661318295,178300.9588944912
251,0.0031302143408350426,0.0007999140478035895,0.012987290241555633,0.0010113535595613551,0.0011709733778899336,0.2486054803502776,-16780316.608171113,178977.01294732094
252,0.0031309633259711533,0.000799119206125431,0.0129837199025233,0.0010094246382980148,0.0011722352172866706,0.24900013311645447,-16780316.575959813,179673.15451431274
253,0.0031321780699783705,0.0007956740481745376,0.012988121182968583,0.001006682494400903,0.0011714459125952638,0.2502397947963417,-16780316.611331295,180352.17116689682
254,0.0031339794105003076,0.0007959498184907144,0.01299770000888871,0.0010086793552003034,0.0011690183242661547,0.2500874947492847,-16780316.620385803,181052.14518260956
255,0.0031336025183287776,0.0007954312981099426,0.01299938929179388,0.001002256006481376,0.001168308474068129,0.25161208771771504,-16780316.608660635,181756.62671923637
256,0.00313903233819686,0.000792563177339518,0.012990918777648502,0.0009971067176857118,0.0011713488220310348,0.25231728967311956,-16780316.641982228,182456.88649439812
257,0.0031339055864802413,0.0007919605875040315,0.012992955608585773,0.00100179223620589,0.001172931024866394,0.25170615651723705,-16780316.603688292,183148.1873691082
258,0.003135701077900015,0.0007938431448335382,0.012987072762156656,0.0010017724049332342,0.0011716202674613295,0.2515905343488227,-16780316.540479157,183836.10015964508
259,0.003137458614224077,0.0007925699337097141,0.012982011395578523,0.0009992212351544356,0.0011723592390703846,0.2523539092692867,-16780316.508992426,184551.26604032516
260,0.00312833017029745,0.0007976717866986057,0.012990380352464418,0.001012245270894596,0.0011707505753532975,0.24934923571565365,-16780316.57492186,185284.39232969284
261,0.0031315000179263823,0.0007948591349500398,0.012981159235749443,0.0010018612719447685,0.0011736584901472255,0.2513329442949448,-16780316.545748346,186008.9768500328
262,0.003133075341097658,0.0007948632675247175,0.012988417412596532,0.0010022510585921238,0.00117196842766877,0.25154502741408885,-16780316.483770385,186699.75424551964
263,0.003133523976657301,0.0007944578771998073,0.012988565527410505,0.001000035340687734,0.0011722296852055229,0.2521976437229624,-16780316.427930973,187413.3025443554
264,0.003131624712190092,0.0007947815439526002,0.012973541382310102,0.0010059373245804371,0.001176412936575036,0.25036791982779805,-16780316.485031445,188090.26855134964
265,0.003130561352608578,0.0007991925733747012,0.012973503656759654,0.0010077827909807722,0.0011729510230129854,0.2498277721317963,-16780316.48575603,188798.5806581974
266,0.003133369621996808,0.0007920584105030584,0.012979333947567583,0.0009996031064495661,0.0011738854325014803,0.25280967520435943,-16780316.42639039,189502.10606884956
267,0.0031345727700096346,0.000788528012691872,0.012977140970089722,0.0009946923405253416,0.0011747105401088854,0.25471444624831185,-16780316.4102874,190231.66667699814
268,0.0031380836442412383,0.0007904579052609725,0.012968260370168235,0.000990931497063234,0.0011766900626867163,0.2542489761160464,-16780316.42821809,190909.64341068268
269,0.003137108338717258,0.0007918034804465159,0.01297318186502281,0.000997672237719216,0.001174792672072618,0.25323727814378905,-16780316.33408667,191591.9338710308
270,0.0031399124991126955,0.0007902756531947539,0.012969193179659493,0.00099557772060644,0.0011753597630353146,0.2541894450682112,-16780316.272041723,192266.67039132118
271,0.003131967704049103,0.0007933279215151883,0.012968056966554047,0.000999097769660217,0.0011770920978044358,0.25282815843575546,-16780316.30116039,192952.07044696808
272,0.00313933374947811,0.0007847503978970301,0.012974749141971047,0.0009876412067270288,0.0011778806721256516,0.2563544243412321,-16780316.322190974,193667.8603975773
273,0.0031408400689926013,0.0007858177119672747,0.012975114002974249,0.0009833879671762283,0.0011749080037471392,0.2578097781497084,-16780316.26458207,194331.5849120617
274,0.003145447747393856,0.0007813357959746119,0.012975900313306324,0.0009721132884741236,0.001174155537333191,0.26153070731066363,-16780316.29404637,194995.54338383675
275,0.0031352999451919102,0.0007885946195610032,0.012982679559384789,0.0009958792847310958,0.0011740368579889336,0.25511565587268076,-16780316.21517021,195697.68435144424
276,0.003133908095667246,0.0007876629767110184,0.012989889153993066,0.000998353178565027,0.0011727102556400425,0.2555489957509979,-16780316.18468473,196409.53461146355
277,0.0031399876524458286,0.0007823296807925718,0.012962815611003372,0.0009862147203990273,0.001178657425614967,0.2582841056084433,-16780316.231121685,197108.62166428566
278,0.0031407438199055606,0.0007861934346674072,0.012969465048628705,0.0009887318471859812,0.0011774921992136317,0.25695718953647095,-16780316.064525917,197806.61143541336
279,0.0031438293448535232,0.0007850261456551749,0.012965627087898196,0.0009857516005163007,0.0011788830287660047,0.2580785611805505,-16780315.95891745,198491.3659300804
280,0.0031374813722288893,0.0007900629653816308,0.012968816192056427,0.000995153112247385,0.0011746561860769829,0.2558919237233235,-16780316.012759894,199188.48404932022
281,0.0031466853070511586,0.0007803971230522862,0.012975761442640888,0.000982381663509919,0.0011746327898223812,0.2604394447246562,-16780316.05937396,199881.86647963524
282,0.00314099811463372,0.0007801565479918983,0.012976814650529241,0.0009815030268648557,0.0011761228001871912,0.2611614913110154,-16780316.004942443,200536.6633992195
283,0.0031401232266341887,0.0007827274345609187,0.012971460709732811,0.0009930644668579432,0.0011769794916220509,0.25865839594995377,-16780315.845520288,201253.4346075058
284,0.003139764805454982,0.0007811822958577407,0.012969634063112093,0.0009979027166988007,0.0011780152355595065,0.25908270485007645,-16780315.73961218,202006.4646475315
285,0.003140901360850678,0.0007858330040906778,0.012986031919073264,0.0009941337124017352,0.0011730160064024027,0.25845026823842987,-16780315.69494894,202696.9360382557
286,0.0031413582150531024,0.0007875846657397307,0.012997640073108212,0.0009980932084030893,0.0011701952967961204,0.2585333495534232,-16780315.54326741,203419.05402183533
287,0.00314946429075788,0.0007804736045151357,0.012961542015788616,0.00098190859751509,0.0011781248567626864,0.26218016269668387,-16780315.719295762,204140.21948170662
288,0.0031376134072762076,0.0007877649519948174,0.012970929918190044,0.000997722423905255,0.0011773663448937828,0.25786995304703475,-16780315.45463262,204840.48712682724
289,0.0031330774573887325,0.0007914488664660831,0.012968514155964624,0.001005392804102923,0.0011787331224294836,0.256585207208224,-16780315.19979667,205504.2857182026
290,0.00314534937048509,0.0007785610766936236,0.012977774490077233,0.0009883642057863015,0.001178701927423348,0.2626485685433343,-16780315.42944884,206199.38257575035
291,0.003143283046697384,0.0007879356703172644,0.012970095978120419,0.0010043013508093126,0.0011780950223918589,0.25787469336641533,-16780315.212358706,206892.2424788475
292,0.0031402697170922,0.0007840359142080179,0.012982773170825537,0.0010062360272555383,0.0011750721250216633,0.26088966755883525,-16780315.080359675,207552.75095510483
293,0.003138489903211538,0.0007835407984844393,0.012991346212289208,0.0010164782406251573,0.0011731666731494925,0.2622952207479776,-16780315.01212091,208231.1479125023
294,0.0031439092890762606,0.0007886659315476847,0.012986003578670677,0.001000276752381824,0.0011743237307581568,0.2609563625219429,-16780314.896000616,208905.9335346222
295,0.0031459815308868995,0.0007924077493926566,0.012994188336449969,0.0010014637702233358,0.0011724779783574817,0.26189319135787614,-16780314.776153967,209594.14851021767
296,0.00313304888381637,0.0007933526711827968,0.01300497773288127,0.0010227892624682833,0.0011723318167532418,0.25776324756239966,-16780314.72239901,210300.36072850227
297,0.003124841180345615,0.0007997922045166273,0.0130266955914276,0.00104322959494488,0.0011694352967485198,0.2555547899952575,-16780314.78392249,210980.91523051262
298,0.0031383851824422363,0.0007881642784392238,0.012971325562152698,0.0010148366696020152,0.0011809735500388483,0.26115336004198586,-16780314.481426977,211653.062312603
299,0.0031368986661368028,0.0007884540847889702,0.012958168306674941,0.0010232084002014781,0.001186362676660212,0.2624633652862671,-16780314.330512866,212354.6031498909
300,0.0031315771255608204,0.0008004855368504466,0.012984655750716244,0.0010361804036905283,0.0011750205024905753,0.2569764066330523,-16780314.02012514,213047.67009735107
301,0.003124691003098685,0.000811447766928858,0.01298809638103575,0.0010600885026426417,0.0011731797900241892,0.25414032567791134,-16780313.550299723,213778.57504749298
302,0.003127446101482292,0.0007989483087640036,0.01299833439697817,0.001038838975945294,0.0011739889967328416,0.26050549258046996,-16780313.90012012,214429.5866508484
303,0.003135774572155463,0.0007979349267144917,0.013009856299471816,0.0010488962465991405,0.001171769521463003,0.26310174052940993,-16780314.472314086,215143.7400484085
304,0.003129457015980633,0.0008106410374394864,0.012993194272208096,0.0010486168120682339,0.001176870253514164,0.2576605669168004,-16780313.611881766,215828.46130013466
305,0.003116457216669849,0.0008078518492135457,0.012990020793300042,0.001079348963085021,0.0011790230400250692,0.25665172149321,-16780313.9683457,216477.25420618057
306,0.00312385930802487,0.0008117399867669886,0.01297424575034167,0.0010768767043789862,0.0011813996093865842,0.26041115659895653,-16780313.762046352,217156.16962265968
307,0.003117161864975582,0.000811759417919459,0.012957497000707741,0.001060096539508078,0.0011851719339846835,0.25417580232179526,-16780313.309907895,217829.72631692886
308,0.003107855511385642,0.0008186716635219427,0.012931317351325702,0.0010656966859625468,0.001191873140245524,0.24971283321798787,-16780313.5269378,218516.48487186432
309,0.0031094588372738343,0.0008290087042218102,0.013008961224848885,0.001098080432341273,0.0011701818645622982,0.25205165657678075,-16780312.959542606,219255.82066464424
310,0.00309573892284235,0.0008492860139382302,0.013034357683935856,0.0011355164484111707,0.0011620914585133415,0.24684580222203756,-16780312.854920126,219958.85862874985
311,0.0031229941887982865,0.0008234223280387961,0.012991887701769053,0.0010606623645664469,0.001171877640693532,0.25459466061278024,-16780313.060101036,220691.28122591972
312,0.003110521333091177,0.0008404838749132692,0.012981425199687889,0.0011084468145798917,0.001176207898639323,0.24877061220295715,-16780312.851985887,221428.52548241615
313,0.0031020589488956196,0.000861251657987902,0.01297297060104275,0.0011432507338971906,0.0011773173495925639,0.24290317201420075,-16780313.277191263,222121.38227248192
314,0.003109662134904034,0.0008372734929590444,0.013007906996106454,0.001080932456213168,0.0011670667157364935,0.24498476671913738,-16780313.36814903,222835.2380349636
315,0.003097466133256071,0.0008472499274597327,0.012993862715539487,0.0011199642299055648,0.0011683282256830236,0.24351008966873922,-16780312.420511015,223543.16019773483
316,0.00308147069189379,0.0008655543724698559,0.012994196937205181,0.0011556379388242303,0.0011640572117674534,0.23643485104470863,-16780312.37945407,224210.53568196297
317,0.003087825375736388,0.0008644787331506939,0.01300099412543498,0.001140342351391687,0.001168977829754087,0.24112850602989405,-16780312.065882955,224932.48285841942
318,0.00306939256205524,0.0008909942162616119,0.013007442997634594,0.0011804692757662093,0.0011668768496190356,0.23462259620588544,-16780312.039794568,225667.29187583923
319,0.0030894310529814405,0.0008565599148880297,0.01298102884420698,0.0011526773376721745,0.0011750276153359627,0.24683000815091738,-16780312.26876877,226359.93189549446
320,0.003072687718911847,0.0008970074889171386,0.013039282787438777,0.0012043735204319635,0.0011535409575381991,0.2351903744913002,-16780312.763334572,227064.50770401955
321,0.0030500865717936615,0.0009098729657572491,0.013020690448267373,0.001251711413995433,0.0011607230231109062,0.22830342082648863,-16780312.527527515,227763.77016592026
322,0.003062124387400036,0.0009042049304641543,0.012973664720877746,0.0012155889853454633,0.0011700530601569518,0.22987148541871488,-16780312.197478388,228437.5752351284
323,0.003031209661920828,0.0009342474213394104,0.013024010378855665,0.0012783726760985993,0.0011538850072035137,0.22164696650971455,-16780312.454107635,229125.0883078575
324,0.003055217257103152,0.0008901371181429653,0.012961061988243736,0.0012071123554687393,0.0011766666315264091,0.23071273489417637,-16780312.087894574,229819.65236020088
325,0.003079528632657834,0.0008706930254314268,0.012959778174073934,0.001144908109063039,0.001174799102092203,0.23840279324821712,-16780311.832367446,230504.33519029617
326,0.00309424966308992,0.0008511030552685156,0.012929322036977213,0.0010915064565968418,0.0011818371415828512,0.24345247945908133,-16780312.851670764,231209.5491464138
327,0.0031145118661096696,0.0008251337712132708,0.012935047508558391,0.0010737586579480192,0.001188608482962492,0.25064452314449204,-16780313.05162611,231893.20076727867
328,0.0030520352129680384,0.0009069690088078755,0.013001769661281345,0.0012272191715609541,0.0011625658761432582,0.22889635566840894,-16780311.839448538,232580.2526423931
329,0.0030544390098281244,0.0009076316988621653,0.0129673851915676,0.0012203538061346295,0.0011779391665238201,0.23334380681739814,-16780311.908653036,233316.37053132057
330,0.003034814634356035,0.0009336500844353698,0.01297600540035267,0.0012458732301075036,0.0011679392800179296,0.21845324926668291,-16780313.25962854,234022.08386659622
331,0.003075776948325089,0.0008758324572748647,0.012979772983243404,0.0011759763107810068,0.0011732555315064545,0.23973581842985875,-16780311.746826675,234736.73472833633
332,0.003066672153579123,0.0008765475777961487,0.012985405611137125,0.0011697573575793962,0.0011739813256467753,0.23869988300260003,-16780311.529457353,235454.22849225998
333,0.003068946036668666,0.000862718901462146,0.012991276056266814,0.0011468415436963627,0.0011759454583916869,0.24311408179454264,-16780311.909601282,236165.2279908657
334,0.0030773975827013316,0.0008860855433350657,0.013006122884735596,0.0011657823214930056,0.0011664726523174396,0.24052101622994637,-16780311.878884867,236920.81860661507
335,0.0030658906179646074,0.0008835922209075701,0.01295930183771174,0.0011875297497711346,0.0011761277017909477,0.23857729492625768,-16780311.53041942,237648.41470980644
336,0.003084661372903884,0.0008589415789888187,0.01299666519249345,0.0011367038672815493,0.001164461563308539,0.24160058035103144,-16780311.97856876,238357.4104192257
337,0.0030619946005970644,0.0008954591688938286,0.012974705191799062,0.0011994413214213595,0.0011745697657199999,0.23540800020080646,-16780311.57605529,239042.3275232315
338,0.003056568472662587,0.0008836122763688393,0.012947454935013276,0.0012024950185659578,0.0011786271153157728,0.23271903226210328,-16780312.367165904,239746.6227941513
339,0.003072190305191645,0.0008854672265935092,0.012991455897305016,0.0011749604957612438,0.0011695112680670228,0.23857052023798558,-16780311.530222338,240437.1822590828
340,0.0030886492064704156,0.0008555615501579072,0.012948370237142084,0.0011236386098981057,0.0011848490221312096,0.2475684143468329,-16780311.783132445,241148.35420918465
341,0.0030641959780514797,0.0008867937084431829,0.012986559078705544,0.0011988598393410433,0.0011759657695286003,0.24111718379989666,-16780311.907460865,241851.21949601173
342,0.003075695469006245,0.0008747181961843659,0.012966473400231836,0.0011583960416325402,0.0011750907689513023,0.239081390886137,-16780311.553056568,242526.69021773338
343,0.003050757491750843,0.0009083107323921886,0.013004001403333978,0.0012317151490841213,0.0011626630984296242,0.22912255488104893,-16780311.831247356,243203.97506690025
344,0.0030791762777905227,0.0008687488457164776,0.012962278028690058,0.0011506577446946096,0.0011793025412058134,0.24295694948038693,-16780311.545698587,243914.42409849167
345,0.0030647628597179804,0.0008856786214224354,0.012966767005714877,0.0011709379261724208,0.0011762722589541662,0.23802886114819916,-16780311.281845834,244613.58938002586
346,0.0030592558154144255,0.0008906017034962209,0.012960264016950614,0.0011684187338681278,0.0011777806226780218,0.23717538250736936,-16780311.285622675,245297.61381411552
347,0.00307946796048631,0.0008627917273130069,0.012969188735131157,0.001137971783782422,0.001175525522485343,0.24323029969304902,-16780311.53835308,245963.14882206917
348,0.003067024589237152,0.0008795572103986833,0.012978325638331487,0.001172208977621202,0.0011751494370987202,0.24093987861002247,-16780311.311860017,246674.05885601044
349,0.00305949321760175,0.0008891293490939735,0.012987870213087078,0.0011871310188679967,0.0011695532968085116,0.2363919630589844,-16780311.27467811,247356.11552929878
350,0.003049651687507364,0.0008993196007827215,0.01300066630528559,0.0012053676559546905,0.0011646786746098607,0.23310946984828318,-16780311.34727596,248032.60607481003
351,0.003052543287277776,0.0009038656747577663,0.012987186665964618,0.0012162033914753763,0.001171339573636705,0.2338391673016341,-16780311.46447066,248734.6872060299
352,0.0030616715195705343,0.0008898229991132686,0.013006368506134996,0.0011762033060547443,0.0011691413516130194,0.23691279619355088,-16780311.526407268,249432.09234070778
353,0.003051865570469793,0.0008893999176005827,0.012979185316151715,0.0011891868301624688,0.0011756344798522765,0.23636699620034474,-16780311.438313887,250128.99142742157
354,0.0030524481943792056,0.000902603679666088,0.012983162170657796,0.00120086645920534,0.0011717154736743574,0.23546000450164517,-16780311.158562858,250817.27379488945
355,0.0030453362147792474,0.0009156317306010576,0.012982040450418134,0.0012164210100183122,0.0011705825476881482,0.23384006525116774,-16780311.18462925,251488.70325684547
356,0.0030543743866573506,0.0008935884851999079,0.012954463830500862,0.0012026415617801905,0.0011774134883952262,0.23676282741339244,-16780311.435469586,252168.10972189903
357,0.003064112985409967,0.0008761200797027905,0.012962738058849989,0.0011581208664611631,0.0011772399046243807,0.2408110096758954,-16780311.373984076,252848.62871694565
358,0.003068873173864676,0.0008861592242273768,0.012965256989562317,0.0011747821065403027,0.0011734801399995109,0.23976451860236825,-16780311.256547995,253539.97048163414
359,0.003071197286746226,0.0008794942363038747,0.012993576194900314,0.001152040889842618,0.0011703900153246564,0.24036925111897917,-16780311.32953411,254204.73706769943
360,0.003063820121772363,0.0008980873606680202,0.012995581345234632,0.001194534926288797,0.0011682803026622605,0.23617381600417084,-16780311.569580104,254898.23983550072
361,0.003064039769500566,0.0008816118999440979,0.01297094888044615,0.0011672243814180717,0.0011750000041338506,0.23965171125796425,-16780311.210009478,255581.36496829987
362,0.0030543499813542162,0.0008954190919470103,0.01295720077103292,0.0012056760667658265,0.0011766668548983828,0.23637639460741539,-16780311.41141899,256307.2248737812
363,0.0030669854603982234,0.0008834754502146586,0.012984482338933467,0.0011654496840734201,0.0011719592252180879,0.23937103699108822,-16780311.209549386,257009.83331298828
364,0.0030585096359169815,0.0008966621977908602,0.01297450356113574,0.001183254881137982,0.0011708440291641079,0.23528281991006061,-16780311.199825283,257712.7649126053
365,0.0030586869575024867,0.000894201978889916,0.012988641045559305,0.0011886315842419503,0.001167911797378643,0.23727849029250442,-16780311.065997757,258417.3131492138
366,0.0030556490063947395,0.0008984636576236564,0.01299957806548152,0.001197478413276715,0.0011637315665908813,0.23690330486465705,-16780311.02689235,259120.12196087837
367,0.0030626751958830467,0.0008938626873949391,0.01297144045565192,0.0011758876230159475,0.001172690182785087,0.23908583565027675,-16780311.06540395,259840.48260641098
368,0.0030512292469595777,0.0008994006333173901,0.01299611483453988,0.0011886050408355226,0.001168500020522613,0.23548705245619583,-16780311.161215086,260529.37535238266
369,0.003051792477143359,0.0009098775353917663,0.012998811595020626,0.0012032896524302372,0.0011648134951845273,0.23421164020001034,-16780311.185814813,261246.39150714874
370,0.0030437824584940796,0.0009168146801802415,0.01299005455522903,0.0012176776725604946,0.0011654723640891033,0.23277251553652697,-16780311.05569005,261928.68575644493
371,0.0030473492238343542,0.0009103454267338335,0.013005216997724521,0.0012113467393034373,0.001164797005118082,0.23602396449304341,-16780311.071470764,262629.8781635761
372,0.003052585298171642,0.0008972860529136167,0.012983044098074263,0.0011939976636355818,0.0011708220424088474,0.23769925230077138,-16780311.003843885,263368.4381494522
373,0.0030529817086857834,0.0008909903116745418,0.012975160349601084,0.0011893516692382542,0.0011738263160210073,0.23944305835115187,-16780311.13631978,264082.77908563614
374,0.0030536005454261123,0.0009070580948534015,0.012981383946399807,0.0012104798161636497,0.0011679095243661733,0.23716123999277777,-16780311.10171142,264783.91950273514
375,0.0030527657150221203,0.0009053398535671415,0.012993743868862557,0.0012014228501132686,0.0011634254214450339,0.23775536644437267,-16780310.862972755,265517.9450042248
376,0.0030529244753435773,0.0009067079405176682,0.012999034717964937,0.0012017010455672326,0.0011592803953303721,0.23890304741573642,-16780310.812105983,266209.2957558632
377,0.0030513880072810338,0.0009007687202679171,0.013001405683642256,0.0011888832362894866,0.0011643549944079512,0.23663473342755958,-16780310.970775854,266925.725315094
378,0.0030589855900216853,0.0008942891528988463,0.012976302194290117,0.0011805284788117152,0.0011673201767526656,0.23797559857213263,-16780310.98688199,267623.2616817951
379,0.0030424297493525385,0.0009109140474057095,0.01301169931590879,0.001217534547031128,0.0011576369970748533,0.23454364838885128,-16780310.981619358,268338.55216503143
380,0.0030608715836943244,0.0008859951770288964,0.013000300136558268,0.0011756967889767918,0.001162243026766087,0.2414473461200424,-16780311.010590598,269058.4993185997
381,0.003050745894893527,0.0009001900393872282,0.012991017316664692,0.0011886355068272633,0.001163487644322711,0.23883123721037414,-16780310.803393666,269767.0090146065
382,0.0030482943391429203,0.0009010532302690141,0.012986736942256279,0.0011842140536025376,0.0011633656831886259,0.23979520338323268,-16780310.818493027,270444.48180031776
383,0.0030421480879936763,0.0009173901407680989,0.012987200972290086,0.001214730037077344,0.00116539105666638,0.2334151596517661,-16780310.95224063,271136.36781454086
384,0.003046955303457037,0.0009128006275015394,0.013005842635512698,0.0012033399535658078,0.0011550017124427971,0.2357352225880353,-16780310.84255594,271856.62547278404
385,0.003036544916085445,0.0009219680190505407,0.0130224313530377,0.0012244129633077051,0.0011543974233290228,0.234712084321975,-16780310.89341352,272588.44070863724
386,0.003051139145665561,0.0009090277817586215,0.01299061157712867,0.0011896997005138182,0.0011630007450915583,0.2382001798162976,-16780310.77471159,273324.82591223717
387,0.0030554938438220724,0.0009080846489350773,0.012980067707738609,0.0011757822772551635,0.0011656826190999106,0.24002844553002078,-16780310.918949783,274031.8094418049
388,0.003042097933865241,0.0009219261293933153,0.01299730717389067,0.0012186231659969036,0.0011558313313196626,0.23663091024050198,-16780310.79189756,274715.989317894
389,0.0030513211351097863,0.0009068167051015387,0.0130148806191097,0.0011940740748488995,0.0011516086939456615,0.24092240087920738,-16780310.772706497,275388.4975659847
390,0.003055907658667841,0.0009015299872682588,0.013028720442519508,0.0011837460937346774,0.0011447175125853023,0.24467602149292805,-16780311.041260183,276072.44323706627
391,0.0030618497133594645,0.0008971883888360967,0.012977133327052755,0.0011742781857989365,0.0011616727508218982,0.24169558172807593,-16780310.92531096,276825.69402241707
392,0.00304287111540395,0.0009157731114969297,0.013011106846541463,0.001211879268930513,0.0011562162552022416,0.23645795867350022,-16780310.767466933,277550.37028074265
393,0.0030500779299701773,0.0009073466083835614,0.012995476781587346,0.001198197633995736,0.0011614733092946052,0.2409133554905039,-16780310.724551875,278223.9822611809
394,0.003051639243226748,0.0009046195988245723,0.01299029385462467,0.0011956264742107002,0.0011647091077205095,0.2435024219417382,-16780310.850053374,278918.30419898033
395,0.0030431599096258357,0.0009136521846560635,0.013001098720342576,0.0011986687381371455,0.0011579255977284411,0.23841563335439203,-16780310.686120763,279619.48501753807
396,0.0030382776267669654,0.0009171243067252611,0.013002130721531398,0.0011971525844221018,0.0011572481989274757,0.23817192632371986,-16780310.758159112,280349.8459148407
397,0.0030428098283199903,0.0009246574675427818,0.01301247658953545,0.001215078687313742,0.0011518643332046794,0.23834890894109356,-16780310.81870524,281041.1448588371
398,0.003048761878250143,0.0009063068964261167,0.01299638213488238,0.001195246301948883,0.0011605818165432032,0.238710655143054,-16780310.719937403,281746.6532843113
399,0.0030536791041432436,0.0008977149665476284,0.013005878385973375,0.001177298740128095,0.0011611041412822407,0.24124248421181643,-16780310.760686114,282465.77435302734
400,0.0030454845451688174,0.0009068423757786582,0.013017662919016949,0.0012020885521492725,0.0011533025262405725,0.24068731610119376,-16780310.833197016,283165.67042279243
401,0.003049725495541375,0.0009084814302636307,0.01299737441260074,0.0011927969134226818,0.0011605761903788119,0.23882196388752164,-16780310.705515396,283863.8055303097
402,0.0030447706758684545,0.0009096083608231046,0.012987558474866264,0.0011972884573387852,0.001167683742864186,0.23726494937438866,-16780310.822836798,284547.3492164612
403,0.0030496835202994533,0.0009075146190319302,0.013008050083048842,0.001194877670471371,0.0011556274561752926,0.2400080380030027,-16780310.705711305,285243.0245037079
404,0.003055491497206126,0.0008978991236060472,0.012990313326270288,0.0011738160637707912,0.0011628799152652901,0.24291275135659662,-16780310.69479975,285947.3509788513
405,0.0030452876394877933,0.0009160186542414882,0.012990353433604015,0.001207235700454108,0.0011585839538463074,0.23868498153320722,-16780310.742239747,286636.7624320984
406,0.003047385505651656,0.0009114427323180232,0.012994234671696355,0.0011997514603726046,0.0011592140007052909,0.23932435720285952,-16780310.691593047,287352.3932609558
407,0.003047991338888019,0.0009077523870503758,0.013000341001359713,0.0011868547487120895,0.0011574616829708381,0.23848444415863823,-16780310.762864705,288089.48483490944
408,0.003049556282199638,0.000907448053050265,0.012996692836530438,0.0011953619126748244,0.0011604704027136634,0.2403061276575375,-16780310.685507607,288803.6921174526
409,0.003049572191924551,0.000909172484549203,0.0129995392152807,0.0011898446176675896,0.0011583160377790598,0.2412189686775827,-16780310.659789972,289510.38555049896
410,0.0030499773487617553,0.0009106052786107461,0.013001117755479859,0.0011871437755269429,0.0011571831483969883,0.242473125444847,-16780310.679762173,290231.23243260384
411,0.0030486134404169407,0.0009085173837824806,0.012985034311191523,0.0011885355648771749,0.0011641665920148932,0.24032522937582723,-16780310.691743765,290940.66870975494
412,0.003048200780133541,0.0009075625570570633,0.01299159661450322,0.0011891958724106948,0.0011604146583567342,0.24201239198741015,-16780310.677113626,291690.19708776474
413,0.0030400045394445943,0.0009213660081983193,0.012999085463577982,0.0012133033249425533,0.0011572891811674037,0.2376214847286065,-16780310.70173621,292454.19122982025
414,0.003051619757765743,0.0009037658447541152,0.012992506360597213,0.0011836878790637316,0.0011614822317408185,0.2415899346995991,-16780310.670057118,293209.18647170067
415,0.003047884702016714,0.0009091639016790972,0.01300685516179198,0.0011969679285650217,0.001155107717659776,0.24063057515063313,-16780310.698079098,293902.54904794693
416,0.003048431255816884,0.0009086790132566347,0.012990489523841638,0.0011906436557991367,0.001161901873426114,0.2404015658195287,-16780310.669191785,294627.53403782845
417,0.0030494612201704082,0.0009053173134564252,0.012996406418668907,0.0011827160982117696,0.001160956266542986,0.2419905168624906,-16780310.65865693,295332.6856896877
418,0.003050499077429784,0.0009022546040256263,0.012997492292155181,0.001174198417131352,0.0011618273994618332,0.24332359669230613,-16780310.68804905,296062.9562678337
419,0.0030557872530444195,0.0009003295707185051,0.012987978269464795,0.001178481273805437,0.001163254892458017,0.2440908685469909,-16780310.718366683,296779.4802312851
420,0.0030463167454804815,0.0009103215311716739,0.01299781860762313,0.0011936218720542185,0.0011592579214108351,0.23983444215254174,-16780310.66182369,297485.4604496956
421,0.0030483110348975646,0.0009074915283647736,0.01299275941030783,0.0011812080857275561,0.0011603059270385192,0.24204314574218017,-16780310.67568952,298197.43753552437
422,0.0030497032885516695,0.0009073533481272119,0.012998243230936585,0.0011847115304306395,0.0011603254276227103,0.2403471326638975,-16780310.67414428,298926.7815697193
423,0.003050057118339014,0.0009073783167403143,0.012998908375341558,0.0011938671320148057,0.0011604406591356553,0.2397510412163666,-16780310.691159464,299677.39241433144
424,0.0030487475557579267,0.0009074632254586587,0.012994296651566262,0.0011843728472993686,0.0011603396100628033,0.24147011961072679,-16780310.659814842,300420.09461236
425,0.003048346287086996,0.000907553122755025,0.012992109028256031,0.0011902507929346326,0.001160425886031495,0.24182138327692565,-16780310.6750441,301152.4644858837
426,0.0030493640381855014,0.0009074032917841652,0.012996709680266446,0.0011860963460566378,0.0011603505422249066,0.24071569531715453,-16780310.660730053,301863.34887361526
427,0.0030456779113461744,0.0009123531084714714,0.012999247005151818,0.0011920772666325088,0.0011588918520747493,0.24028716811374257,-16780310.65577624,302588.5892224312
428,0.0030427069881363905,0.0009166467403301495,0.01300261732742912,0.0011962719604168975,0.001157596662241715,0.23963578482081427,-16780310.671451844,303377.9084291458
429,0.003047948631804797,0.0009086646383738977,0.013004183002344117,0.001185599360174894,0.0011574688699389993,0.2414374044252176,-16780310.65876361,304241.14189887047
430,0.003050607104249305,0.0009064698228595997,0.012998975383469624,0.001179946973293371,0.0011595164714636665,0.24253884884976318,-16780310.659204468,305000.8669691086
431,0.0030479741668988864,0.00090907690593892,0.013000839545227363,0.0011854227083698628,0.0011581458270625146,0.24226531352935327,-16780310.655122343,305811.64437651634
432,0.003047279231255579,0.0009099137130162975,0.01300290447770782,0.0011850858895264753,0.0011570434694813184,0.2430401226354526,-16780310.669895586,306627.0862047672
433,0.0030483328530401125,0.0009095548657578468,0.013005433538481246,0.0011874961608172967,0.0011574254982245219,0.24177595387532325,-16780310.656394936,307441.8382897377
434,0.0030470951039120093,0.0009079730670701841,0.013002155749166994,0.0011812415714989779,0.0011591522239900861,0.2422127665410475,-16780310.674486507,308180.3578748703
435,0.0030489529199214157,0.0009088726301794484,0.013000193348752274,0.0011876938561254367,0.0011585250843318164,0.2414674181434489,-16780310.652137738,308916.7635400295
436,0.003045508796811293,0.0009114766645330701,0.013003125569405617,0.001193721510150552,0.001157621327928196,0.24053574280009554,-16780310.65360243,309636.682864666
437,0.003047353990924634,0.0009102191910718293,0.012997565472884956,0.001190776506594248,0.0011597197487825954,0.24133663334960043,-16780310.65168165,310363.6174695492
438,0.0030470566704845527,0.0009109964674207953,0.012994256708155377,0.0011933650798039248,0.0011608451882043937,0.24128624781179187,-16780310.663261555,311118.6618499756
439,0.003045138992810431,0.0009152004751944371,0.013005728407965517,0.0011963465713515323,0.001155820179591812,0.24056555974136404,-16780310.66550657,311887.55027770996
440,0.003048380663330414,0.0009077881038909282,0.01299873691599306,0.0011861237164967104,0.0011596722448051924,0.24163427758220896,-16780310.6513163,312622.9947490692
441,0.0030462832967041607,0.0009103740022707088,0.012994469080657114,0.0011911090273058096,0.001160099863437166,0.24073289729749336,-16780310.657278456,313344.7338576317
442,0.0030478204639561245,0.0009097596498860623,0.013002692424025214,0.001188399377439425,0.001158094089527683,0.24151518973086578,-16780310.651298225,314116.16733956337
443,0.0030496524226014143,0.0009067112733619481,0.01300180408694434,0.001185301958426236,0.001158367588737917,0.24263102359811511,-16780310.656920146,314832.8188021183
444,0.0030466715391599844,0.0009109426496940905,0.012999886275599948,0.0011903834395809406,0.0011587607862405412,0.2408731319848357,-16780310.65106491,315571.9067826271
445,0.0030469219578024027,0.0009106093904795564,0.01299989379032632,0.0011936100937592414,0.0011593186001428273,0.2401888176676652,-16780310.655915152,316264.25627040863
446,0.0030477111146247652,0.000909460027074079,0.013000603106502102,0.0011874695547172075,0.0011584390203325926,0.24174618956393124,-16780310.65090412,316970.49754309654
447,0.0030501214338278194,0.0009075374193990757,0.012996766945180229,0.001183227306834104,0.0011601156634119445,0.24232187065153477,-16780310.657671724,317697.76133561134
448,0.0030466619560654247,0.0009104918532495715,0.01300153591334927,0.00119109795932144,0.0011582449117991333,0.24098227476295536,-16780310.650241178,318413.74326968193
449,0.0030459136560990327,0.000910681194776072,0.013000146687365911,0.0011903896619245543,0.0011591185161640965,0.2412284808480169,-16780310.651149623,319108.1136229038
450,0.0030470324734872814,0.0009094886351184384,0.013003634968060212,0.001187178063232511,0.0011577234408404842,0.24132321480800417,-16780310.656566657,319809.86779141426
451,0.003047273611565296,0.0009100365520834816,0.01299908284667877,0.0011898768957538139,0.0011592206717970675,0.24133327871420135,-16780310.649665568,320519.04662394524
452,0.003045636783826461,0.0009126692050301907,0.013002578835180682,0.0011930819130824164,0.0011576204204818456,0.24092523761939322,-16780310.652089935,321182.8221735954
453,0.003047694693454426,0.0009090083791757437,0.012999697395789964,0.0011878632656431368,0.0011591592887243557,0.241457017591505,-16780310.64998372,321928.0567178726
454,0.0030461550597001862,0.0009104472354649505,0.012997624984403443,0.0011906275482076061,0.0011595536421582463,0.2410249347576161,-16780310.651680067,322639.37597584724
455,0.00304740411289214,0.0009099315462807844,0.013001425564119772,0.00118895642013147,0.0011584589776853238,0.24139262598755334,-16780310.650006574,323382.5020098686
456,0.003048558686488314,0.0009092758077431781,0.01300059701331403,0.0011881595164581157,0.0011583093693622415,0.24136635868697703,-16780310.651852522,324125.27205586433
457,0.0030465749136963528,0.0009103298480178485,0.01300025926885294,0.0011898321255579447,0.0011589162294636328,0.24126295030775693,-16780310.649936114,324822.79236769676
458,0.0030477685949394837,0.0009088100855997457,0.013000981756164324,0.0011879819674607305,0.001158718913693494,0.241851646991132,-16780310.650696717,325535.6135714054
459,0.0030467481795796083,0.0009100760610616461,0.013000391141816246,0.0011910666565723045,0.0011591339773884095,0.24101374188777008,-16780310.650005702,326236.1788611412
460,0.0030463505608115996,0.0009111479943566128,0.012999815620704663,0.0011915824735326392,0.0011589924385924804,0.24062898275944863,-16780310.651340023,326919.0518977642
461,0.0030474140864075127,0.0009093945627889626,0.013000690222299409,0.0011888820939787077,0.0011587872949182405,0.24154598093321117,-16780310.649695303,327630.53811979294
462,0.0030477079097996863,0.0009091004632199179,0.012998979566503099,0.001187727859891019,0.0011596472348598765,0.2416862570443773,-16780310.650583528,328309.0344581604
463,0.00304692344449899,0.0009101440057421582,0.013000896826637727,0.0011902554344638346,0.001158595492564319,0.24115827033331083,-16780310.649609923,328996.39243888855
464,0.003046805530175255,0.0009097315900091626,0.01299891366990525,0.001190302403858444,0.0011594786739333514,0.2411977872683651,-16780310.650064453,329649.540425539
465,0.0030472544672129186,0.0009098815572128789,0.013000797590566143,0.0011892929160632136,0.0011587139017473307,0.24134391630775628,-16780310.64957511,330336.8891918659
466,0.003047630226032224,0.0009095222406120453,0.013000083575125405,0.0011876009205812458,0.001158663649016573,0.24168672950814385,-16780310.650613684,331024.21725678444
467,0.0030469686911927625,0.0009099376059492458,0.013000314250143537,0.0011902002225745397,0.0011590163952954504,0.2411819887928635,-16780310.64952728,331726.5724477768
468,0.003046441711403519,0.0009108996647557816,0.013000982939269542,0.0011915832971542144,0.0011585907065376582,0.24115177753819506,-16780310.64956801,332419.056661129
469,0.0030475170903973134,0.0009097681348263211,0.013000662289678774,0.00119019816110483,0.0011587252581563893,0.24130878723208918,-16780310.649661385,333125.20744895935
470,0.0030467122523494205,0.0009108279440676599,0.01300022202535876,0.0011915868817261076,0.0011588335137811645,0.24094669203959423,-16780310.64980713,333820.33190846443
471,0.0030472386278929896,0.0009097529081086369,0.013000573173064247,0.0011895582909155576,0.0011587988496339716,0.24139615870980694,-16780310.6494247,334514.3804001808
472,0.0030468410659675346,0.0009100914067815259,0.01300232617644122,0.0011904858783382492,0.0011582595295146392,0.24118035425713924,-16780310.650324486,335190.07966065407
473,0.0030471654751658556,0.0009100502657579927,0.012999893679119384,0.0011900291413999226,0.0011589803862264605,0.2412950475999358,-16780310.6493727,335873.3334245682
474,0.0030464803820583657,0.0009104538676825769,0.01300049052992142,0.0011901082730855976,0.0011588399858453412,0.24120026586186696,-16780310.64995647,336543.67433691025
475,0.0030472579133125764,0.0009099395680403851,0.013000619349739435,0.0011901756891000217,0.0011587539400786271,0.24128165688953362,-16780310.64941045,337216.9624340534
476,0.0030471855175612174,0.0009100098508661486,0.013000163500663036,0.0011900244179386555,0.0011590225672755137,0.2413919116127195,-16780310.64956623,337905.34009552
477,0.003046831511630055,0.0009103150639465179,0.013000051373433588,0.001191230770297757,0.0011590070466018967,0.24122226407326183,-16780310.64956914,338630.3754813671
478,0.0030469372505257707,0.0009102066872631081,0.013000237927716726,0.001190746306739121,0.001158933760388255,0.24125267713188542,-16780310.64940909,339331.06287169456
479,0.003047809447146872,0.0009090659639060578,0.012999617687545914,0.0011886613924017245,0.0011592445930951013,0.24144803604071985,-16780310.649600618,340070.38026094437
480,0.0030467836453393574,0.0009104412395433507,0.013000641626338634,0.001190852820966092,0.0011587541781770188,0.24122584216382625,-16780310.649405,340732.0255177021
481,0.003046931683581887,0.0009100995740214245,0.013000596501377621,0.0011904964059597629,0.0011587232693244145,0.241152545483231,-16780310.64947914,341405.3313219547
482,0.0030471361740800496,0.00091022580829572,0.013000539835641815,0.0011904193291189533,0.0011586317326474657,0.24135265386654287,-16780310.649528883,342110.1519944668
483,0.0030470105619145845,0.0009100096565358643,0.013000370646518107,0.001190254999210643,0.001158920229633454,0.24122465506128335,-16780310.64938652,342841.802441597
484,0.0030471994744684905,0.0009100338677283546,0.013000182299454556,0.0011900426768173566,0.001158990512054848,0.24140613370219277,-16780310.64959204,343555.9157464504
485,0.0030469986313035376,0.0009100831474481571,0.013000492950896855,0.0011903829736741613,0.001158790080007023,0.24121594253797146,-16780310.649364684,344268.760461092
486,0.0030468125312942385,0.0009104906134209823,0.013000178887045468,0.0011912556861144296,0.0011589120085363077,0.24110244841833842,-16780310.649481926,344985.7856686115
487,0.003047132103743302,0.0009099373344367233,0.013000474601559552,0.0011899826397152756,0.0011588271393595557,0.2413227311369398,-16780310.649357025,345729.5418038368
488,0.003046751309351559,0.0009103032089546803,0.013000084460976986,0.0011905739381350504,0.001158981317851962,0.24123064165441377,-16780310.64940024,346478.96245503426
489,0.0030470099917469613,0.0009100682636291483,0.013000414727419777,0.0011899458642945938,0.0011588173500302365,0.24125227625290468,-16780310.649408262,347248.75043177605
490,0.0030469918064416636,0.0009101028695376382,0.013000370527494014,0.0011901459749057255,0.001158846452619741,0.24125237647264988,-16780310.649356592,348025.2004146576
