tree,len
"(n3:25641.45820077761527500,(n2:5483.45764829010568064,(n0:4903.19553132721739530,n1:4903.19553132721739530):580.26211696288828534):20158.00055248750868486);",2483.0
"(n3:25641.45820077761527500,(n2:5483.45764829010568064,(n0:4059.53421844469312418,n1:4059.53421844469312418):1423.92342984541210171):20158.00055248750868486);",39332.0
"(n3:26311.14393831329653040,(n2:5483.45764829010568064,(n0:4059.53421844469312418,n1:4059.53421844469312418):1423.92342984541210171):20827.68629002318994026);",6507.0
"(n3:26311.14393831329653040,(n2:6961.58410095329600153,(n0:4059.53421844469312418,n1:4059.53421844469312418):2902.04988250860242260):19349.55983736000052886);",6769.0
"(n3:25641.45820077761527500,(n2:6961.58410095329600153,(n0:4059.53421844469312418,n1:4059.53421844469312418):2902.04988250860242260):18679.87409982431927347);",533.0
"(n3:25641.45820077761527500,(n2:6824.93344685912688874,(n0:4059.53421844469312418,n1:4059.53421844469312418):2765.39922841443330981):18816.52475391848929576);",8084.0
"(n3:25641.45820077761527500,(n2:7092.43246009418271569,(n0:4059.53421844469312418,n1:4059.53421844469312418):3032.89824164948913676):18549.02574068343164981);",6159.0
"(n3:26311.14393831329653040,(n2:7092.43246009418271569,(n0:4059.53421844469312418,n1:4059.53421844469312418):3032.89824164948913676):19218.71147821911290521);",10939.0
"(n3:26311.14393831329653040,(n2:5887.26148522500261606,(n0:4059.53421844469312418,n1:4059.53421844469312418):1827.72726678030903713):20423.88245308829209534);",43852.0
"(n3:25564.72238486841524718,(n2:5887.26148522500261606,(n0:4059.53421844469312418,n1:4059.53421844469312418):1827.72726678030903713):19677.46089964341081213);",10432.0
"(n3:27117.75702096794339013,(n2:5887.26148522500261606,(n0:4059.53421844469312418,n1:4059.53421844469312418):1827.72726678030903713):21230.49553574294259306);",6304.0
"(n3:27117.75702096794339013,(n2:5887.26148522500261606,(n0:5692.81280174288258422,n1:5692.81280174288258422):194.44868348212003184):21230.49553574294259306);",42715.0
"(n3:27117.75702096794339013,(n2:7092.43246009418271569,(n0:5692.81280174288258422,n1:5692.81280174288258422):1399.61965835130013147):20025.32456087375976495);",1672.0
"(n3:27117.75702096794339013,(n2:6250.04643489013324142,(n0:5692.81280174288258422,n1:5692.81280174288258422):557.23363314725065720):20867.71058607781014871);",40221.0
"(n3:27117.75702096794339013,(n1:5692.81280174288258422,(n0:5497.38414661325623456,n2:5497.38414661325714405):195.42865512962544017):21424.94421922506080591);",1814.0
"(n3:25632.23561958065329236,(n1:5692.81280174288258422,(n0:5497.38414661325623456,n2:5497.38414661325714405):195.42865512962544017):19939.42281783777070814);",50317.0
"(n3:25632.23561958065329236,(n1:6250.04643489013324142,(n0:5497.38414661325623456,n2:5497.38414661325714405):752.66228827687609737):19382.18918469052005094);",4413.0
"(n3:25463.86040917554782936,(n1:6250.04643489013324142,(n0:5497.38414661325623456,n2:5497.38414661325714405):752.66228827687609737):19213.81397428541458794);",34150.0
"(n3:25463.86040917554782936,(n2:5497.38414661325714405,(n0:4209.43445744907330663,n1:4209.43445744907330663):1287.94968916418383742):19966.47626256228977581);",22729.0
"(n3:25463.86040917554782936,(n0:6250.04643489013324142,(n2:5497.38414661325714405,n1:5497.38414661325623456):752.66228827687609737):19213.81397428541458794);",822.0
"(n3:25463.86040917554782936,(n2:5497.38414661325714405,(n0:4209.43445744907330663,n1:4209.43445744907330663):1287.94968916418383742):19966.47626256228977581);",51890.0
"(n3:25463.86040917554782936,(n2:11510.45470500827650540,(n0:4209.43445744907330663,n1:4209.43445744907330663):7301.02024755920319876):13953.40570416727132397);",22582.0
"(n3:25463.86040917554782936,(n2:5375.00143510430370952,(n0:4209.43445744907330663,n1:4209.43445744907330663):1165.56697765523040289):20088.85897407124502934);",28557.0
"(n3:25694.78156174519608612,(n2:5375.00143510430370952,(n0:4209.43445744907330663,n1:4209.43445744907330663):1165.56697765523040289):20319.78012664089328609);",82846.0
"(n3:25694.78156174519608612,(n2:5375.00143510430370952,(n0:5024.48220188919185603,n1:5024.48220188919185603):350.51923321511094400):20319.78012664089328609);",10990.0
"(n3:25694.78156174519608612,(n1:5754.55711232090288831,(n2:5375.00143510430370952,n0:5375.00143510430280003):379.55567721659917879):19940.22444942429137882);",43178.0
"(n3:25694.78156174519608612,(n1:5754.55711232090288831,(n0:5541.37425954060927324,n2:5541.37425954061018274):213.18285278029270557):19940.22444942429137882);",6802.0
"(n3:25694.78156174519608612,(n1:6608.74048627201409545,(n0:5541.37425954060927324,n2:5541.37425954061018274):1067.36622673140482220):19086.04107547318199067);",64176.0
"(n3:25694.78156174519608612,(n0:6608.74048627201409545,(n1:5605.31727572938871162,n2:5605.31727572938871162):1003.42321054262629332):19086.04107547318199067);",50127.0
"(n3:26525.54243266057164874,(n0:6608.74048627201409545,(n1:5605.31727572938871162,n2:5605.31727572938871162):1003.42321054262629332):19916.80194638855755329);",9772.0
"(n3:26525.54243266057164874,(n2:5605.31727572938871162,(n0:4059.53421844469312418,n1:4059.53421844469312418):1545.78305728469513269):20920.22515693118475610);",60497.0
"(n3:26525.54243266057164874,(n2:5483.45764829010568064,(n0:4059.53421844469312418,n1:4059.53421844469312418):1423.92342984541210171):21042.08478437046505860);",16631.0
"(n3:28475.18065962175023742,(n2:5483.45764829010568064,(n0:4059.53421844469312418,n1:4059.53421844469312418):1423.92342984541210171):22991.72301133164364728);",16453.0
"(n3:27016.98035314680237207,(n2:5483.45764829010568064,(n0:4059.53421844469312418,n1:4059.53421844469312418):1423.92342984541210171):21533.52270485669578193);",29116.0
"(n3:27466.91547749111487065,(n2:5483.45764829010568064,(n0:4059.53421844469312418,n1:4059.53421844469312418):1423.92342984541210171):21983.45782920100828051);",49451.0
"(n3:27466.91547749111487065,(n2:6106.23671138891040755,(n0:4059.53421844469312418,n1:4059.53421844469312418):2046.70249294421682862):21360.67876610220264411);",94636.0
"(n3:25879.06392034980672179,(n2:6106.23671138891040755,(n0:4059.53421844469312418,n1:4059.53421844469312418):2046.70249294421682862):19772.82720896089449525);",1595.0
"(n3:25879.06392034980672179,(n2:5754.55711232090288831,(n0:4059.53421844469312418,n1:4059.53421844469312418):1695.02289387620930938):20124.50680802890565246);",26740.0
"(n3:25632.23561958065329236,(n2:5754.55711232090288831,(n0:4059.53421844469312418,n1:4059.53421844469312418):1695.02289387620930938):19877.67850725974858506);",11876.0
"(n3:25294.44663086073342129,(n2:5754.55711232090288831,(n0:4059.53421844469312418,n1:4059.53421844469312418):1695.02289387620930938):19539.88951853982871398);",3698.0
"(n3:25294.44663086073342129,(n1:6106.23671138891040755,(n2:5754.55711232090288831,n0:5754.55711232090288831):351.67959906800751924):19188.20991947182483273);",4171.0
"(n3:25294.44663086073342129,(n1:6250.04643489013324142,(n2:5754.55711232090288831,n0:5754.55711232090288831):495.48932256923035311):19044.40019597060017986);",2565.0
"(n3:25294.44663086073342129,(n1:6250.04643489013324142,(n0:5319.66940226341284870,n2:5319.66940226341375819):930.37703262671948323):19044.40019597060017986);",26852.0
"(n3:25879.06392034980672179,(n1:6250.04643489013324142,(n0:5319.66940226341284870,n2:5319.66940226341375819):930.37703262671948323):19629.01748545967348036);",23636.0
"(n3:26525.54243266057164874,(n1:6250.04643489013324142,(n0:5319.66940226341284870,n2:5319.66940226341375819):930.37703262671948323):20275.49599777043840731);",2475.0
"(n3:26525.54243266057164874,(n2:6250.04643489013324142,(n0:5397.40402796834496257,n1:5397.40402796834496257):852.64240692178827885):20275.49599777043840731);",19763.0
"(n3:26525.54243266057164874,(n0:7007.95121489526172809,(n2:6250.04643489013324142,n1:6250.04643489013324142):757.90478000512939616):19517.59121776530810166);",3857.0
"(n3:26525.54243266057164874,(n1:7007.95121489526172809,(n0:6276.58506096648852690,n2:6276.58506096648943640):731.36615392877320119):19517.59121776530810166);",32060.0
"(n3:26525.54243266057164874,(n2:6276.58506096648943640,(n0:5049.27975927746410889,n1:5049.27975927746410889):1227.30530168902441801):20248.95737169408312184);",9283.0
"(n3:26525.54243266057164874,(n1:6276.58506096648852690,(n0:5828.15958038452299661,n2:5828.15958038452390610):448.42548058196553029):20248.95737169408312184);",681.0
"(n3:26525.54243266057164874,(n0:6608.74048627201409545,(n1:6276.58506096648852690,n2:6276.58506096648943640):332.15542530552556855):19916.80194638855755329);",2096.0
"(n3:26525.54243266057164874,(n0:6608.74048627201409545,(n1:6506.02193210731275030,n2:6506.02193210731275030):102.71855416470225464):19916.80194638855755329);",18147.0
"(n3:27466.91547749111487065,(n0:6608.74048627201409545,(n1:6506.02193210731275030,n2:6506.02193210731275030):102.71855416470225464):20858.17499121910077520);",506.0
"(n3:29140.32966206757919281,(n0:6608.74048627201409545,(n1:6506.02193210731275030,n2:6506.02193210731275030):102.71855416470225464):22531.58917579556509736);",3155.0
"(n3:29140.32966206757919281,(n0:6608.74048627201409545,(n1:5238.05671116240228002,n2:5238.05671116240318952):1370.68377510961181542):22531.58917579556509736);",26799.0
"(n3:29140.32966206757919281,(n1:6608.74048627201409545,(n0:5190.56975878533194191,n2:5190.56975878533285140):1418.17072748668215354):22531.58917579556509736);",9256.0
"(n3:29140.32966206757919281,(n1:6608.74048627201409545,(n0:5365.09364486318736454,n2:5365.09364486318736454):1243.64684140882764041):22531.58917579556509736);",5056.0
"(n3:29140.32966206757919281,(n1:7007.95121489526172809,(n0:5365.09364486318736454,n2:5365.09364486318736454):1642.85757003207527305):22132.37844717231564573);",11927.0
"(n3:25879.06392034980672179,(n1:7007.95121489526172809,(n0:5365.09364486318736454,n2:5365.09364486318736454):1642.85757003207527305):18871.11270545454317471);",10032.0
"(n3:26118.45654051179735688,(n1:7007.95121489526172809,(n0:5365.09364486318736454,n2:5365.09364486318736454):1642.85757003207527305):19110.50532561653380981);",20630.0
"(n3:25338.12251412291152519,(n1:7007.95121489526172809,(n0:5365.09364486318736454,n2:5365.09364486318736454):1642.85757003207527305):18330.17129922764797811);",11105.0
"(n3:25338.12251412291152519,(n2:5365.09364486318736454,(n0:5245.89288379766912840,n1:5245.89288379766912840):119.20076106551823614):19973.02886925972416066);",26900.0
"(n3:25338.12251412291152519,(n1:7007.95121489526172809,(n2:5365.09364486318736454,n0:5365.09364486318736454):1642.85757003207527305):18330.17129922764797811);",54012.0
"(n3:25338.12251412291152519,(n1:7007.95121489526172809,(n0:5190.56975878533194191,n2:5190.56975878533285140):1817.38145610992978618):18330.17129922764797811);",8348.0
"(n3:25338.12251412291152519,(n2:5190.56975878533285140,(n0:4059.53421844469312418,n1:4059.53421844469312418):1131.03554034063927247):20147.55275533757958328);",18767.0
"(n3:25338.12251412291152519,(n1:7007.95121489526172809,(n2:5190.56975878533285140,n0:5190.56975878533194191):1817.38145610992978618):18330.17129922764797811);",7714.0
"(n3:25338.12251412291152519,(n2:5190.56975878533285140,(n0:4059.53421844469312418,n1:4059.53421844469312418):1131.03554034063927247):20147.55275533757958328);",65341.0
"(n3:25338.12251412291152519,(n2:6706.41207595122614293,(n0:4059.53421844469312418,n1:4059.53421844469312418):2646.87785750653256400):18631.71043817168538226);",14640.0
"(n3:25338.12251412291152519,(n2:7007.95121489526263758,(n0:4059.53421844469312418,n1:4059.53421844469312418):2948.41699645056905865):18330.17129922764797811);",31365.0
"(n3:25338.12251412291152519,(n2:7007.95121489526263758,(n0:6506.02193210731275030,n1:6506.02193210731275030):501.92928278794988728):18330.17129922764797811);",3366.0
"(n3:25338.12251412291152519,(n2:7007.95121489526263758,(n0:4598.72860511109684012,n1:4598.72860511109684012):2409.22260978416579746):18330.17129922764797811);",7563.0
"(n3:26118.45654051179735688,(n2:7007.95121489526263758,(n0:4598.72860511109684012,n1:4598.72860511109684012):2409.22260978416579746):19110.50532561653380981);",14373.0
"(n3:27391.92665641207713634,(n2:7007.95121489526263758,(n0:4598.72860511109684012,n1:4598.72860511109684012):2409.22260978416579746):20383.97544151681358926);",13280.0
"(n3:27391.92665641207713634,(n0:7007.95121489526172809,(n1:5190.52441327593624010,n2:5190.52441327593624010):1817.42680161932639749):20383.97544151681358926);",3422.0
"(n3:27426.21943798441134277,(n0:7007.95121489526172809,(n1:5190.52441327593624010,n2:5190.52441327593624010):1817.42680161932639749):20418.26822308914779569);",1791.0
"(n3:27426.21943798441134277,(n0:5966.26878289700471214,(n1:5190.52441327593624010,n2:5190.52441327593624010):775.74436962106938154):21459.95065508740663063);",11541.0
"(n3:27426.21943798441134277,(n0:7007.95121489526172809,(n1:5190.52441327593624010,n2:5190.52441327593624010):1817.42680161932639749):20418.26822308914779569);",1575.0
"(n3:27426.21943798441134277,(n0:7007.95121489526172809,(n1:6418.57640467491000891,n2:6418.57640467491000891):589.37481022035262868):20418.26822308914779569);",28447.0
"(n3:28045.48589096801879350,(n0:7007.95121489526172809,(n1:6418.57640467491000891,n2:6418.57640467491000891):589.37481022035262868):21037.53467607275524642);",1042.0
"(n3:27426.21943798441134277,(n0:7007.95121489526172809,(n1:6418.57640467491000891,n2:6418.57640467491000891):589.37481022035262868):20418.26822308914779569);",22510.0
"(n3:27426.21943798441134277,(n0:6716.56135502560209716,(n1:6418.57640467491000891,n2:6418.57640467491000891):297.98495035069208825):20709.65808295880924561);",4356.0
"(n3:26118.45654051179735688,(n0:6716.56135502560209716,(n1:6418.57640467491000891,n2:6418.57640467491000891):297.98495035069208825):19401.89518548619525973);",35541.0
"(n3:26118.45654051179735688,(n0:7007.95121489526172809,(n1:6418.57640467491000891,n2:6418.57640467491000891):589.37481022035262868):19110.50532561653380981);",39465.0
"(n3:27391.92665641207713634,(n0:7007.95121489526172809,(n1:6418.57640467491000891,n2:6418.57640467491000891):589.37481022035262868):20383.97544151681358926);",16560.0
"(n3:27323.37168164508693735,(n0:7007.95121489526172809,(n1:6418.57640467491000891,n2:6418.57640467491000891):589.37481022035262868):20315.42046674982339027);",29854.0
"(n3:28664.27478154324489878,(n0:7007.95121489526172809,(n1:6418.57640467491000891,n2:6418.57640467491000891):589.37481022035262868):21656.32356664798135171);",12512.0
"(n3:26118.45654051179735688,(n0:7007.95121489526172809,(n1:6418.57640467491000891,n2:6418.57640467491000891):589.37481022035262868):19110.50532561653380981);",14100.0
"(n3:26118.45654051179735688,(n2:7007.95121489526263758,(n0:6474.00098381910720491,n1:6474.00098381910720491):533.95023107615452318):19110.50532561653380981);",1093.0
"(n3:26118.45654051179735688,(n2:7007.95121489526263758,(n0:5828.15958038452299661,n1:5828.15958038452299661):1179.79163451073873148):19110.50532561653380981);",7352.0
"(n3:30042.72443708622449776,(n2:7007.95121489526263758,(n0:5828.15958038452299661,n1:5828.15958038452299661):1179.79163451073873148):23034.77322219096095068);",3186.0
"(n3:30042.72443708622449776,(n2:7007.95121489526263758,(n0:6474.00098381910720491,n1:6474.00098381910720491):533.95023107615452318):23034.77322219096095068);",20523.0
"(n3:27323.37168164508693735,(n2:7007.95121489526263758,(n0:6474.00098381910720491,n1:6474.00098381910720491):533.95023107615452318):20315.42046674982339027);",4015.0
"(n3:30042.72443708622449776,(n2:7007.95121489526263758,(n0:6474.00098381910720491,n1:6474.00098381910720491):533.95023107615452318):23034.77322219096095068);",24499.0
"(n3:30042.72443708622449776,(n1:6474.00098381910720491,(n0:5603.43880757083570643,n2:5603.43880757083661592):870.56217624827149848):23568.72345326711729285);",7718.0
"(n3:30042.72443708622449776,(n2:6474.00098381910811440,(n0:4059.53421844469312418,n1:4059.53421844469312418):2414.46676537441453547):23568.72345326711729285);",18982.0
"(n3:30042.72443708622449776,(n1:6474.00098381910720491,(n0:5603.43880757083570643,n2:5603.43880757083661592):870.56217624827149848):23568.72345326711729285);",40618.0
"(n3:30042.72443708622449776,(n1:7007.95121489526172809,(n0:5603.43880757083570643,n2:5603.43880757083661592):1404.51240732442602166):23034.77322219096095068);",3137.0
"(n3:30042.72443708622449776,(n2:5603.43880757083661592,(n0:4254.76940640462089505,n1:4254.76940640462089505):1348.66940116621572088):24439.28562951538697234);",28160.0
"(n3:30024.61324551118377713,(n2:5603.43880757083661592,(n0:4254.76940640462089505,n1:4254.76940640462089505):1348.66940116621572088):24421.17443794034625171);",13355.0
"(n3:27088.00742432284823735,(n2:5603.43880757083661592,(n0:4254.76940640462089505,n1:4254.76940640462089505):1348.66940116621572088):21484.56861675201071193);",28786.0
"(n3:27088.00742432284823735,(n2:7007.95121489526263758,(n0:4254.76940640462089505,n1:4254.76940640462089505):2753.18180849064174254):20080.05620942758469027);",10012.0
"(n3:27088.00742432284823735,(n2:7007.95121489526263758,(n0:5603.43880757083570643,n1:5603.43880757083570643):1404.51240732442602166):20080.05620942758469027);",25787.0
"(n3:27088.00742432284823735,(n2:7481.09119156212182133,(n0:5603.43880757083570643,n1:5603.43880757083570643):1877.65238399128520541):19606.91623276072641602);",1161.0
"(n3:27088.00742432284823735,(n2:7481.09119156212182133,(n0:4254.76940640462089505,n1:4254.76940640462089505):3226.32178515750092629):19606.91623276072641602);",16264.0
"(n3:27088.00742432284823735,(n2:5603.43880757083661592,(n0:4254.76940640462089505,n1:4254.76940640462089505):1348.66940116621572088):21484.56861675201071193);",9891.0
"(n3:30633.09536821581787081,(n2:5603.43880757083661592,(n0:4254.76940640462089505,n1:4254.76940640462089505):1348.66940116621572088):25029.65656064498034539);",47365.0
"(n3:27285.74871511090532294,(n2:5603.43880757083661592,(n0:4254.76940640462089505,n1:4254.76940640462089505):1348.66940116621572088):21682.30990754006779753);",51237.0
"(n3:27285.74871511090532294,(n1:7481.09119156212182133,(n2:5603.43880757083661592,n0:5603.43880757083570643):1877.65238399128520541):19804.65752354878350161);",7108.0
"(n3:27285.74871511090532294,(n1:7481.09119156212182133,(n0:5365.09364486318736454,n2:5365.09364486318736454):2115.99754669893445680):19804.65752354878350161);",24745.0
"(n3:27285.74871511090532294,(n1:5397.40402796834496257,(n0:5365.09364486318736454,n2:5365.09364486318736454):32.31038310515759804):21888.34468714256217936);",14031.0
"(n3:27285.74871511090532294,(n0:7481.09119156212182133,(n1:5397.40402796834496257,n2:5397.40402796834496257):2083.68716359377685876):19804.65752354878350161);",11000.0
"(n3:26946.08342377706139814,(n0:7481.09119156212182133,(n1:5397.40402796834496257,n2:5397.40402796834496257):2083.68716359377685876):19464.99223221493957681);",111845.0
"(n3:26946.08342377706139814,(n1:5397.40402796834496257,(n0:5296.22020839514516410,n2:5296.22020839514607360):101.18381957319888897):21548.67939580871461658);",19988.0
"(n3:26946.08342377706139814,(n1:7481.09119156212182133,(n0:5296.22020839514516410,n2:5296.22020839514607360):2184.87098316697574774):19464.99223221493957681);",40234.0
"(n3:26128.99438783486402826,(n1:7481.09119156212182133,(n0:5296.22020839514516410,n2:5296.22020839514607360):2184.87098316697574774):18647.90319627274220693);",1203.0
"(n3:26128.99438783486402826,(n1:5397.40402796834496257,(n0:5296.22020839514516410,n2:5296.22020839514607360):101.18381957319888897):20731.59035986651724670);",86163.0
"(n3:26128.99438783486402826,(n0:5603.43880757083570643,(n1:5397.40402796834496257,n2:5397.40402796834496257):206.03477960249165335):20525.55558026402650285);",116351.0
"(n3:26128.99438783486402826,(n0:7401.63159036209981423,(n1:5397.40402796834496257,n2:5397.40402796834496257):2004.22756239375485166):18727.36279747276421404);",16866.0
"(n3:26128.99438783486402826,(n2:5397.40402796834496257,(n0:4663.41387183038023068,n1:4663.41387183038023068):733.99015613796473190):20731.59035986651724670);",13304.0
"(n3:25642.85044880911300424,(n2:5397.40402796834496257,(n0:4663.41387183038023068,n1:4663.41387183038023068):733.99015613796473190):20245.44642084076622268);",1809.0
"(n3:25642.85044880911300424,(n2:5926.88164820977817726,(n0:4663.41387183038023068,n1:4663.41387183038023068):1263.46777637939794658):19715.96880059933391749);",3108.0
"(n3:25834.92059261580652674,(n2:5926.88164820977817726,(n0:4663.41387183038023068,n1:4663.41387183038023068):1263.46777637939794658):19908.03894440602743998);",5684.0
"(n3:25564.72238486841524718,(n2:5926.88164820977817726,(n0:4663.41387183038023068,n1:4663.41387183038023068):1263.46777637939794658):19637.84073665863616043);",40775.0
"(n3:25642.85044880911300424,(n2:5926.88164820977817726,(n0:4663.41387183038023068,n1:4663.41387183038023068):1263.46777637939794658):19715.96880059933391749);",17740.0
"(n3:25642.85044880911300424,(n0:7481.09119156212182133,(n2:5926.88164820977817726,n1:5926.88164820977726777):1554.20954335234364407):18161.75925724699118291);",44647.0
"(n3:25642.85044880911300424,(n1:5926.88164820977726777,(n0:5438.55992123173746222,n2:5438.55992123173746222):488.32172697804071504):19715.96880059933391749);",15085.0
"(n3:25642.85044880911300424,(n2:5438.55992123173746222,(n0:4951.25570890357448661,n1:4951.25570890357448661):487.30421232816206611):20204.29052757737372303);",21681.0
"(n3:25642.85044880911300424,(n0:7481.09119156212182133,(n2:5438.55992123173746222,n1:5438.55992123173746222):2042.53127033038435911):18161.75925724699118291);",28727.0
"(n3:25642.85044880911300424,(n0:6740.69830145564810664,(n2:5438.55992123173746222,n1:5438.55992123173746222):1302.13838022391064442):18902.15214735346671659);",32519.0
"(n3:25834.92059261580652674,(n0:6740.69830145564810664,(n2:5438.55992123173746222,n1:5438.55992123173746222):1302.13838022391064442):19094.22229116015660111);",2272.0
"(n3:25834.92059261580652674,(n0:6740.69830145564810664,(n1:5671.49221804943590541,n2:5671.49221804943590541):1069.20608340621220123):19094.22229116015660111);",7236.0
"(n3:25834.92059261580652674,(n0:6740.69830145564810664,(n1:5926.88164820977726777,n2:5926.88164820977817726):813.81665324586992938):19094.22229116015660111);",28334.0
"(n3:25834.92059261580652674,(n2:5926.88164820977817726,(n0:5463.51562154769271729,n1:5463.51562154769271729):463.36602666208455048):19908.03894440602743998);",15951.0
"(n3:25834.92059261580652674,(n2:5926.88164820977817726,(n0:5124.79375040017475840,n1:5124.79375040017475840):802.08789780960250937):19908.03894440602743998);",29304.0
"(n3:26062.53394643109277240,(n2:5926.88164820977817726,(n0:5124.79375040017475840,n1:5124.79375040017475840):802.08789780960250937):20135.65229822131368564);",313.0
"(n3:25761.66222763123732875,(n2:5926.88164820977817726,(n0:5124.79375040017475840,n1:5124.79375040017475840):802.08789780960250937):19834.78057942145824200);",52771.0
"(n3:25761.66222763123732875,(n2:5711.46991965311917738,(n0:5124.79375040017475840,n1:5124.79375040017475840):586.67616925294350949):20050.19230797811906086);",17093.0
"(n3:25761.66222763123732875,(n0:5711.46991965311826789,(n1:5387.98569155426594079,n2:5387.98569155426685029):323.48422809885232709):20050.19230797811906086);",2976.0
"(n3:25761.66222763123732875,(n2:5711.46991965311917738,(n0:5124.79375040017475840,n1:5124.79375040017475840):586.67616925294350949):20050.19230797811906086);",108051.0
"(n3:29970.72383240775889135,(n2:5711.46991965311917738,(n0:5124.79375040017475840,n1:5124.79375040017475840):586.67616925294350949):24259.25391275464062346);",11882.0
"(n3:29970.72383240775889135,(n1:5896.47880768320646894,(n2:5711.46991965311917738,n0:5711.46991965311826789):185.00888803008820105):24074.24502472455060342);",6761.0
"(n3:30468.32086855840680073,(n1:5896.47880768320646894,(n2:5711.46991965311917738,n0:5711.46991965311826789):185.00888803008820105):24571.84206087519851280);",4964.0
"(n3:28179.35561188284191303,(n1:5896.47880768320646894,(n2:5711.46991965311917738,n0:5711.46991965311826789):185.00888803008820105):22282.87680419963362510);",35545.0
"(n3:27775.45357609302664059,(n1:5896.47880768320646894,(n2:5711.46991965311917738,n0:5711.46991965311826789):185.00888803008820105):21878.97476840981835267);",68211.0
"(n3:27016.98035314680237207,(n1:5896.47880768320646894,(n2:5711.46991965311917738,n0:5711.46991965311826789):185.00888803008820105):21120.50154546359408414);",27546.0
"(n3:27016.98035314680237207,(n2:5896.47880768320737843,(n0:5877.01736170195181330,n1:5877.01736170195181330):19.46144598125465563):21120.50154546359408414);",25266.0
"(n3:25864.47563916630315362,(n2:5896.47880768320737843,(n0:5877.01736170195181330,n1:5877.01736170195181330):19.46144598125465563):19967.99683148309486569);",4976.0
"(n3:27016.98035314680237207,(n2:5896.47880768320737843,(n0:5877.01736170195181330,n1:5877.01736170195181330):19.46144598125465563):21120.50154546359408414);",12390.0
"(n3:25523.49801502441914636,(n2:5896.47880768320737843,(n0:5877.01736170195181330,n1:5877.01736170195181330):19.46144598125465563):19627.01920734121085843);",63797.0
"(n3:25523.49801502441914636,(n0:5896.47880768320646894,(n1:5433.07195662425510818,n2:5433.07195662425510818):463.40685105895227025):19627.01920734121085843);",60040.0
"(n3:25523.49801502441914636,(n1:6711.69687471384713717,(n0:5896.47880768320646894,n2:5896.47880768320737843):815.21806703063975874):18811.80114031057019019);",50572.0
"(n3:25523.49801502441914636,(n0:5896.47880768320646894,(n1:5711.46991965311826789,n2:5711.46991965311917738):185.00888803008820105):19627.01920734121085843);",5391.0
"(n3:25523.49801502441914636,(n2:5896.47880768320737843,(n0:5259.56337522025023645,n1:5259.56337522025023645):636.91543246295623248):19627.01920734121085843);",5477.0
"(n3:25523.49801502441914636,(n2:5896.47880768320737843,(n0:4247.65466091742928256,n1:4247.65466091742928256):1648.82414676577718637):19627.01920734121085843);",6370.0
"(n3:25626.29637733543859213,(n2:5896.47880768320737843,(n0:4247.65466091742928256,n1:4247.65466091742928256):1648.82414676577718637):19729.81756965223030420);",49656.0
"(n3:25626.29637733543859213,(n2:6711.69687471384713717,(n0:4247.65466091742928256,n1:4247.65466091742928256):2464.04221379641694512):18914.59950262158963596);",21470.0
"(n3:25485.38585748196419445,(n2:6711.69687471384713717,(n0:4247.65466091742928256,n1:4247.65466091742928256):2464.04221379641694512):18773.68898276811523829);",16827.0
"(n3:25485.38585748196419445,(n2:6711.69687471384713717,(n0:5250.30696341189650411,n1:5250.30696341189650411):1461.38991130195063306):18773.68898276811523829);",7269.0
"(n3:25485.38585748196419445,(n2:6711.69687471384713717,(n0:5259.56337522025023645,n1:5259.56337522025023645):1452.13349949359599123):18773.68898276811523829);",16551.0
"(n3:25485.38585748196419445,(n2:6711.69687471384713717,(n0:5250.30696341189650411,n1:5250.30696341189650411):1461.38991130195063306):18773.68898276811523829);",28966.0
"(n3:25485.38585748196419445,(n2:6711.69687471384713717,(n0:5259.56337522025023645,n1:5259.56337522025023645):1452.13349949359599123):18773.68898276811523829);",3232.0
"(n3:25485.38585748196419445,(n0:6711.69687471384713717,(n1:5536.07189159887457208,n2:5536.07189159887548158):1175.62498311497165560):18773.68898276811523829);",6254.0
"(n3:25485.38585748196419445,(n2:6711.69687471384713717,(n0:4247.65466091742928256,n1:4247.65466091742928256):2464.04221379641694512):18773.68898276811523829);",65304.0
"(n3:25485.38585748196419445,(n2:6711.69687471384713717,(n0:5041.47530943800848036,n1:5041.47530943800848036):1670.22156527583774732):18773.68898276811523829);",8487.0
"(n3:25485.38585748196419445,(n2:6692.29409894703712780,(n0:5041.47530943800848036,n1:5041.47530943800848036):1650.81878950902773795):18793.09175853492706665);",25717.0
"(n3:25485.38585748196419445,(n0:6692.29409894703712780,(n1:5536.07189159887457208,n2:5536.07189159887548158):1156.22220734816164622):18793.09175853492706665);",13896.0
"(n3:25485.38585748196419445,(n1:6692.29409894703712780,(n0:5259.56337522025023645,n2:5259.56337522025114595):1432.73072372678598185):18793.09175853492706665);",10656.0
"(n3:25485.38585748196419445,(n1:6692.29409894703712780,(n0:5533.67367397939779039,n2:5533.67367397939869988):1158.62042496763842792):18793.09175853492706665);",32338.0
"(n3:25950.27026089028004208,(n1:6692.29409894703712780,(n0:5533.67367397939779039,n2:5533.67367397939869988):1158.62042496763842792):19257.97616194324291428);",10166.0
"(n3:25950.27026089028004208,(n2:5533.67367397939869988,(n0:5380.34746724380784144,n1:5380.34746724380784144):153.32620673558994895):20416.59658691088043270);",32462.0
"(n3:25950.27026089028004208,(n2:5533.67367397939869988,(n0:4312.85927940846522688,n1:4312.85927940846522688):1220.81439457093256351):20416.59658691088043270);",38041.0
"(n3:25950.27026089028004208,(n2:6355.10043692522503989,(n0:4312.85927940846522688,n1:4312.85927940846522688):2042.24115751675890351):19595.16982396505409270);",41842.0
"(n3:25950.27026089028004208,(n2:6355.10043692522503989,(n0:5262.23864189978121431,n1:5262.23864189978121431):1092.86179502544382558):19595.16982396505409270);",18031.0
"(n3:25950.27026089028004208,(n2:6355.10043692522503989,(n0:4882.02655009995578439,n1:4882.02655009995578439):1473.07388682526925550):19595.16982396505409270);",5859.0
"(n3:25950.27026089028004208,(n2:6692.29409894703712780,(n0:4882.02655009995578439,n1:4882.02655009995578439):1810.26754884708134341):19257.97616194324291428);",5061.0
"(n3:25485.38585748196419445,(n2:6692.29409894703712780,(n0:4882.02655009995578439,n1:4882.02655009995578439):1810.26754884708134341):18793.09175853492706665);",15981.0
"(n3:25485.38585748196419445,(n2:6281.37358577114537184,(n0:4882.02655009995578439,n1:4882.02655009995578439):1399.34703567118958745):19204.01227171081700362);",14978.0
"(n3:25950.27026089028004208,(n2:6281.37358577114537184,(n0:4882.02655009995578439,n1:4882.02655009995578439):1399.34703567118958745):19668.89667511913285125);",7674.0
"(n3:25485.38585748196419445,(n2:6281.37358577114537184,(n0:4882.02655009995578439,n1:4882.02655009995578439):1399.34703567118958745):19204.01227171081700362);",14733.0
"(n3:25485.38585748196419445,(n0:6692.29409894703712780,(n2:6281.37358577114537184,n1:6281.37358577114537184):410.92051317589175596):18793.09175853492706665);",6644.0
"(n3:25485.38585748196419445,(n2:6281.37358577114537184,(n0:5380.34746724380784144,n1:5380.34746724380784144):901.02611852733662090):19204.01227171081700362);",35783.0
"(n3:25950.27026089028004208,(n2:6281.37358577114537184,(n0:5380.34746724380784144,n1:5380.34746724380784144):901.02611852733662090):19668.89667511913285125);",20067.0
"(n3:25950.27026089028004208,(n1:6281.37358577114537184,(n0:5681.95338177942539915,n2:5681.95338177942539915):599.42020399171997269):19668.89667511913285125);",8290.0
"(n3:25950.27026089028004208,(n2:6281.37358577114537184,(n0:5380.34746724380784144,n1:5380.34746724380784144):901.02611852733662090):19668.89667511913285125);",7408.0
"(n3:25950.27026089028004208,(n2:6646.86726170775818900,(n0:5380.34746724380784144,n1:5380.34746724380784144):1266.51979446394943807):19303.40299918252276257);",9991.0
"(n3:26124.01553454890017747,(n2:6646.86726170775818900,(n0:5380.34746724380784144,n1:5380.34746724380784144):1266.51979446394943807):19477.14827284114289796);",8336.0
"(n3:26124.01553454890017747,(n2:6646.86726170775818900,(n0:6281.37358577114537184,n1:6281.37358577114537184):365.49367593661281717):19477.14827284114289796);",1640.0
"(n3:29276.08102835240424611,(n2:6646.86726170775818900,(n0:6281.37358577114537184,n1:6281.37358577114537184):365.49367593661281717):22629.21376664464696660);",3560.0
"(n3:28264.50342606273261481,(n2:6646.86726170775818900,(n0:6281.37358577114537184,n1:6281.37358577114537184):365.49367593661281717):21617.63616435497533530);",24360.0
"(n3:28264.50342606273261481,(n1:6692.29409894703712780,(n2:6646.86726170775818900,n0:6646.86726170775727951):45.42683723927893880):21572.20932711569548701);",1505.0
"(n3:26734.94556792738512740,(n1:6692.29409894703712780,(n2:6646.86726170775818900,n0:6646.86726170775727951):45.42683723927893880):20042.65146898034799960);",31548.0
"(n3:26734.94556792738512740,(n1:6692.29409894703712780,(n0:6281.37358577114537184,n2:6281.37358577114537184):410.92051317589175596):20042.65146898034799960);",17951.0
"(n3:26734.94556792738512740,(n2:6281.37358577114537184,(n0:5711.46991965311826789,n1:5711.46991965311826789):569.90366611802619445):20453.57198215623793658);",5397.0
"(n3:26734.94556792738512740,(n2:5910.69380700825695385,(n0:5711.46991965311826789,n1:5711.46991965311826789):199.22388735513777647):20824.25176091912726406);",1816.0
"(n3:25230.76955321326022386,(n2:5910.69380700825695385,(n0:5711.46991965311826789,n1:5711.46991965311826789):199.22388735513777647):19320.07574620500236051);",57.0
"(n3:25230.76955321326022386,(n1:6692.29409894703712780,(n2:5910.69380700825695385,n0:5910.69380700825604436):781.60029193878017395):18538.47545426622309606);",281.0
"(n3:25187.63267143298799056,(n1:6692.29409894703712780,(n2:5910.69380700825695385,n0:5910.69380700825604436):781.60029193878017395):18495.33857248595086276);",1721.0
"(n3:25187.63267143298799056,(n1:6692.29409894703712780,(n0:6281.37358577114537184,n2:6281.37358577114537184):410.92051317589175596):18495.33857248595086276);",25438.0
"(n3:25187.63267143298799056,(n0:6692.29409894703712780,(n1:5205.71455935009544191,n2:5205.71455935009635141):1486.57953959694077639):18495.33857248595086276);",9283.0
"(n3:26734.94556792738512740,(n0:6692.29409894703712780,(n1:5205.71455935009544191,n2:5205.71455935009635141):1486.57953959694077639):20042.65146898034799960);",14402.0
"(n3:28674.25260418842663057,(n0:6692.29409894703712780,(n1:5205.71455935009544191,n2:5205.71455935009635141):1486.57953959694077639):21981.95850524138950277);",5320.0
"(n3:28672.74939554002048681,(n0:6692.29409894703712780,(n1:5205.71455935009544191,n2:5205.71455935009635141):1486.57953959694077639):21980.45529659298335901);",19421.0
"(n3:28672.74939554002048681,(n1:6692.29409894703712780,(n0:6281.37358577114537184,n2:6281.37358577114537184):410.92051317589175596):21980.45529659298335901);",1018.0
"(n3:28672.74939554002048681,(n2:6281.37358577114537184,(n0:4055.09047601968040908,n1:4055.09047601968040908):2226.28310975146450801):22391.37580976887693396);",7679.0
"(n3:28672.74939554002048681,(n0:6692.29409894703712780,(n2:6281.37358577114537184,n1:6281.37358577114537184):410.92051317589175596):21980.45529659298335901);",9439.0
"(n3:28672.74939554002048681,(n0:6692.29409894703712780,(n1:5711.46991965311826789,n2:5711.46991965311917738):980.82417929391795042):21980.45529659298335901);",5092.0
"(n3:28672.74939554002048681,(n0:6692.29409894703712780,(n1:5442.94509706353892398,n2:5442.94509706353983347):1249.34900188349729433):21980.45529659298335901);",3800.0
"(n3:28672.74939554002048681,(n1:6692.29409894703712780,(n0:5330.84364569453282456,n2:5330.84364569453282456):1361.45045325250430324):21980.45529659298335901);",9284.0
"(n3:28672.74939554002048681,(n2:5330.84364569453282456,(n0:4023.75997599687070760,n1:4023.75997599687070760):1307.08366969766166221):23341.90574984548584325);",33572.0
"(n3:27440.84796395042940276,(n2:5330.84364569453282456,(n0:4023.75997599687070760,n1:4023.75997599687070760):1307.08366969766166221):22110.00431825589475920);",38800.0
"(n3:27440.84796395042940276,(n2:5259.56337522025114595,(n0:4023.75997599687070760,n1:4023.75997599687070760):1235.80339922337998360):22181.28458873017734732);",4769.0
"(n3:27440.84796395042940276,(n0:6692.29409894703712780,(n2:5259.56337522025114595,n1:5259.56337522025023645):1432.73072372678598185):20748.55386500339227496);",984.0
"(n3:27440.84796395042940276,(n0:6692.29409894703712780,(n1:5472.54763659863056091,n2:5472.54763659863056091):1219.74646234840656689):20748.55386500339227496);",20463.0
"(n3:28621.15334346849340363,(n0:6692.29409894703712780,(n1:5472.54763659863056091,n2:5472.54763659863056091):1219.74646234840656689):21928.85924452145627583);",781.0
"(n3:28621.15334346849340363,(n2:5472.54763659863056091,(n0:4023.75997599687070760,n1:4023.75997599687070760):1448.78766060175939856):23148.60570686986466171);",3178.0
"(n3:28621.15334346849340363,(n1:6692.29409894703712780,(n2:5472.54763659863056091,n0:5472.54763659863056091):1219.74646234840656689):21928.85924452145627583);",6634.0
"(n3:25187.63267143298799056,(n1:6692.29409894703712780,(n2:5472.54763659863056091,n0:5472.54763659863056091):1219.74646234840656689):18495.33857248595086276);",14907.0
"(n3:28621.15334346849340363,(n1:6692.29409894703712780,(n2:5472.54763659863056091,n0:5472.54763659863056091):1219.74646234840656689):21928.85924452145627583);",221.0
"(n3:32748.36175716824072879,(n1:6692.29409894703712780,(n2:5472.54763659863056091,n0:5472.54763659863056091):1219.74646234840656689):26056.06765822120360099);",2403.0
"(n3:28621.15334346849340363,(n1:6692.29409894703712780,(n2:5472.54763659863056091,n0:5472.54763659863056091):1219.74646234840656689):21928.85924452145627583);",58842.0
"(n3:31556.51771852755337022,(n1:6692.29409894703712780,(n2:5472.54763659863056091,n0:5472.54763659863056091):1219.74646234840656689):24864.22361958051624242);",5250.0
"(n3:31556.51771852755337022,(n2:5472.54763659863056091,(n0:5041.47530943800848036,n1:5041.47530943800848036):431.07232716062117106):26083.97008192892099032);",26531.0
"(n3:31556.51771852755337022,(n2:5472.54763659863056091,(n0:4179.39050430713905371,n1:4179.39050430713905371):1293.15713229149059771):26083.97008192892099032);",59113.0
"(n3:31556.51771852755337022,(n1:6692.29409894703712780,(n2:5472.54763659863056091,n0:5472.54763659863056091):1219.74646234840656689):24864.22361958051624242);",10298.0
"(n3:31556.51771852755337022,(n2:6692.29409894703712780,(n0:5017.78869786502946226,n1:5017.78869786502946226):1674.50540108200766554):24864.22361958051624242);",627.0
"(n3:28764.95973494276404381,(n2:6692.29409894703712780,(n0:5017.78869786502946226,n1:5017.78869786502946226):1674.50540108200766554):22072.66563599572691601);",8813.0
"(n3:26539.82204180562621332,(n2:6692.29409894703712780,(n0:5017.78869786502946226,n1:5017.78869786502946226):1674.50540108200766554):19847.52794285858908552);",87512.0
"(n3:26539.82204180562621332,(n2:7005.91743102072177862,(n0:5017.78869786502946226,n1:5017.78869786502946226):1988.12873315569231636):19533.90461078490625368);",1955.0
"(n3:26539.82204180562621332,(n1:7005.91743102072177862,(n0:6221.42716413720336277,n2:6221.42716413720336277):784.49026688351841585):19533.90461078490625368);",41089.0
"(n3:26539.82204180562621332,(n1:8852.94667064374880283,(n0:6221.42716413720336277,n2:6221.42716413720336277):2631.51950650654544006):17686.87537116187741049);",6567.0
"(n3:26539.82204180562621332,(n2:6221.42716413720336277,(n0:4035.43391121800141264,n1:4035.43391121800141264):2185.99325291920149539):20318.39487766842285055);",15382.0
"(n3:26539.82204180562621332,(n2:7925.00348276075783360,(n0:4035.43391121800141264,n1:4035.43391121800141264):3889.56957154275596622):18614.81855904487019870);",22341.0
"(n3:25664.07687073056877125,(n2:7925.00348276075783360,(n0:4035.43391121800141264,n1:4035.43391121800141264):3889.56957154275596622):17739.07338796980911866);",6018.0
"(n3:25664.07687073056877125,(n0:8852.94667064374880283,(n2:7925.00348276075783360,n1:7925.00348276075783360):927.94318788299096923):16811.13020008681996842);",14320.0
"(n3:25664.07687073056877125,(n0:8785.17937214314770245,(n2:7925.00348276075783360,n1:7925.00348276075783360):860.17588938238986884):16878.89749858742288779);",2991.0
"(n3:25664.07687073056877125,(n2:8785.17937214314770245,(n0:4179.39050430713905371,n1:4179.39050430713905371):4605.78886783600773924):16878.89749858742288779);",15921.0
"(n3:25664.07687073056877125,(n2:8785.17937214314770245,(n0:4090.63588675099663305,n1:4090.63588675099663305):4694.54348539215061464):16878.89749858742288779);",4989.0
"(n3:25709.40646924125030637,(n2:8785.17937214314770245,(n0:4090.63588675099663305,n1:4090.63588675099663305):4694.54348539215061464):16924.22709709810442291);",9390.0
"(n3:25709.40646924125030637,(n2:8785.17937214314770245,(n0:6521.30993132705589233,n1:6521.30993132705589233):2263.86944081609090063):16924.22709709810442291);",803.0
"(n3:25709.40646924125030637,(n1:8785.17937214314770245,(n0:7925.00348276075783360,n2:7925.00348276075783360):860.17588938238986884):16924.22709709810442291);",6315.0
"(n3:25709.40646924125030637,(n1:8785.17937214314770245,(n0:6421.16723338060910464,n2:6421.16723338061001414):2364.01213876253768831):16924.22709709810442291);",22211.0
"(n3:25664.07687073056877125,(n1:8785.17937214314770245,(n0:6421.16723338060910464,n2:6421.16723338061001414):2364.01213876253768831):16878.89749858742288779);",6309.0
"(n3:25664.07687073056877125,(n0:8785.17937214314770245,(n1:6521.30993132705589233,n2:6521.30993132705680182):2263.86944081609090063):16878.89749858742288779);",36038.0
"(n3:25664.07687073056877125,(n1:8785.17937214314770245,(n0:6421.16723338060910464,n2:6421.16723338061001414):2364.01213876253768831):16878.89749858742288779);",17243.0
"(n3:25664.07687073056877125,(n1:6948.81634340501841507,(n0:6421.16723338060910464,n2:6421.16723338061001414):527.64911002440931043):18715.26052732555035618);",25097.0
"(n3:25664.07687073056877125,(n1:7925.00348276075783360,(n0:6421.16723338060910464,n2:6421.16723338061001414):1503.83624938014781947):17739.07338796980911866);",18964.0
"(n3:25664.07687073056877125,(n1:7925.00348276075783360,(n0:6491.98360136505107221,n2:6491.98360136505198170):1433.01988139570585190):17739.07338796980911866);",19850.0
"(n3:25664.07687073056877125,(n1:7925.00348276075783360,(n0:6716.56135502560209716,n2:6716.56135502560209716):1208.44212773515573645):17739.07338796980911866);",4420.0
"(n3:25664.07687073056877125,(n1:7925.00348276075783360,(n0:5459.57363622223783750,n2:5459.57363622223783750):2465.42984653851999610):17739.07338796980911866);",1749.0
"(n3:25664.07687073056877125,(n0:5459.57363622223783750,(n1:5330.84364569453282456,n2:5330.84364569453282456):128.72999052770501294):20204.50323450833093375);",96766.0
"(n3:25664.07687073056877125,(n2:5459.57363622223783750,(n0:4792.51233091949688969,n1:4792.51233091949688969):667.06130530274003831):20204.50323450833093375);",15023.0
"(n3:25187.63267143298799056,(n2:5459.57363622223783750,(n0:4792.51233091949688969,n1:4792.51233091949688969):667.06130530274003831):19728.05903521075015306);",25941.0
"(n3:25187.63267143298799056,(n1:5459.57363622223783750,(n0:5330.84364569453282456,n2:5330.84364569453282456):128.72999052770501294):19728.05903521075015306);",7175.0
"(n3:25187.63267143298799056,(n2:5330.84364569453282456,(n0:4616.63594566700885480,n1:4616.63594566700885480):714.20770002752306027):19856.78902573845698498);",43470.0
"(n3:25187.63267143298799056,(n2:5330.84364569453282456,(n0:4008.24327673419566054,n1:4008.24327673419566054):1322.60036896033670928):19856.78902573845698498);",18215.0
"(n3:25664.07687073056877125,(n2:5330.84364569453282456,(n0:4008.24327673419566054,n1:4008.24327673419566054):1322.60036896033670928):20333.23322503603412770);",23276.0
"(n3:25709.40646924125030637,(n2:5330.84364569453282456,(n0:4008.24327673419566054,n1:4008.24327673419566054):1322.60036896033670928):20378.56282354671566281);",363.0
"(n3:31561.23241982165563968,(n2:5330.84364569453282456,(n0:4008.24327673419566054,n1:4008.24327673419566054):1322.60036896033670928):26230.38877412712463411);",12813.0
"(n3:31561.23241982165563968,(n2:5330.84364569453282456,(n0:4179.39050430713905371,n1:4179.39050430713905371):1151.45314138739286136):26230.38877412712463411);",9910.0
"(n3:28009.94427803602593485,(n2:5330.84364569453282456,(n0:4179.39050430713905371,n1:4179.39050430713905371):1151.45314138739286136):22679.10063234149129130);",930.0
"(n3:28009.94427803602593485,(n2:5414.50013282373856782,(n0:4179.39050430713905371,n1:4179.39050430713905371):1235.10962851659860462):22595.44414521228827653);",20847.0
"(n3:30286.73752243020862807,(n2:5414.50013282373856782,(n0:4179.39050430713905371,n1:4179.39050430713905371):1235.10962851659860462):24872.23738960647096974);",6658.0
"(n3:30286.73752243020862807,(n2:6521.30993132705680182,(n0:4179.39050430713905371,n1:4179.39050430713905371):2341.91942701991683862):23765.42759110315091675);",16654.0
"(n3:31561.23241982165563968,(n2:6521.30993132705680182,(n0:4179.39050430713905371,n1:4179.39050430713905371):2341.91942701991683862):25039.92248849459792837);",28186.0
"(n3:31561.23241982165563968,(n0:6521.30993132705589233,(n1:5414.50013282373765833,n2:5414.50013282373856782):1106.80979850331823400):25039.92248849459792837);",6842.0
"(n3:26885.65098034863331122,(n0:6521.30993132705589233,(n1:5414.50013282373765833,n2:5414.50013282373856782):1106.80979850331823400):20364.34104902157559991);",100369.0
"(n3:29682.86787186747824308,(n0:6521.30993132705589233,(n1:5414.50013282373765833,n2:5414.50013282373856782):1106.80979850331823400):23161.55794054042053176);",12023.0
"(n3:29682.86787186747824308,(n0:6521.30993132705589233,(n1:5221.64262592863451573,n2:5221.64262592863451573):1299.66730539842228609):23161.55794054042053176);",7286.0
"(n3:29682.86787186747824308,(n2:6521.30993132705680182,(n0:4179.39050430713905371,n1:4179.39050430713905371):2341.91942701991683862):23161.55794054042053176);",13400.0
"(n3:29682.86787186747824308,(n2:5330.84364569453282456,(n0:4179.39050430713905371,n1:4179.39050430713905371):1151.45314138739286136):24352.02422617294359952);",3875.0
"(n3:29682.86787186747824308,(n2:5459.57363622223783750,(n0:4179.39050430713905371,n1:4179.39050430713905371):1280.18313191509787430):24223.29423564524040557);",12520.0
"(n3:29682.86787186747824308,(n1:5459.57363622223783750,(n0:5221.64262592863451573,n2:5221.64262592863451573):237.93101029360332177):24223.29423564524040557);",23315.0
"(n3:25709.40646924125030637,(n1:5459.57363622223783750,(n0:5221.64262592863451573,n2:5221.64262592863451573):237.93101029360332177):20249.83283301901246887);",8415.0
"(n3:25709.40646924125030637,(n1:5459.57363622223783750,(n0:5330.84364569453282456,n2:5330.84364569453282456):128.72999052770501294):20249.83283301901246887);",13872.0
"(n3:29682.86787186747824308,(n1:5459.57363622223783750,(n0:5330.84364569453282456,n2:5330.84364569453282456):128.72999052770501294):24223.29423564524040557);",10004.0
"(n3:26802.32918527077708859,(n1:5459.57363622223783750,(n0:5330.84364569453282456,n2:5330.84364569453282456):128.72999052770501294):21342.75554904853925109);",28914.0
"(n3:25176.67233142344412045,(n1:5459.57363622223783750,(n0:5330.84364569453282456,n2:5330.84364569453282456):128.72999052770501294):19717.09869520120628295);",7290.0
"(n3:25790.82657660023323842,(n1:5459.57363622223783750,(n0:5330.84364569453282456,n2:5330.84364569453282456):128.72999052770501294):20331.25294037799540092);",58241.0
"(n3:25747.46543790119540063,(n1:5459.57363622223783750,(n0:5330.84364569453282456,n2:5330.84364569453282456):128.72999052770501294):20287.89180167895756313);",17123.0
"(n3:25747.46543790119540063,(n2:5459.57363622223783750,(n0:4612.58842805330641568,n1:4612.58842805330641568):846.98520816893051233):20287.89180167895756313);",2505.0
"(n3:25790.82657660023323842,(n2:5459.57363622223783750,(n0:4612.58842805330641568,n1:4612.58842805330641568):846.98520816893051233):20331.25294037799540092);",18093.0
"(n3:25790.82657660023323842,(n0:5459.57363622223783750,(n1:5414.50013282373765833,n2:5414.50013282373856782):45.07350339849926968):20331.25294037799540092);",13715.0
"(n3:25790.82657660023323842,(n0:6524.21603530861102627,(n1:5414.50013282373765833,n2:5414.50013282373856782):1109.71590248487245844):19266.61054129162221216);",14890.0
"(n3:25790.82657660023323842,(n0:6524.21603530861102627,(n1:5330.84364569453282456,n2:5330.84364569453282456):1193.37238961407820170):19266.61054129162221216);",6773.0
"(n3:25176.67233142344412045,(n0:6524.21603530861102627,(n1:5330.84364569453282456,n2:5330.84364569453282456):1193.37238961407820170):18652.45629611483309418);",37090.0
"(n3:25176.67233142344412045,(n2:6524.21603530861102627,(n0:4117.59218885975315061,n1:4117.59218885975315061):2406.62384644885696616):18652.45629611483309418);",5168.0
"(n3:25176.67233142344412045,(n2:9753.98662131694072741,(n0:4117.59218885975315061,n1:4117.59218885975315061):5636.39443245718666731):15422.68571010650339304);",4089.0
"(n3:25176.67233142344412045,(n2:10180.82843212507759745,(n0:4117.59218885975315061,n1:4117.59218885975315061):6063.23624326532353734):14995.84389929836652300);",17422.0
"(n3:25176.67233142344412045,(n2:9650.56171984738284664,(n0:4117.59218885975315061,n1:4117.59218885975315061):5532.96953098762878653):15526.11061157606127381);",47715.0
"(n3:25176.67233142344412045,(n1:9650.56171984738284664,(n0:5970.03486694746970898,n2:5970.03486694747061847):3680.52685289991222817):15526.11061157606127381);",3760.0
"(n3:27094.89408387527510058,(n1:9650.56171984738284664,(n0:5970.03486694746970898,n2:5970.03486694747061847):3680.52685289991222817):17444.33236402789043495);",5853.0
"(n3:27094.89408387527510058,(n1:9836.07958574267649965,(n0:5970.03486694746970898,n2:5970.03486694747061847):3866.04471879520588118):17258.81449813259678194);",23588.0
"(n3:27094.89408387527510058,(n1:9836.07958574267649965,(n0:6049.65641371144192817,n2:6049.65641371144192817):3786.42317203123457148):17258.81449813259678194);",14130.0
"(n3:27094.89408387527510058,(n1:10367.61128007691695530,(n0:6049.65641371144192817,n2:6049.65641371144192817):4317.95486636547502712):16727.28280379835632630);",47368.0
"(n3:27094.89408387527510058,(n1:10367.61128007691695530,(n0:5471.64999021616495156,n2:5471.64999021616586106):4895.96128986075109424):16727.28280379835632630);",2177.0
"(n3:26885.65098034863331122,(n1:10367.61128007691695530,(n0:5471.64999021616495156,n2:5471.64999021616586106):4895.96128986075109424):16518.03970027171453694);",38206.0
"(n3:25937.48813799372510402,(n1:10367.61128007691695530,(n0:5471.64999021616495156,n2:5471.64999021616586106):4895.96128986075109424):15569.87685791680814873);",9951.0
"(n3:25937.48813799372510402,(n1:9650.56171984738284664,(n0:5471.64999021616495156,n2:5471.64999021616586106):4178.91172963121698558):16286.92641814634225739);",3231.0
"(n3:25937.48813799372510402,(n1:10367.61128007691695530,(n0:5471.64999021616495156,n2:5471.64999021616586106):4895.96128986075109424):15569.87685791680814873);",12064.0
"(n3:25937.48813799372510402,(n1:10079.15437618832947919,(n0:5471.64999021616495156,n2:5471.64999021616586106):4607.50438597216361813):15858.33376180539562483);",6160.0
"(n3:25937.48813799372510402,(n1:6742.62237958143668948,(n0:5471.64999021616495156,n2:5471.64999021616586106):1270.97238936527173792):19194.86575841228841455);",54825.0
"(n3:25937.48813799372510402,(n0:5471.64999021616495156,(n1:5178.17444947190051607,n2:5178.17444947190142557):293.47554074426443549):20465.83814777755833347);",656.0
"(n3:25176.67233142344412045,(n0:5471.64999021616495156,(n1:5178.17444947190051607,n2:5178.17444947190142557):293.47554074426443549):19705.02234120727734989);",4313.0
"(n3:28145.08079866532352753,(n0:5471.64999021616495156,(n1:5178.17444947190051607,n2:5178.17444947190142557):293.47554074426443549):22673.43080844915675698);",186.0
"(n3:26080.79662841890967684,(n0:5471.64999021616495156,(n1:5178.17444947190051607,n2:5178.17444947190142557):293.47554074426443549):20609.14663820274290629);",18390.0
"(n3:26080.79662841890967684,(n2:5178.17444947190142557,(n0:5066.27186306373187108,n1:5066.27186306373187108):111.90258640816955449):20902.62217894700734178);",935.0
"(n3:25751.14436762029072270,(n2:5178.17444947190142557,(n0:5066.27186306373187108,n1:5066.27186306373187108):111.90258640816955449):20572.96991814838838764);",3919.0
"(n3:25881.66838739207014441,(n2:5178.17444947190142557,(n0:5066.27186306373187108,n1:5066.27186306373187108):111.90258640816955449):20703.49393792016780935);",22509.0
"(n3:25881.66838739207014441,(n2:5178.17444947190142557,(n0:4332.03831025129693444,n1:4332.03831025129693444):846.13613922060449113):20703.49393792016780935);",954.0
"(n3:26080.79662841890967684,(n2:5178.17444947190142557,(n0:4332.03831025129693444,n1:4332.03831025129693444):846.13613922060449113):20902.62217894700734178);",31526.0
"(n3:26080.79662841890967684,(n2:5972.53276168623415288,(n0:4332.03831025129693444,n1:4332.03831025129693444):1640.49445143493721844):20108.26386673267552396);",15409.0
"(n3:26080.79662841890967684,(n2:5972.53276168623415288,(n0:5353.26424501423025504,n1:5353.26424501423025504):619.26851667200298834):20108.26386673267552396);",11078.0
"(n3:26080.79662841890967684,(n2:7162.32627638701524120,(n0:5353.26424501423025504,n1:5353.26424501423025504):1809.06203137278407667):18918.47035203189443564);",6080.0
"(n3:26080.79662841890967684,(n2:5972.53276168623415288,(n0:5353.26424501423025504,n1:5353.26424501423025504):619.26851667200298834):20108.26386673267552396);",20691.0
"(n3:26080.79662841890967684,(n2:5972.53276168623415288,(n0:4375.55589443415919959,n1:4375.55589443415919959):1596.97686725207404379):20108.26386673267552396);",4560.0
"(n3:25937.48813799372510402,(n2:5972.53276168623415288,(n0:4375.55589443415919959,n1:4375.55589443415919959):1596.97686725207404379):19964.95537630749095115);",7232.0
"(n3:25289.82252203566167736,(n2:5972.53276168623415288,(n0:4375.55589443415919959,n1:4375.55589443415919959):1596.97686725207404379):19317.28976034942752449);",10097.0
"(n3:25289.82252203566167736,(n2:7817.87256414272815164,(n0:4375.55589443415919959,n1:4375.55589443415919959):3442.31666970856804255):17471.94995789293170674);",17339.0
"(n3:25289.82252203566167736,(n2:7817.87256414272815164,(n0:4262.75590820193792752,n1:4262.75590820193792752):3555.11665594078931463):17471.94995789293170674);",13059.0
"(n3:25289.82252203566167736,(n2:5972.53276168623415288,(n0:4262.75590820193792752,n1:4262.75590820193792752):1709.77685348429531587):19317.28976034942752449);",351.0
"(n3:26888.05678290050127544,(n2:5972.53276168623415288,(n0:4262.75590820193792752,n1:4262.75590820193792752):1709.77685348429531587):20915.52402121426712256);",12645.0
"(n3:25337.59119159775218577,(n2:5972.53276168623415288,(n0:4262.75590820193792752,n1:4262.75590820193792752):1709.77685348429531587):19365.05842991151803290);",27930.0
"(n3:26327.83917424020910403,(n2:5972.53276168623415288,(n0:4262.75590820193792752,n1:4262.75590820193792752):1709.77685348429531587):20355.30641255397495115);",21038.0
"(n3:25857.62055519517889479,(n2:5972.53276168623415288,(n0:4262.75590820193792752,n1:4262.75590820193792752):1709.77685348429531587):19885.08779350894474192);",823.0
"(n3:26910.37436638178041903,(n2:5972.53276168623415288,(n0:4262.75590820193792752,n1:4262.75590820193792752):1709.77685348429531587):20937.84160469554626616);",190.0
"(n3:25340.95179613359505311,(n2:5972.53276168623415288,(n0:4262.75590820193792752,n1:4262.75590820193792752):1709.77685348429531587):19368.41903444736090023);",23411.0
"(n3:25340.95179613359505311,(n0:7088.12661084678802581,(n2:5972.53276168623415288,n1:5972.53276168623415288):1115.59384916055387293):18252.82518528680520831);",18032.0
"(n3:25340.95179613359505311,(n0:7088.12661084678802581,(n1:5488.72586171964758250,n2:5488.72586171964758250):1599.40074912714044331):18252.82518528680520831);",25530.0
"(n3:25340.95179613359505311,(n0:7162.32627638701524120,(n1:5488.72586171964758250,n2:5488.72586171964758250):1673.60041466736765869):18178.62551974657981191);",20834.0
"(n3:25340.95179613359505311,(n0:5972.53276168623415288,(n1:5488.72586171964758250,n2:5488.72586171964758250):483.80689996658657037):19368.41903444736090023);",16991.0
"(n3:25340.95179613359505311,(n2:5488.72586171964758250,(n0:5064.39029536506677687,n1:5064.39029536506677687):424.33556635458080564):19852.22593441394565161);",37311.0
"(n3:25340.95179613359505311,(n1:5972.53276168623415288,(n2:5488.72586171964758250,n0:5488.72586171964758250):483.80689996658657037):19368.41903444736090023);",1923.0
"(n3:25340.95179613359505311,(n1:7162.32627638701524120,(n2:5488.72586171964758250,n0:5488.72586171964758250):1673.60041466736765869):18178.62551974657981191);",5015.0
"(n3:25340.95179613359505311,(n1:7088.12661084678802581,(n2:5488.72586171964758250,n0:5488.72586171964758250):1599.40074912714044331):18252.82518528680520831);",5842.0
"(n3:25340.95179613359505311,(n2:5488.72586171964758250,(n0:5064.39029536506677687,n1:5064.39029536506677687):424.33556635458080564):19852.22593441394565161);",3970.0
"(n3:25340.95179613359505311,(n2:6049.65641371144192817,(n0:5064.39029536506677687,n1:5064.39029536506677687):985.26611834637515130):19291.29538242215494392);",13338.0
"(n3:25340.95179613359505311,(n0:6049.65641371144192817,(n1:5178.17444947190051607,n2:5178.17444947190142557):871.48196423954050260):19291.29538242215494392);",40492.0
"(n3:26910.37436638178041903,(n0:6049.65641371144192817,(n1:5178.17444947190051607,n2:5178.17444947190142557):871.48196423954050260):20860.71795267034030985);",22786.0
"(n3:26910.37436638178041903,(n2:6806.57498597918311134,(n0:6049.65641371144192817,n1:6049.65641371144192817):756.91857226774118317):20103.79938040259730769);",20466.0
"(n3:26910.37436638178041903,(n2:8027.60574181449737807,(n0:6049.65641371144192817,n1:6049.65641371144192817):1977.94932810305544990):18882.76862456728122197);",13461.0
"(n3:25340.95179613359505311,(n2:8027.60574181449737807,(n0:6049.65641371144192817,n1:6049.65641371144192817):1977.94932810305544990):17313.34605431909585604);",1268.0
"(n3:25340.95179613359505311,(n2:7088.12661084678802581,(n0:6049.65641371144192817,n1:6049.65641371144192817):1038.47019713534609764):18252.82518528680520831);",17707.0
"(n3:25340.95179613359505311,(n0:8027.60574181449737807,(n2:7088.12661084678802581,n1:7088.12661084678802581):939.47913096770935226):17313.34605431909585604);",25759.0
"(n3:25340.95179613359505311,(n2:8027.60574181449737807,(n0:5118.61400519512062601,n1:5118.61400519512062601):2908.99173661937584257):17313.34605431909585604);",2815.0
"(n3:26910.37436638178041903,(n2:8027.60574181449737807,(n0:5118.61400519512062601,n1:5118.61400519512062601):2908.99173661937584257):18882.76862456728122197);",969.0
"(n3:26910.37436638178041903,(n0:8027.60574181449737807,(n1:7088.12661084678802581,n2:7088.12661084678802581):939.47913096770935226):18882.76862456728122197);",32919.0
"(n3:26327.83917424020910403,(n0:8027.60574181449737807,(n1:7088.12661084678802581,n2:7088.12661084678802581):939.47913096770935226):18300.23343242570990697);",10260.0
"(n3:26327.83917424020910403,(n0:9789.07357129029878706,(n1:7088.12661084678802581,n2:7088.12661084678802581):2700.94696044351076125):16538.76560294991213595);",644.0
"(n3:26910.37436638178041903,(n0:9789.07357129029878706,(n1:7088.12661084678802581,n2:7088.12661084678802581):2700.94696044351076125):17121.30079509148345096);",27985.0
"(n3:26910.37436638178041903,(n1:7088.12661084678802581,(n0:6448.42341926130211505,n2:6448.42341926130302454):639.70319158548500127):19822.24775553499057423);",1422.0
"(n3:26910.37436638178041903,(n0:7088.12661084678802581,(n1:5824.42830447085361811,n2:5824.42830447085361811):1263.69830637593440770):19822.24775553499057423);",13802.0
"(n3:26088.51231598620870500,(n0:7088.12661084678802581,(n1:5824.42830447085361811,n2:5824.42830447085361811):1263.69830637593440770):19000.38570513942249818);",40766.0
"(n3:26088.51231598620870500,(n1:7088.12661084678802581,(n0:6448.42341926130211505,n2:6448.42341926130302454):639.70319158548500127):19000.38570513942249818);",1407.0
"(n3:26088.51231598620870500,(n2:7088.12661084678802581,(n0:5910.80969253164039401,n1:5910.80969253164039401):1177.31691831514672231):19000.38570513942249818);",2945.0
"(n3:26088.51231598620870500,(n1:7088.12661084678802581,(n0:5268.61964569263545854,n2:5268.61964569263545854):1819.50696515415256727):19000.38570513942249818);",3680.0
"(n3:26088.51231598620870500,(n2:5268.61964569263545854,(n0:4891.80246295114557142,n1:4891.80246295114557142):376.81718274148897763):20819.89267029357142746);",2051.0
"(n3:26088.51231598620870500,(n1:7088.12661084678802581,(n2:5268.61964569263545854,n0:5268.61964569263545854):1819.50696515415256727):19000.38570513942249818);",3273.0
"(n3:26910.37436638178041903,(n1:7088.12661084678802581,(n2:5268.61964569263545854,n0:5268.61964569263545854):1819.50696515415256727):19822.24775553499057423);",2784.0
"(n3:26088.51231598620870500,(n1:7088.12661084678802581,(n2:5268.61964569263545854,n0:5268.61964569263545854):1819.50696515415256727):19000.38570513942249818);",4490.0
"(n3:26088.51231598620870500,(n1:7088.12661084678802581,(n0:5353.26424501423025504,n2:5353.26424501423116453):1734.86236583255686128):19000.38570513942249818);",1711.0
"(n3:26088.51231598620870500,(n1:9650.56171984738284664,(n0:5353.26424501423025504,n2:5353.26424501423116453):4297.29747483315168211):16437.95059613882767735);",43807.0
"(n3:26088.51231598620870500,(n1:8419.13645528568667942,(n0:5353.26424501423025504,n2:5353.26424501423116453):3065.87221027145551489):17669.37586070052202558);",15508.0
"(n3:26088.51231598620870500,(n1:9650.56171984738284664,(n0:5353.26424501423025504,n2:5353.26424501423116453):4297.29747483315168211):16437.95059613882767735);",6270.0
"(n3:26088.51231598620870500,(n1:6602.76479664116595814,(n0:5353.26424501423025504,n2:5353.26424501423116453):1249.50055162693479360):19485.74751934504456585);",42750.0
"(n3:27993.21982713208853966,(n1:6602.76479664116595814,(n0:5353.26424501423025504,n2:5353.26424501423116453):1249.50055162693479360):21390.45503049092076253);",11128.0
"(n3:27993.21982713208853966,(n0:7453.70692644083646883,(n1:6602.76479664116595814,n2:6602.76479664116595814):850.94212979967142019):20539.51290069125025184);",8925.0
"(n3:26080.79662841890967684,(n0:7453.70692644083646883,(n1:6602.76479664116595814,n2:6602.76479664116595814):850.94212979967142019):18627.08970197807138902);",66406.0
"(n3:26025.41724903331851237,(n0:7453.70692644083646883,(n1:6602.76479664116595814,n2:6602.76479664116595814):850.94212979967142019):18571.71032259248022456);",30825.0
"(n3:25238.17696499148223666,(n0:7453.70692644083646883,(n1:6602.76479664116595814,n2:6602.76479664116595814):850.94212979967142019):17784.47003855064394884);",17655.0
"(n3:25238.17696499148223666,(n2:6602.76479664116595814,(n0:4874.03787805774300068,n1:4874.03787805774300068):1728.72691858342204796):18635.41216835031809751);",23717.0
"(n3:25238.17696499148223666,(n2:5910.80969253164130350,(n0:4874.03787805774300068,n1:4874.03787805774300068):1036.77181447389739333):19327.36727245984002366);",5372.0
"(n3:25993.50741166984880692,(n2:5910.80969253164130350,(n0:4874.03787805774300068,n1:4874.03787805774300068):1036.77181447389739333):20082.69771913820659393);",2287.0
"(n3:25993.50741166984880692,(n2:5910.80969253164130350,(n0:4577.85505758712133684,n1:4577.85505758712133684):1332.95463494451996667):20082.69771913820659393);",2714.0
"(n3:25938.39482144260546193,(n2:5910.80969253164130350,(n0:4577.85505758712133684,n1:4577.85505758712133684):1332.95463494451996667):20027.58512891096324893);",5642.0
"(n3:26025.41724903331851237,(n2:5910.80969253164130350,(n0:4577.85505758712133684,n1:4577.85505758712133684):1332.95463494451996667):20114.60755650167629938);",21333.0
"(n3:26025.41724903331851237,(n0:7453.70692644083646883,(n2:5910.80969253164130350,n1:5910.80969253164039401):1542.89723390919607482):18571.71032259248022456);",10296.0
"(n3:26025.41724903331851237,(n0:6441.22089593428609078,(n2:5910.80969253164130350,n1:5910.80969253164039401):530.41120340264569677):19584.19635309903242160);",5802.0
"(n3:26025.41724903331851237,(n0:6441.22089593428609078,(n1:5178.17444947190051607,n2:5178.17444947190142557):1263.04644646238557470):19584.19635309903242160);",34368.0
"(n3:26025.41724903331851237,(n1:6441.22089593428609078,(n0:5314.00627518406145100,n2:5314.00627518406236049):1127.21462075022463978):19584.19635309903242160);",2705.0
"(n3:26025.41724903331851237,(n1:5717.66360134246497182,(n0:5314.00627518406145100,n2:5314.00627518406236049):403.65732615840352082):20307.75364769085354055);",1881.0
"(n3:25938.39482144260546193,(n1:5717.66360134246497182,(n0:5314.00627518406145100,n2:5314.00627518406236049):403.65732615840352082):20220.73122010014049010);",4472.0
"(n3:25259.82391600336268311,(n1:5717.66360134246497182,(n0:5314.00627518406145100,n2:5314.00627518406236049):403.65732615840352082):19542.16031466089771129);",1963.0
"(n3:25259.82391600336268311,(n2:5314.00627518406236049,(n0:4117.59218885975315061,n1:4117.59218885975315061):1196.41408632430830039):19945.81764081929941312);",762.0
"(n3:25767.15937326754283276,(n2:5314.00627518406236049,(n0:4117.59218885975315061,n1:4117.59218885975315061):1196.41408632430830039):20453.15309808347956277);",21247.0
"(n3:26585.04367010888017830,(n2:5314.00627518406236049,(n0:4117.59218885975315061,n1:4117.59218885975315061):1196.41408632430830039):21271.03739492481690831);",8489.0
"(n3:26585.04367010888017830,(n2:5717.66360134246588132,(n0:4117.59218885975315061,n1:4117.59218885975315061):1600.07141248271182121):20867.38006876641520648);",9291.0
"(n3:25938.39482144260546193,(n2:5717.66360134246588132,(n0:4117.59218885975315061,n1:4117.59218885975315061):1600.07141248271182121):20220.73122010014049010);",6710.0
"(n3:25938.39482144260546193,(n2:5717.66360134246588132,(n0:5330.84364569453282456,n1:5330.84364569453282456):386.81995564793305675):20220.73122010014049010);",1697.0
"(n3:25938.39482144260546193,(n0:5717.66360134246497182,(n1:5697.80941124924538599,n2:5697.80941124924629548):19.85419009321958583):20220.73122010014049010);",5968.0
"(n3:26585.04367010888017830,(n0:5717.66360134246497182,(n1:5697.80941124924538599,n2:5697.80941124924629548):19.85419009321958583):20867.38006876641520648);",8552.0
"(n3:26585.04367010888017830,(n2:5697.80941124924629548,(n0:4070.66527323117907144,n1:4070.66527323117907144):1627.14413801806676929):20887.23425885963297333);",42541.0
"(n3:26585.04367010888017830,(n0:5697.80941124924538599,(n1:5255.27454657507951197,n2:5255.27454657508042146):442.53486467416587402):20887.23425885963297333);",2051.0
"(n3:26585.04367010888017830,(n0:5717.66360134246497182,(n1:5255.27454657507951197,n2:5255.27454657508042146):462.38905476738545985):20867.38006876641520648);",21233.0
"(n3:25259.82391600336268311,(n0:5717.66360134246497182,(n1:5255.27454657507951197,n2:5255.27454657508042146):462.38905476738545985):19542.16031466089771129);",6861.0
"(n3:25259.82391600336268311,(n2:5717.66360134246588132,(n0:4760.84583027714506898,n1:4760.84583027714506898):956.81777106531990285):19542.16031466089771129);",18078.0
"(n3:26585.04367010888017830,(n2:5717.66360134246588132,(n0:4760.84583027714506898,n1:4760.84583027714506898):956.81777106531990285):20867.38006876641520648);",26500.0
"(n3:26585.04367010888017830,(n2:5717.66360134246588132,(n0:5221.64262592863451573,n1:5221.64262592863451573):496.02097541383136559):20867.38006876641520648);",44769.0
"(n3:27214.20521772717620479,(n2:5717.66360134246588132,(n0:5221.64262592863451573,n1:5221.64262592863451573):496.02097541383136559):21496.54161638471123297);",9788.0
"(n3:27214.20521772717620479,(n1:5717.66360134246497182,(n0:5697.80941124924538599,n2:5697.80941124924629548):19.85419009321958583):21496.54161638471123297);",13315.0
"(n3:27214.20521772717620479,(n1:5717.66360134246497182,(n0:5255.27454657507951197,n2:5255.27454657508042146):462.38905476738545985):21496.54161638471123297);",7156.0
"(n3:27214.20521772717620479,(n2:5717.66360134246588132,(n0:5330.84364569453282456,n1:5330.84364569453282456):386.81995564793305675):21496.54161638471123297);",1328.0
"(n3:27214.20521772717620479,(n2:6441.22089593428700027,(n0:5330.84364569453282456,n1:5330.84364569453282456):1110.37725023975417571):20772.98432179289011401);",11468.0
"(n3:27214.20521772717620479,(n2:6441.22089593428700027,(n0:4207.14778781822860765,n1:4207.14778781822860765):2234.07310811605839262):20772.98432179289011401);",10730.0
"(n3:27214.20521772717620479,(n2:5221.64262592863451573,(n0:4207.14778781822860765,n1:4207.14778781822860765):1014.49483811040590808):21992.56259179854168906);",20344.0
"(n3:27214.20521772717620479,(n2:6441.22089593428700027,(n0:4207.14778781822860765,n1:4207.14778781822860765):2234.07310811605839262):20772.98432179289011401);",13755.0
"(n3:27214.20521772717620479,(n2:5200.00322707853410975,(n0:4207.14778781822860765,n1:4207.14778781822860765):992.85543926030550210):22014.20199064864209504);",41800.0
"(n3:27214.20521772717620479,(n2:5200.00322707853410975,(n0:4685.54589973246766021,n1:4685.54589973246766021):514.45732734606554004):22014.20199064864209504);",1327.0
"(n3:27214.20521772717620479,(n2:7300.40575520204856730,(n0:4685.54589973246766021,n1:4685.54589973246766021):2614.85985546957999759):19913.79946252512672800);",115116.0
"(n3:26102.17102498786334763,(n2:7300.40575520204856730,(n0:4685.54589973246766021,n1:4685.54589973246766021):2614.85985546957999759):18801.76526978581387084);",17533.0
"(n3:26102.17102498786334763,(n2:14758.12607920365189784,(n0:4685.54589973246766021,n1:4685.54589973246766021):10072.58017947118423763):11344.04494578421144979);",1577.0
"(n3:26102.17102498786334763,(n2:16409.61277361664178898,(n0:4685.54589973246766021,n1:4685.54589973246766021):11724.06687388417412876):9692.55825137122155866);",17612.0
"(n3:26102.17102498786334763,(n2:11071.85951483918870508,(n0:4685.54589973246766021,n1:4685.54589973246766021):6386.31361510672013537):15030.31151014867464255);",6407.0
"(n3:26102.17102498786334763,(n1:11071.85951483918870508,(n0:6441.22089593428609078,n2:6441.22089593428700027):4630.63861890490170481):15030.31151014867464255);",7655.0
"(n3:26102.17102498786334763,(n0:11071.85951483918870508,(n1:5807.57010462592006661,n2:5807.57010462592097610):5264.28941021326772898):15030.31151014867464255);",1821.0
"(n3:26102.17102498786334763,(n1:11071.85951483918870508,(n0:5910.80969253164039401,n2:5910.80969253164130350):5161.04982230754740158):15030.31151014867464255);",10501.0
"(n3:27214.20521772717620479,(n1:11071.85951483918870508,(n0:5910.80969253164039401,n2:5910.80969253164130350):5161.04982230754740158):16142.34570288798749971);",10587.0
"(n3:28394.83684577566600638,(n1:11071.85951483918870508,(n0:5910.80969253164039401,n2:5910.80969253164130350):5161.04982230754740158):17322.97733093647548230);",6704.0
"(n3:25819.06886662958277157,(n1:11071.85951483918870508,(n0:5910.80969253164039401,n2:5910.80969253164130350):5161.04982230754740158):14747.20935179039406648);",35448.0
"(n3:25819.06886662958277157,(n2:5910.80969253164130350,(n0:4582.75567499831777241,n1:4582.75567499831777241):1328.05401753332262160):19908.25917409794055857);",3610.0
"(n3:28394.83684577566600638,(n2:5910.80969253164130350,(n0:4582.75567499831777241,n1:4582.75567499831777241):1328.05401753332262160):22484.02715324402379338);",713.0
"(n3:27504.29301521824527299,(n2:5910.80969253164130350,(n0:4582.75567499831777241,n1:4582.75567499831777241):1328.05401753332262160):21593.48332268660305999);",10148.0
"(n3:28988.79488878424672293,(n2:5910.80969253164130350,(n0:4582.75567499831777241,n1:4582.75567499831777241):1328.05401753332262160):23077.98519625260450994);",29067.0
"(n3:25235.20909365876650554,(n2:5910.80969253164130350,(n0:4582.75567499831777241,n1:4582.75567499831777241):1328.05401753332262160):19324.39940112712429254);",14490.0
"(n3:25919.77581482816094649,(n2:5910.80969253164130350,(n0:4582.75567499831777241,n1:4582.75567499831777241):1328.05401753332262160):20008.96612229651873349);",9908.0
"(n3:25919.77581482816094649,(n0:9531.45347903713081905,(n2:5910.80969253164130350,n1:5910.80969253164039401):3620.64378650548951555):16388.32233579103194643);",8325.0
"(n3:25919.77581482816094649,(n2:9531.45347903713081905,(n0:5807.57010462592006661,n1:5807.57010462592006661):3723.88337441120984295):16388.32233579103194643);",11903.0
"(n3:25919.77581482816094649,(n2:8610.95041632218271843,(n0:5807.57010462592006661,n1:5807.57010462592006661):2803.38031169626174233):17308.82539850597822806);",8644.0
"(n3:25919.77581482816094649,(n2:10700.22053122188299312,(n0:5807.57010462592006661,n1:5807.57010462592006661):4892.65042659596201702):15219.55528360627795337);",1198.0
"(n3:27792.33093255776839214,(n2:10700.22053122188299312,(n0:5807.57010462592006661,n1:5807.57010462592006661):4892.65042659596201702):17092.11040133588539902);",71546.0
"(n3:27792.33093255776839214,(n2:10700.22053122188299312,(n0:4685.54589973246766021,n1:4685.54589973246766021):6014.67463148941442341):17092.11040133588539902);",8622.0
"(n3:27797.20703842707007425,(n2:10700.22053122188299312,(n0:4685.54589973246766021,n1:4685.54589973246766021):6014.67463148941442341):17096.98650720518708113);",7603.0
"(n3:27797.20703842707007425,(n2:7430.23997805725502985,(n0:4685.54589973246766021,n1:4685.54589973246766021):2744.69407832478646014):20366.96706036981413490);",44440.0
"(n3:27797.20703842707007425,(n2:5456.03366056687627861,(n0:4685.54589973246766021,n1:4685.54589973246766021):770.48776083440770890):22341.17337786019197665);",2956.0
"(n3:25585.86925519378200988,(n2:5456.03366056687627861,(n0:4685.54589973246766021,n1:4685.54589973246766021):770.48776083440770890):20129.83559462690755026);",9772.0
"(n3:25585.86925519378200988,(n1:5807.57010462592006661,(n2:5456.03366056687627861,n0:5456.03366056687627861):351.53644405904469750):19778.29915056786194327);",12793.0
"(n3:25585.86925519378200988,(n2:5456.03366056687627861,(n0:4685.54589973246766021,n1:4685.54589973246766021):770.48776083440770890):20129.83559462690755026);",19901.0
"(n3:25585.86925519378200988,(n0:6441.22089593428609078,(n2:5456.03366056687627861,n1:5456.03366056687627861):985.18723536741072166):19144.64835925949591910);",14234.0
"(n3:25585.86925519378200988,(n0:6441.22089593428609078,(n1:5807.57010462592006661,n2:5807.57010462592097610):633.65079130836602417):19144.64835925949591910);",1597.0
"(n3:25585.86925519378200988,(n0:6441.22089593428609078,(n1:5456.03366056687627861,n2:5456.03366056687627861):985.18723536741072166):19144.64835925949591910);",42155.0
"(n3:25585.86925519378200988,(n2:6441.22089593428700027,(n0:5748.28893303401491721,n1:5748.28893303401491721):692.93196290027208306):19144.64835925949591910);",3735.0
"(n3:25585.86925519378200988,(n0:6441.22089593428609078,(n1:5807.57010462592006661,n2:5807.57010462592097610):633.65079130836602417):19144.64835925949591910);",4416.0
"(n3:25585.86925519378200988,(n2:6441.22089593428700027,(n0:5211.23317608543220558,n1:5211.23317608543220558):1229.98771984885479469):19144.64835925949591910);",6671.0
"(n3:25585.86925519378200988,(n2:6441.22089593428700027,(n0:5748.28893303401491721,n1:5748.28893303401491721):692.93196290027208306):19144.64835925949591910);",34999.0
"(n3:25585.86925519378200988,(n0:6441.22089593428609078,(n1:5807.57010462592006661,n2:5807.57010462592097610):633.65079130836602417):19144.64835925949591910);",16731.0
"(n3:25585.86925519378200988,(n2:6441.22089593428700027,(n0:4036.49558730527132866,n1:4036.49558730527132866):2404.72530862901521687):19144.64835925949591910);",13403.0
"(n3:25585.86925519378200988,(n2:5748.28893303401491721,(n0:4036.49558730527132866,n1:4036.49558730527132866):1711.79334572874313380):19837.58032215976709267);",5806.0
"(n3:25585.86925519378200988,(n2:5748.28893303401491721,(n0:4498.32840320763716591,n1:4498.32840320763716591):1249.96052982637684181):19837.58032215976709267);",21249.0
"(n3:26508.41422801433509449,(n2:5748.28893303401491721,(n0:4498.32840320763716591,n1:4498.32840320763716591):1249.96052982637684181):20760.12529498032017727);",4746.0
"(n3:26399.65823621525123599,(n2:5748.28893303401491721,(n0:4498.32840320763716591,n1:4498.32840320763716591):1249.96052982637684181):20651.36930318123631878);",49789.0
"(n3:25585.86925519378200988,(n2:5748.28893303401491721,(n0:4498.32840320763716591,n1:4498.32840320763716591):1249.96052982637684181):19837.58032215976709267);",40850.0
"(n3:25585.86925519378200988,(n2:5252.48197123976478906,(n0:4498.32840320763716591,n1:4498.32840320763716591):754.15356803212671366):20333.38728395401631133);",28620.0
"(n3:26583.49892835456557805,(n2:5252.48197123976478906,(n0:4498.32840320763716591,n1:4498.32840320763716591):754.15356803212671366):21331.01695711479987949);",1978.0
"(n3:26583.49892835456557805,(n2:5314.00627518406236049,(n0:4498.32840320763716591,n1:4498.32840320763716591):815.67787197642428509):21269.49265317050230806);",3639.0
"(n3:26583.49892835456557805,(n1:6602.76479664116595814,(n2:5314.00627518406236049,n0:5314.00627518406145100):1288.75852145710359764):19980.73413171339780092);",22771.0
"(n3:26583.49892835456557805,(n1:6602.76479664116595814,(n0:5252.48197123976387957,n2:5252.48197123976478906):1350.28282540140116907):19980.73413171339780092);",69578.0
"(n3:26583.49892835456557805,(n0:6602.76479664116595814,(n1:5755.88001989124131796,n2:5755.88001989124131796):846.88477674992464017):19980.73413171339780092);",40219.0
"(n3:26583.49892835456557805,(n0:6602.76479664116595814,(n1:5500.56174919717886951,n2:5500.56174919717886951):1102.20304744398708863):19980.73413171339780092);",18693.0
"(n3:25196.37353930648532696,(n0:6602.76479664116595814,(n1:5500.56174919717886951,n2:5500.56174919717886951):1102.20304744398708863):18593.60874266531754984);",82121.0
"(n3:25196.37353930648532696,(n2:6602.76479664116595814,(n0:4142.55797168762364890,n1:4142.55797168762364890):2460.20682495354139974):18593.60874266531754984);",13174.0
"(n3:26583.49892835456557805,(n2:6602.76479664116595814,(n0:4142.55797168762364890,n1:4142.55797168762364890):2460.20682495354139974):19980.73413171339780092);",5571.0
"(n3:25196.37353930648532696,(n2:6602.76479664116595814,(n0:4142.55797168762364890,n1:4142.55797168762364890):2460.20682495354139974):18593.60874266531754984);",23107.0
"(n3:25196.37353930648532696,(n2:7088.12661084678802581,(n0:4142.55797168762364890,n1:4142.55797168762364890):2945.56863915916346741):18108.24692845969548216);",45629.0
"(n3:25196.37353930648532696,(n2:10337.05290344515924517,(n0:4142.55797168762364890,n1:4142.55797168762364890):6194.49493175753468677):14859.32063586132608179);",6910.0
"(n3:25196.37353930648532696,(n0:10337.05290344515924517,(n1:5500.56174919717886951,n2:5500.56174919717886951):4836.49115424798037566):14859.32063586132608179);",6126.0
"(n3:26508.41422801433509449,(n0:10337.05290344515924517,(n1:5500.56174919717886951,n2:5500.56174919717886951):4836.49115424798037566):16171.36132456917584932);",96707.0
"(n3:26508.41422801433509449,(n0:10337.05290344515924517,(n1:5463.51562154769271729,n2:5463.51562154769362678):4873.53728189746561839):16171.36132456917584932);",24658.0
"(n3:26508.41422801433509449,(n0:10337.05290344515924517,(n1:5340.23083008769026492,n2:5340.23083008769026492):4996.82207335746898025):16171.36132456917584932);",11337.0
"(n3:26508.41422801433509449,(n2:10337.05290344515924517,(n0:6388.18858689569424314,n1:6388.18858689569424314):3948.86431654946500203):16171.36132456917584932);",18994.0
"(n3:26508.41422801433509449,(n2:9163.95594030120446405,(n0:6388.18858689569424314,n1:6388.18858689569424314):2775.76735340551022091):17344.45828771313244943);",2851.0
"(n3:26508.41422801433509449,(n2:9516.61574326580011984,(n0:6388.18858689569424314,n1:6388.18858689569424314):3128.42715637010587670):16991.79848474853497464);",9353.0
"(n3:27765.18497890098660719,(n2:9516.61574326580011984,(n0:6388.18858689569424314,n1:6388.18858689569424314):3128.42715637010587670):18248.56923563518648734);",17149.0
"(n3:25196.37353930648532696,(n2:9516.61574326580011984,(n0:6388.18858689569424314,n1:6388.18858689569424314):3128.42715637010587670):15679.75779604068520712);",2805.0
"(n3:25196.37353930648532696,(n0:9516.61574326580011984,(n1:5500.56174919717886951,n2:5500.56174919717886951):4016.05399406862125034):15679.75779604068520712);",871.0
"(n3:25196.37353930648532696,(n0:10487.71560833534385893,(n1:5500.56174919717886951,n2:5500.56174919717886951):4987.15385913816498942):14708.65793097114146804);",28504.0
"(n3:25196.37353930648532696,(n0:9516.61574326580011984,(n1:5500.56174919717886951,n2:5500.56174919717886951):4016.05399406862125034):15679.75779604068520712);",24239.0
"(n3:25196.37353930648532696,(n0:8069.24905845565444906,(n1:5500.56174919717886951,n2:5500.56174919717886951):2568.68730925847557955):17127.12448085083087790);",1124.0
"(n3:25196.37353930648532696,(n0:8069.24905845565444906,(n1:5217.43654304778465303,n2:5217.43654304778556252):2851.81251540786888654):17127.12448085083087790);",27708.0
"(n3:25196.37353930648532696,(n0:8069.24905845565444906,(n1:5500.56174919717886951,n2:5500.56174919717886951):2568.68730925847557955):17127.12448085083087790);",585.0
"(n3:25196.37353930648532696,(n1:10487.71560833534385893,(n0:8069.24905845565444906,n2:8069.24905845565444906):2418.46654987968940986):14708.65793097114146804);",10200.0
"(n3:25196.37353930648532696,(n2:8069.24905845565444906,(n0:6049.65641371144192817,n1:6049.65641371144192817):2019.59264474421252089):17127.12448085083087790);",1599.0
"(n3:25196.37353930648532696,(n2:10487.71560833534385893,(n0:6049.65641371144192817,n1:6049.65641371144192817):4438.05919462390193075):14708.65793097114146804);",96.0
"(n3:25196.37353930648532696,(n2:8069.24905845565444906,(n0:6049.65641371144192817,n1:6049.65641371144192817):2019.59264474421252089):17127.12448085083087790);",753.0
"(n3:25196.37353930648532696,(n2:8069.24905845565444906,(n0:5848.40637118119229854,n1:5848.40637118119229854):2220.84268727446215053):17127.12448085083087790);",2536.0
"(n3:25196.37353930648532696,(n0:8069.24905845565444906,(n1:5830.98791850654379232,n2:5830.98791850654470181):2238.26113994910974725):17127.12448085083087790);",52833.0
"(n3:25196.37353930648532696,(n0:8069.24905845565444906,(n1:5217.43654304778465303,n2:5217.43654304778556252):2851.81251540786888654):17127.12448085083087790);",24335.0
"(n3:26234.18843071043738746,(n0:8069.24905845565444906,(n1:5217.43654304778465303,n2:5217.43654304778556252):2851.81251540786888654):18164.93937225478293840);",17896.0
"(n3:26234.18843071043738746,(n0:5830.98791850654379232,(n1:5217.43654304778465303,n2:5217.43654304778556252):613.55137545875913929):20403.20051220389359514);",18726.0
"(n3:25176.67233142344412045,(n0:5830.98791850654379232,(n1:5217.43654304778465303,n2:5217.43654304778556252):613.55137545875913929):19345.68441291690032813);",4525.0
"(n3:25631.87235695845083683,(n0:5830.98791850654379232,(n1:5217.43654304778465303,n2:5217.43654304778556252):613.55137545875913929):19800.88443845190704451);",27206.0
"(n3:26234.18843071043738746,(n0:5830.98791850654379232,(n1:5217.43654304778465303,n2:5217.43654304778556252):613.55137545875913929):20403.20051220389359514);",7841.0
"(n3:26234.18843071043738746,(n0:5830.98791850654379232,(n1:5340.23083008769026492,n2:5340.23083008769026492):490.75708841885443690):20403.20051220389359514);",20672.0
"(n3:26234.18843071043738746,(n0:5830.98791850654379232,(n1:5217.43654304778465303,n2:5217.43654304778556252):613.55137545875913929):20403.20051220389359514);",1877.0
"(n3:27031.40030920831122785,(n0:5830.98791850654379232,(n1:5217.43654304778465303,n2:5217.43654304778556252):613.55137545875913929):21200.41239070176743553);",67769.0
"(n3:28711.95142318774742307,(n0:5830.98791850654379232,(n1:5217.43654304778465303,n2:5217.43654304778556252):613.55137545875913929):22880.96350468120363075);",23448.0
"(n3:28711.95142318774742307,(n2:5830.98791850654470181,(n0:4832.52819254674432159,n1:4832.52819254674432159):998.45972595980038022):22880.96350468120363075);",7494.0
"(n3:28988.79488878424672293,(n2:5830.98791850654470181,(n0:4832.52819254674432159,n1:4832.52819254674432159):998.45972595980038022):23157.80697027770293062);",15262.0
"(n3:28988.79488878424672293,(n2:5830.98791850654470181,(n0:5037.97429181047118618,n1:5037.97429181047118618):793.01362669607260614):23157.80697027770293062);",277.0
"(n3:28231.37902348668649211,(n2:5830.98791850654470181,(n0:5037.97429181047118618,n1:5037.97429181047118618):793.01362669607260614):22400.39110498014269979);",3769.0
"(n3:28231.37902348668649211,(n2:5830.98791850654470181,(n0:4125.37172486414965533,n1:4125.37172486414965533):1705.61619364239504648):22400.39110498014269979);",16848.0
"(n3:26234.18843071043738746,(n2:5830.98791850654470181,(n0:4125.37172486414965533,n1:4125.37172486414965533):1705.61619364239504648):20403.20051220389359514);",16648.0
"(n3:27031.40030920831122785,(n2:5830.98791850654470181,(n0:4125.37172486414965533,n1:4125.37172486414965533):1705.61619364239504648):21200.41239070176743553);",1775.0
"(n3:27031.40030920831122785,(n2:5830.98791850654470181,(n0:5037.97429181047118618,n1:5037.97429181047118618):793.01362669607260614):21200.41239070176743553);",51164.0
"(n3:27031.40030920831122785,(n2:5830.98791850654470181,(n0:4138.78740562399070768,n1:4138.78740562399070768):1692.20051288255399413):21200.41239070176743553);",33401.0
"(n3:28988.79488878424672293,(n2:5830.98791850654470181,(n0:4138.78740562399070768,n1:4138.78740562399070768):1692.20051288255399413):23157.80697027770293062);",7382.0
"(n3:28988.79488878424672293,(n0:7658.73087595552351559,(n2:5830.98791850654470181,n1:5830.98791850654379232):1827.74295744897881377):21330.06401282872320735);",13453.0
"(n3:29288.54813458750504651,(n0:7658.73087595552351559,(n2:5830.98791850654470181,n1:5830.98791850654379232):1827.74295744897881377):21629.81725863198153093);",16836.0
"(n3:29288.54813458750504651,(n2:5830.98791850654470181,(n0:4832.52819254674432159,n1:4832.52819254674432159):998.45972595980038022):23457.56021608096125419);",1275.0
"(n3:25697.96990661447125603,(n2:5830.98791850654470181,(n0:4832.52819254674432159,n1:4832.52819254674432159):998.45972595980038022):19866.98198810792746372);",8522.0
"(n3:25697.96990661447125603,(n0:7658.73087595552351559,(n2:5830.98791850654470181,n1:5830.98791850654379232):1827.74295744897881377):18039.23903065894774045);",7783.0
"(n3:25697.96990661447125603,(n0:7506.18163618211474386,(n2:5830.98791850654470181,n1:5830.98791850654379232):1675.19371767557004205):18191.78827043235651217);",3670.0
"(n3:25697.96990661447125603,(n0:7588.45284760589311190,(n2:5830.98791850654470181,n1:5830.98791850654379232):1757.46492909934931959):18109.51705900857632514);",186.0
"(n3:25697.96990661447125603,(n2:7588.45284760589402140,(n0:4394.21970930333372962,n1:4394.21970930333372962):3194.23313830255938228):18109.51705900857632514);",14612.0
"(n3:29288.54813458750504651,(n2:7588.45284760589402140,(n0:4394.21970930333372962,n1:4394.21970930333372962):3194.23313830255938228):21700.09528698161011562);",23262.0
"(n3:28988.79488878424672293,(n2:7588.45284760589402140,(n0:4394.21970930333372962,n1:4394.21970930333372962):3194.23313830255938228):21400.34204117835179204);",36176.0
"(n3:28988.79488878424672293,(n2:5830.98791850654470181,(n0:4394.21970930333372962,n1:4394.21970930333372962):1436.76820920321006270):23157.80697027770293062);",11274.0
"(n3:25252.48461757102631964,(n2:5830.98791850654470181,(n0:4394.21970930333372962,n1:4394.21970930333372962):1436.76820920321006270):19421.49669906448252732);",27131.0
"(n3:25252.48461757102631964,(n2:5830.98791850654470181,(n0:5165.70028363703931973,n1:5165.70028363703931973):665.28763486950538208):19421.49669906448252732);",11061.0
"(n3:30405.03734157279177452,(n2:5830.98791850654470181,(n0:5165.70028363703931973,n1:5165.70028363703931973):665.28763486950538208):24574.04942306624798221);",2801.0
"(n3:30405.03734157279177452,(n2:5830.98791850654470181,(n0:4394.21970930333372962,n1:4394.21970930333372962):1436.76820920321006270):24574.04942306624798221);",45256.0
"(n3:31576.32099285098229302,(n2:5830.98791850654470181,(n0:4394.21970930333372962,n1:4394.21970930333372962):1436.76820920321006270):25745.33307434443850070);",4996.0
"(n3:33025.99559262481488986,(n2:5830.98791850654470181,(n0:4394.21970930333372962,n1:4394.21970930333372962):1436.76820920321006270):27195.00767411827109754);",2569.0
"(n3:25275.18012878791705589,(n2:5830.98791850654470181,(n0:4394.21970930333372962,n1:4394.21970930333372962):1436.76820920321006270):19444.19221028137326357);",20696.0
"(n3:25275.18012878791705589,(n2:5830.98791850654470181,(n0:5165.70028363703931973,n1:5165.70028363703931973):665.28763486950538208):19444.19221028137326357);",16095.0
"(n3:25275.18012878791705589,(n2:6890.37412595653404424,(n0:5165.70028363703931973,n1:5165.70028363703931973):1724.67384231949472451):18384.80600283138483064);",33852.0
"(n3:25589.98908275305439020,(n2:6890.37412595653404424,(n0:5165.70028363703931973,n1:5165.70028363703931973):1724.67384231949472451):18699.61495679651852697);",10056.0
"(n3:25589.98908275305439020,(n2:6890.37412595653404424,(n0:4394.21970930333372962,n1:4394.21970930333372962):2496.15441665319940512):18699.61495679651852697);",24685.0
"(n3:25589.98908275305439020,(n2:5818.01545710536902334,(n0:4394.21970930333372962,n1:4394.21970930333372962):1423.79574780203438422):19771.97362564768627635);",8154.0
"(n3:29288.54813458750504651,(n2:5818.01545710536902334,(n0:4394.21970930333372962,n1:4394.21970930333372962):1423.79574780203438422):23470.53267748213693267);",2246.0
"(n3:25453.11211588533114991,(n2:5818.01545710536902334,(n0:4394.21970930333372962,n1:4394.21970930333372962):1423.79574780203438422):19635.09665877996303607);",2261.0
"(n3:25453.11211588533114991,(n1:6890.37412595653404424,(n2:5818.01545710536902334,n0:5818.01545710536811384):1072.35866885116502090):18562.73798992879892467);",43663.0
"(n3:30743.20296784891979769,(n1:6890.37412595653404424,(n2:5818.01545710536902334,n0:5818.01545710536811384):1072.35866885116502090):23852.82884189238393446);",15515.0
"(n3:30743.20296784891979769,(n2:6890.37412595653404424,(n0:5830.98791850654379232,n1:5830.98791850654379232):1059.38620744998934242):23852.82884189238393446);",11909.0
"(n3:30743.20296784891979769,(n2:6890.37412595653404424,(n0:4394.21970930333372962,n1:4394.21970930333372962):2496.15441665319940512):23852.82884189238393446);",25208.0
"(n3:28170.92372121766675264,(n2:6890.37412595653404424,(n0:4394.21970930333372962,n1:4394.21970930333372962):2496.15441665319940512):21280.54959526113088941);",14355.0
"(n3:28170.92372121766675264,(n2:5484.58363695209936850,(n0:4394.21970930333372962,n1:4394.21970930333372962):1090.36392764876472938):22686.34008426556829363);",8013.0
"(n3:28170.92372121766675264,(n1:6890.37412595653404424,(n2:5484.58363695209936850,n0:5484.58363695209845901):1405.79048900443467573):21280.54959526113088941);",482.0
"(n3:28170.92372121766675264,(n0:6890.37412595653404424,(n1:5353.26424501423025504,n2:5353.26424501423116453):1537.10988094230287970):21280.54959526113088941);",4314.0
"(n3:25453.11211588533114991,(n0:6890.37412595653404424,(n1:5353.26424501423025504,n2:5353.26424501423116453):1537.10988094230287970):18562.73798992879892467);",22411.0
"(n3:25453.11211588533114991,(n2:5353.26424501423116453,(n0:5037.97429181047118618,n1:5037.97429181047118618):315.28995320375906886):20099.84787087110089487);",11375.0
"(n3:25453.11211588533114991,(n2:5353.26424501423116453,(n0:4394.21970930333372962,n1:4394.21970930333372962):959.04453571089652542):20099.84787087110089487);",64001.0
"(n3:25453.11211588533114991,(n2:5353.26424501423116453,(n0:5037.97429181047118618,n1:5037.97429181047118618):315.28995320375906886):20099.84787087110089487);",31654.0
"(n3:25453.11211588533114991,(n2:12414.63344464077817975,(n0:5037.97429181047118618,n1:5037.97429181047118618):7376.65915283030608407):13038.47867124455297017);",5728.0
"(n3:25453.11211588533114991,(n2:15573.34601423226013139,(n0:5037.97429181047118618,n1:5037.97429181047118618):10535.37172242178712622):9879.76610165307101852);",23070.0
"(n3:25453.11211588533114991,(n2:15573.34601423226013139,(n0:6890.37412595653404424,n1:6890.37412595653404424):8682.97188827572608716):9879.76610165307101852);",16015.0
"(n3:25453.11211588533114991,(n2:16540.88160790894471575,(n0:6890.37412595653404424,n1:6890.37412595653404424):9650.50748195241067151):8912.23050797638643417);",10569.0
"(n3:25453.11211588533114991,(n2:14698.92175661872533965,(n0:6890.37412595653404424,n1:6890.37412595653404424):7808.54763066219129541):10754.19035926660581026);",25748.0
"(n3:25453.11211588533114991,(n2:14698.92175661872533965,(n0:8537.83414592606277438,n1:8537.83414592606277438):6161.08761069266256527):10754.19035926660581026);",5922.0
"(n3:25453.11211588533114991,(n2:14698.92175661872533965,(n0:8400.90532608458670438,n1:8400.90532608458670438):6298.01643053413863527):10754.19035926660581026);",8810.0
"(n3:25189.26232700295804534,(n2:14698.92175661872533965,(n0:8400.90532608458670438,n1:8400.90532608458670438):6298.01643053413863527):10490.34057038423270569);",6196.0
"(n3:25189.26232700295804534,(n1:8400.90532608458670438,(n0:6857.78713789902212739,n2:6857.78713789902212739):1543.11818818556457700):16788.35700091837134096);",31422.0
"(n3:26809.69865844516243669,(n1:8400.90532608458670438,(n0:6857.78713789902212739,n2:6857.78713789902212739):1543.11818818556457700):18408.79333236057573231);",9152.0
