-1,4.8e-05,4.8e-05,0.0005260800000000001,0.00047808000000000003,0.004341431884532756,1.6e-05,0.0004,0.0004,0.5,0.05,-14768306.130852556,0
0,6.359371549116713e-05,4.212713842895928e-05,0.00047050788091384827,0.0003754870322239156,0.005092853539546369,8.635076169983096e-06,0.0005395849411373184,0.0003391034479283918,0.5319039096057099,0.05,-14769090.57100149,1007.4556238651276
1,6.677340126572549e-05,4.212713842895928e-05,0.00047050788091384827,0.0003754870322239156,0.005092853539546369,8.635076169983096e-06,0.0005395849411373184,0.0003391034479283918,0.5319039096057099,0.05,-14769093.437760757,1944.710331439972
2,6.359371549116713e-05,4.4233495350407246e-05,0.00047050788091384827,0.0003754870322239156,0.005092853539546369,8.635076169983096e-06,0.0005395849411373184,0.0003391034479283918,0.5319039096057099,0.05,-14769091.192884898,2822.119844198227
3,6.359371549116713e-05,4.212713842895928e-05,0.0004940332749595407,0.0003754870322239156,0.005092853539546369,8.635076169983096e-06,0.0005395849411373184,0.0003391034479283918,0.5319039096057099,0.05,-14769100.200951625,3781.829493999481
4,6.359371549116713e-05,4.212713842895928e-05,0.00047050788091384827,0.0003942613838351114,0.005092853539546369,8.635076169983096e-06,0.0005395849411373184,0.0003391034479283918,0.5319039096057099,0.05,-14769082.686926104,4884.099412202835
5,6.359371549116713e-05,4.212713842895928e-05,0.00047050788091384827,0.0003754870322239156,0.005347496216523688,8.635076169983096e-06,0.0005395849411373184,0.0003391034479283918,0.5319039096057099,0.05,-14769686.50256226,5966.407880067825
6,6.359371549116713e-05,4.212713842895928e-05,0.00047050788091384827,0.0003754870322239156,0.005092853539546369,9.066829978482251e-06,0.0005395849411373184,0.0003391034479283918,0.5319039096057099,0.05,-14769090.485710965,6739.202273130417
7,6.359371549116713e-05,4.212713842895928e-05,0.00047050788091384827,0.0003754870322239156,0.005092853539546369,8.635076169983096e-06,0.0005665641881941844,0.0003391034479283918,0.5319039096057099,0.05,-14769099.731147163,7751.876700639725
8,6.359371549116713e-05,4.212713842895928e-05,0.00047050788091384827,0.0003754870322239156,0.005092853539546369,8.635076169983096e-06,0.0005395849411373184,0.0003560586203248114,0.5319039096057099,0.05,-14769104.011521114,8567.836150884628
9,6.359371549116713e-05,4.212713842895928e-05,0.00047050788091384827,0.0003754870322239156,0.005092853539546369,8.635076169983096e-06,0.0005395849411373184,0.0003391034479283918,0.5584991050859954,0.05,-14769105.258788345,9457.139137268066
10,6.359371549116713e-05,4.212713842895928e-05,0.00047050788091384827,0.0003754870322239156,0.005092853539546369,8.635076169983096e-06,0.0005395849411373184,0.0003391034479283918,0.5319039096057099,0.052500000000000005,-14769090.599151913,10210.14836716652
11,6.422965264607877e-05,4.254840981324885e-05,0.00047521295972298655,0.00037924190254615483,0.004838210862569048,8.721426931682925e-06,0.0005449807905486915,0.00034249448240767565,0.5372229487017668,0.05049999999999999,-14768690.426445805,11299.77064371109
12,6.454762122353459e-05,4.275904550539363e-05,0.0004775654991275556,0.00038111933770727444,0.004583568185591729,8.76460231253284e-06,0.0005476787152543781,0.00034418999964731746,0.5398824682497954,0.05074999999999999,-14768493.197486952,12245.944004297256
13,6.442043379255229e-05,4.267479122853574e-05,0.000476624483365728,0.0003803683636428266,0.004990996468755438,8.747332160192874e-06,0.0005465995453721033,0.0003435117927514608,0.5069044258542411,0.05064999999999999,-14768895.332412098,13083.283041715622
14,6.458577745282931e-05,4.278432178845103e-05,0.0004778478038561042,0.0003813446299266088,0.004970625054597253,8.76978335823483e-06,0.0005480024662190606,0.0003240472548403711,0.5284997245842329,0.05077999999999998,-14768877.68903017,13810.277464151382
15,6.478418984516175e-05,4.291575846034937e-05,0.00045108531558972443,0.00038251614946714743,0.00494617935760743,8.796724795885177e-06,0.0005496859712354089,0.00033799118861918656,0.5278188875799377,0.05093599999999998,-14768833.130289841,14876.558336496353
16,6.502228471596066e-05,4.3073482466627385e-05,0.00047072619657059214,0.00038392197291579373,0.004916844521219642,8.829054521065593e-06,0.0005193310807867878,0.0003377687367573454,0.5270018831747831,0.051123199999999966,-14768779.054095685,15928.103694200516
17,6.149237563144933e-05,4.326275127416101e-05,0.0004707698597019408,0.0003856089610541694,0.0048816427175542975,8.867850191282096e-06,0.0005422595557735477,0.0003375017945231363,0.5260214778885979,0.051347839999999964,-14768734.140701653,16782.550754785538
18,6.425179343406414e-05,4.0962245537463786e-05,0.0004708222554595592,0.00038763334682022,0.004839400553155883,8.914404995541894e-06,0.0005427944787007936,0.0003371814638420851,0.5248449915451754,0.05161740799999996,-14768681.818588665,17780.57311630249
19,6.438340902264355e-05,4.2835623880612664e-05,0.0004708851303687015,0.000390062609739481,0.004788709955877785,8.970270760653655e-06,0.0005434363862134886,0.0003367970670248238,0.5234332079330686,0.04894088959999997,-14768625.184411278,18837.965498685837
20,6.454134772893884e-05,4.297732097094334e-05,0.0004709605802596721,0.0003929777252425941,0.004727881239144069,9.037309678787766e-06,0.0005442066752287224,0.0003363357908441102,0.5217390675985405,0.05122906751999996,-14768568.064618327,19736.350691318512
21,6.473087417649317e-05,4.3147357479340155e-05,0.0004710511201288369,0.0003964758638463297,0.004654886779063609,8.599651810349713e-06,0.0005451310220470034,0.0003357822594272539,0.5197060991971065,0.051474881023999955,-14768516.333552906,20719.448350667953
22,6.495830591355837e-05,4.335140128941634e-05,0.00047115976797183464,0.00037814440823737757,0.004567293426967059,9.02432074692219e-06,0.0005462402382289405,0.0003351180217270263,0.517266537115386,0.05176985722879997,-14768504.115018137,21657.248946905136
23,6.423916203637442e-05,4.293907050201601e-05,0.00046395022244117635,0.0003915926373485726,0.004584409889400315,8.967462474058277e-06,0.0005391537725655231,0.0003290309226990703,0.5443384431190837,0.05134382867455996,-14768520.369736077,22691.060879707336
24,6.400449529280644e-05,4.2860489684813714e-05,0.00045994738566781457,0.0003926659725491832,0.004527538270519112,8.98454709918101e-06,0.0005359811129878584,0.0003494921941818998,0.5259108880960623,0.05132659440947196,-14768450.853003347,23657.601437807083
25,6.3713854212795e-05,4.289857363299506e-05,0.0004509971765736698,0.00039832664386047054,0.004305994878480041,9.091928969654099e-06,0.0005299704363722574,0.00036221466385266427,0.5246164698519771,0.05159989161420794,-14768462.612534424,24465.14020395279
26,6.365014399000297e-05,4.2717999257808244e-05,0.0004884822879498125,0.0003935244176250517,0.0044682557500912694,8.995170122189832e-06,0.0005315566363219998,0.00033784846151562706,0.5262101252035825,0.05124871329136635,-14768465.353428524,25294.294199943542
27,6.313762097401253e-05,4.248917860976639e-05,0.00047239262524478864,0.000394039083118257,0.0044078728322533844,8.996063517234265e-06,0.0005643566378776634,0.00033808685832912476,0.5268687780144967,0.05108661594963963,-14768495.412432373,26018.152472496033
28,6.69965791270365e-05,4.214519526935385e-05,0.00047267351522200943,0.0003940381193926989,0.004348320658858545,8.982910512208195e-06,0.0005458475793117264,0.0003384708133245316,0.528018643325862,0.05080973113956758,-14768517.915457351,26764.530604839325
29,6.478611846301614e-05,4.468229095242907e-05,0.00047299137141688127,0.00039329468814114404,0.004292346844397492,8.950056811281652e-06,0.0005459232765066671,0.00033904901390207205,0.5298298600254217,0.0503786277674811,-14768554.366603233,27551.510913848877
30,6.473504476251125e-05,4.317824602364349e-05,0.00047334974471737487,0.00039151184090221563,0.004243764819379532,8.890148256295493e-06,0.0005457787470526078,0.00033988380009478293,0.5325209740559991,0.05334269380097732,-14768597.920661107,28359.591007471085
31,6.464713582754433e-05,4.3092590487885774e-05,0.0004727335911302065,0.00039114953311153195,0.004380001103504096,8.910178882385034e-06,0.000545193156842828,0.0003391121168272931,0.5302490325252665,0.05224224275073298,-14768502.515720993,29222.35337638855
32,6.459826367593706e-05,4.30596028367013e-05,0.0004736288970005112,0.00038823108697289016,0.004235017508985254,8.797683178880838e-06,0.0005452057543601951,0.00034090034147213295,0.5359171073758724,0.05125715092712392,-14768608.676103875,30050.641466140747
33,6.45555767156884e-05,4.299789143738283e-05,0.0004716276594448819,0.0003917910656751681,0.004604665306604365,8.977403053811034e-06,0.0005444564450115905,0.0003374769285011159,0.5252835775428735,0.05123608837178095,-14768496.377225079,31124.835247039795
34,6.430738459239422e-05,4.101775295220633e-05,0.00047132536344890214,0.000387613399581145,0.004733015596173205,8.890405294892826e-06,0.0005431957867832352,0.00033787270133398,0.5269170584524814,0.052279082800502766,-14768576.390539516,31954.372426748276
35,6.466643499536066e-05,4.376615645237338e-05,0.0004725748694248865,0.0003918743660011443,0.00440251403234142,8.935143932184446e-06,0.0005452414040758092,0.000338754935760049,0.5291016596321866,0.05085374152573652,-14768493.107281415,32854.75463676453
36,6.493979561083318e-05,4.292639059269087e-05,0.00048209144182134907,0.0003893717961042309,0.004404573379758603,8.866535923741433e-06,0.0005511828170264365,0.00034983559514917745,0.5093611186614401,0.05121586446365922,-14768451.128351483,33763.81903100014
37,6.177102181693044e-05,4.387650489002043e-05,0.0004752517343603838,0.0003859930494024109,0.004651913154480386,8.827812967898165e-06,0.0005455560578231752,0.00034266866088864537,0.5219494135217773,0.05183118866346993,-14768510.952035645,34772.344235897064
38,6.344475629556121e-05,4.302017216217017e-05,0.00047771425229986575,0.0003814587420599963,0.004344752309358676,9.256703901266336e-06,0.0005463576222431327,0.0003467344950782014,0.5307106205154668,0.051237300306931535,-14768504.896697786,35697.72110462189
39,6.673935555085009e-05,4.211975820591985e-05,0.0004740061416562153,0.0003910346950354322,0.004286293764917558,9.11432093039152e-06,0.0005460928993509523,0.00034066126045472113,0.5302195475895339,0.05076221499615388,-14768556.91391961,36537.21156454086
40,6.301310525041036e-05,4.343731821899529e-05,0.0004749403361843417,0.0003872534608106662,0.004560508307089679,8.899439958521504e-06,0.0005456902682051195,0.00034216681078016434,0.5240169470387164,0.051563945246640916,-14768475.4944625,37383.05302143097
41,6.497929086318917e-05,4.3059520145135116e-05,0.00047098884049362867,0.00039672794612798085,0.004636605809585468,8.613977208474381e-06,0.0005451578641233922,0.0003356818894055577,0.5201196059004944,0.05142143234063415,-14768507.264613722,38429.96729493141
42,6.38283899374682e-05,4.303000915791141e-05,0.0004760328993483065,0.00038527604307699243,0.004417715684415374,9.096022228068347e-06,0.0005460576827131976,0.00034397134366004047,0.5280628668617238,0.051283333315357185,-14768477.922943475,39250.71304011345
43,6.323975804997398e-05,4.2664012591587966e-05,0.00047851795109695426,0.0004014686069185225,0.0043841491434667475,8.860700659047759e-06,0.000545238737034436,0.00034906902714333573,0.5357229552498428,0.05079157063607717,-14768455.431592714,40067.68662047386
44,6.326945258047395e-05,4.2837107813858966e-05,0.00047810099993193187,0.00039052729680576616,0.004572271074922241,8.964946878917462e-06,0.0005462949344588698,0.0003470663141062774,0.5238352443848777,0.050029050691213016,-14768464.920525499,40924.97153496742
45,6.310378686528701e-05,4.289965013965715e-05,0.0004805015997146664,0.0003896330104682497,0.004341128025485545,8.895231472512744e-06,0.000547399344179563,0.00035061937955348677,0.5285110327356715,0.050793797534051444,-14768480.339935003,41870.77153992653
46,6.451497578521776e-05,4.349045727325174e-05,0.00048135842880873503,0.0003865037784951594,0.004524571538482958,8.856404600145211e-06,0.0005241076925738703,0.00035251595397035033,0.5272542832082832,0.050884706273075134,-14768440.970945138,42899.85662794113
47,6.52036531908204e-05,4.399109660499441e-05,0.0004858413305907081,0.0003827361261836106,0.004582920891597744,8.786575141600686e-06,0.0005039832199219738,0.000359730501790963,0.5274470358051764,0.050783751434792884,-14768444.601224083,43800.229271650314
48,6.309844644803231e-05,4.3366872731196126e-05,0.00047694414086220393,0.0004005004120637188,0.004337076855722859,9.106226262369111e-06,0.0005360714106610539,0.0003480780035167642,0.5117149559646821,0.051248263477329775,-14768467.955885096,44681.273413181305
49,6.266603496674058e-05,4.227990503998091e-05,0.0004828086248523366,0.00039147059298236405,0.004505043573649457,8.969901108754438e-06,0.0005366747231566717,0.0003553776809553757,0.5190184238487899,0.051223426341911904,-14768426.224569764,45654.310878276825
50,6.166583495243055e-05,4.1536779333784684e-05,0.00048792550256606163,0.00039126870647297404,0.004556308344303475,8.987279697039432e-06,0.0005323913826971029,0.0003636890535530391,0.5139768059570915,0.0514082687499996,-14768421.596086392,46558.11750459671
51,6.394109271424293e-05,4.287383719152265e-05,0.0004763666751328358,0.0003940390877162034,0.004609465644268919,9.02822321333148e-06,0.0005315151907564258,0.0003461271719618484,0.5167022053895891,0.051406264576786626,-14768470.501193099,47407.761756420135
52,6.323903019741668e-05,4.271224377999064e-05,0.00048090213065610156,0.0004001486640353029,0.004571227977309798,8.8138726548285e-06,0.0005299483538314369,0.0003532063735156563,0.5148782389691098,0.050941315047766764,-14768436.254356451,48232.235805273056
53,6.40994998738758e-05,4.215991983110583e-05,0.00048318705271441833,0.00040075028694655637,0.004430579288679517,8.993341463636746e-06,0.0005271673854647786,0.0003572188189426308,0.517096417178196,0.05053617707670821,-14768409.855743516,49311.94838428497
54,6.464269718560852e-05,4.152122063716111e-05,0.00048731041097945665,0.0004074987000145014,0.004365614779474437,9.040292216194369e-06,0.0005179059440946082,0.0003647448230238641,0.5136361522479358,0.05002229299174185,-14768395.286740012,50382.01137924194
55,6.331183330431636e-05,4.245287754770616e-05,0.0004839494609352484,0.0003966565825006787,0.004332851778541382,8.866972009399348e-06,0.0005386206135811087,0.00035698198797334986,0.5237979481989923,0.050417063429553544,-14768449.974884642,51202.731492996216
56,6.419715694178376e-05,4.177704297133469e-05,0.00048477305922048916,0.0003894264922405554,0.004604395551651146,8.741118109767758e-06,0.0005345742342604915,0.0003568119533097512,0.5312017960707613,0.05040882451945515,-14768463.19294489,52233.392419576645
57,6.375486199016928e-05,4.223772518742786e-05,0.00047249306638701605,0.00039558290160232335,0.004500444617594711,8.801363847462622e-06,0.0005396925281872439,0.00037083419366971314,0.5177049610052968,0.050240396951036326,-14768398.757101808,53308.45902824402
58,6.423263528163737e-05,4.199874010609093e-05,0.0004817527676959135,0.0003995911433809201,0.004382064001298232,8.798870484444024e-06,0.000523633748796049,0.00036636991699175007,0.5188537851480854,0.05150232880315433,-14768398.992037097,54313.856108665466
59,6.331202658829829e-05,4.310314437556646e-05,0.000474476650102441,0.00040272487817420385,0.004305473214498746,9.034249728528985e-06,0.0005331663519015386,0.000358535870524676,0.5090176312776666,0.05134125583165203,-14768449.89262657,55221.74928712845
60,6.42838791877729e-05,4.230400111210888e-05,0.0004799234980270731,0.00039093401774737313,0.004509984436889542,8.949376993145226e-06,0.0005200873721010148,0.00036817216536735945,0.49915540730414976,0.05106844675414497,-14768394.30044126,56092.56347465515
61,6.480593975667236e-05,4.212399537236933e-05,0.00048062627149213243,0.00038566672316179846,0.004572902083600939,8.99371516019396e-06,0.0005075116896343043,0.00037772373447937126,0.4808716333313032,0.051206884813178866,-14768400.864540517,57073.341875076294
62,6.245265834230166e-05,4.191714521488958e-05,0.00047591641854382303,0.0004033432728902932,0.0045106424120238756,8.960109942332316e-06,0.0005079242031239298,0.00037107291140515416,0.5234761016210946,0.05061466938466008,-14768386.796489242,58073.5377073288
63,6.12090897080359e-05,4.1412522525988924e-05,0.00047282890690505995,0.0004103290112833245,0.004563676928156513,9.00689695162776e-06,0.0004862948961726764,0.0003816915695331425,0.5305335931009219,0.05031407184516051,-14768391.146452937,59117.56212377548
64,6.307759127022742e-05,4.179437722878189e-05,0.0005012542812725593,0.0004021845565135627,0.00438429834956432,8.837211335522999e-06,0.0005175145251897221,0.0003757324558170827,0.5064393748914788,0.05036155443388497,-14768368.0225209,59917.92085504532
65,6.261413925893791e-05,4.126132100076599e-05,0.0005219077290749318,0.0004069438484957524,0.0043126783890869245,8.763543453693994e-06,0.0005082812312906539,0.0003888525866346741,0.4967036182891871,0.049879034446091486,-14768353.815715458,60983.06893348694
66,6.363071444964183e-05,4.196367805650142e-05,0.0004848438596330624,0.00040025139976108205,0.004574950163651157,8.93410071416359e-06,0.0005088071481383809,0.0003746167817578975,0.503133448806588,0.05116347961711096,-14768403.771847187,61889.760113954544
67,6.369425873792864e-05,4.108551796482811e-05,0.0004963901123719941,0.0003936884084049326,0.0046562241175242755,8.746793192160872e-06,0.0005093895690653195,0.0003762790814532157,0.5167369292336979,0.05020373197210429,-14768468.46229349,62788.181361198425
68,6.340758462570588e-05,4.259873777288187e-05,0.00047995501566982927,0.00040046576073188604,0.004393160940255128,8.962385594436958e-06,0.0005272221561924838,0.0003629716732568109,0.5109474557666744,0.05105687486676509,-14768401.352696145,63747.167967796326
69,6.226983130910678e-05,4.051986116706886e-05,0.000489227651037919,0.0004127019045313224,0.004410843673894499,8.945834519402993e-06,0.0005190711211167108,0.0003843901418648335,0.49523891181475954,0.05069471524941915,-14768342.181122934,64732.89662241936
70,6.114725907105129e-05,3.9034563113977424e-05,0.000493162262152511,0.00042580096754940404,0.004353979741600268,8.990549479031882e-06,0.000516552835388131,0.00040032723581207507,0.4792312261179976,0.05059971973759117,-14768313.316058354,65542.92725729942
71,6.312742267163476e-05,4.0562538527127306e-05,0.0004921359754898343,0.0004041874796939991,0.004320737587925753,9.023701829560381e-06,0.0005105513561704828,0.0003931238947788112,0.5004855534837105,0.0505697874126924,-14768345.79343066,66516.83057999611
72,6.499293546046171e-05,4.154315481200179e-05,0.00048595469816462846,0.00041565119190053296,0.004288543069656531,8.857579213853641e-06,0.0005037403219994927,0.00038852818298658277,0.49868873600105235,0.049935137442998115,-14768358.221288053,67544.26400113106
73,6.330050016541441e-05,4.103215144038514e-05,0.0004892585088039408,0.0004097484570403151,0.004212619831509922,8.895453896667495e-06,0.000526311191330437,0.0003803827350274614,0.508643150590449,0.04993425814106421,-14768434.593477158,68634.23979330063
74,6.354816087858497e-05,4.173079640247235e-05,0.000485947521925782,0.0004026256640808903,0.004484367580615848,8.924439009789565e-06,0.0005131831589363949,0.0003760582700752885,0.5045108742525533,0.05085617424809927,-14768369.334121142,69524.45651459694
75,6.35517452399262e-05,4.0223503449922773e-05,0.0004953458540183645,0.00040996607673931195,0.004412650382978097,8.859579699464648e-06,0.0005050883838251165,0.00039464516289224353,0.49954182732753827,0.05000072276767688,-14768331.337367013,70358.7151503563
76,6.259051657565245e-05,4.0468453785480105e-05,0.0004962667192567704,0.00041291568076195617,0.004429864598270966,9.035236652461707e-06,0.0005049677182273648,0.00039690196833740306,0.4877731063820179,0.049254947624192184,-14768326.199118106,71432.7022292614
77,6.283542078421717e-05,3.987561442375361e-05,0.0005102811511396187,0.0004203904783724796,0.004297367978109739,9.079517850442922e-06,0.00048196397684419393,0.00039765124659297803,0.48293555960015055,0.05031978961094134,-14768324.34006535,72252.15371441841
78,6.158613030849967e-05,4.026299773133885e-05,0.0005000579545792106,0.00041105303563189705,0.004418548455957072,8.848434608560888e-06,0.0004965621674867468,0.0004103219019526499,0.4808642498279545,0.05059739289407572,-14768312.772711156,73236.25771260262
79,6.0057846869945235e-05,3.963388627842773e-05,0.0005064317263790876,0.00041283020344059476,0.00444501529419839,8.752505804744148e-06,0.0004858902791828161,0.0004331104414170427,0.46447829861796386,0.05088494284524264,-14768316.618908053,74032.03376460075
80,6.140539853048067e-05,3.907201658023708e-05,0.0005114717588420219,0.0004316415214759302,0.004255891602355472,8.91916135469316e-06,0.0004896756985574867,0.00041532450692621277,0.4916867632765016,0.04945702835965875,-14768313.616034627,75101.71423912048
81,6.302716741358769e-05,3.888984675052588e-05,0.0005225899063849118,0.00042489191605013754,0.004204283465287459,8.90023868797824e-06,0.0004981891666212829,0.00042127407999262967,0.46100820129063824,0.04967927752414339,-14768324.83199563,75932.54960465431
82,6.182746618430492e-05,3.850800563255381e-05,0.0005198872798947788,0.00043006277525338996,0.004174541473629808,8.931069556158725e-06,0.0004899314123457953,0.00042533188330596357,0.4712728940667964,0.049202393315913015,-14768331.582350614,76970.20789361
83,5.974959774719682e-05,3.8088617387134775e-05,0.0005266666200019623,0.00041991956410431875,0.0043475656653837805,9.012627420555666e-06,0.0004966124673519579,0.00042022271045854544,0.47161186393144616,0.049976881295597145,-14768301.319593308,77945.47006106377
84,5.712792889056437e-05,3.636134867470127e-05,0.0005470225809206292,0.00042205375020621175,0.004377076963247406,9.090151523906679e-06,0.0004930485400281904,0.0004360699741945268,0.4580734278966432,0.049997753221896674,-14768312.556861032,78827.17683458328
85,6.15554856463724e-05,3.773591047564433e-05,0.000491665367277065,0.00043122205063081235,0.004330407801212759,9.156479974087651e-06,0.0004897378052730577,0.0004261723315752285,0.4685786307717631,0.05005255366240492,-14768285.755645934,79865.17794656754
86,6.102615884008965e-05,3.5973205213083494e-05,0.00047654418637813143,0.00044336115169834223,0.004339272507275676,9.35294823428448e-06,0.00048046609226425974,0.0004448322040455058,0.45451613701305105,0.05013931327056165,-14768278.695554003,80921.662981987
87,6.062194946736653e-05,3.751682628647426e-05,0.000518318763039822,0.0004418131538334344,0.004326055586243915,8.962170879166079e-06,0.0004814506276119843,0.00043224268528443006,0.45560281228310806,0.04927570586737785,-14768286.797931697,81735.2034201622
88,6.16808026113087e-05,3.9373123311831846e-05,0.0004902537552638862,0.00041828793399005244,0.004502554523062682,9.061023417169208e-06,0.0005003744144899096,0.00040141685715297114,0.4816814553432843,0.050657762474450196,-14768341.373093305,82780.07424497604
89,6.179080029105587e-05,3.872428505237332e-05,0.0005124788987370557,0.00042711906493755555,0.004256544735988027,8.963558021411345e-06,0.0004925421628818238,0.0004193531267677155,0.4738750343859184,0.04956623560554731,-14768306.159741364,83668.35866189003
90,5.9604334565913365e-05,3.735778181495298e-05,0.0005182217900840388,0.00044181523014377906,0.004233224484316377,9.153308938252623e-06,0.00048270819882192994,0.00043704517034178555,0.4482791634942186,0.04977253559026042,-14768287.413369825,84462.3832757473
91,5.9968326828239296e-05,3.649069708529023e-05,0.0005216919390110862,0.00044464553599749945,0.004176682246232593,9.001266442413747e-06,0.0004783769605385946,0.00044281700529750253,0.4521490958621791,0.05062182832695875,-14768301.350107012,85462.69746613503
92,5.891990787323438e-05,3.758947418719733e-05,0.0004951891584081797,0.00043662002469879035,0.004396743135405126,9.156469957784316e-06,0.0004811930709281389,0.0004227534787032505,0.477142179867867,0.05038600858757064,-14768294.994915035,86473.35964202881
93,5.8328551920408344e-05,3.614647846665833e-05,0.000504479515107185,0.0004443673716417106,0.004323533654041922,8.992581216787916e-06,0.0004972640795220168,0.0004513967585249567,0.4540561456118979,0.04975874029609853,-14768283.666867623,87509.80448293686
94,5.914320485213036e-05,3.636496868745911e-05,0.0005018904586578147,0.000435661498571416,0.0043785384401334795,9.16762168495663e-06,0.0004910700340016301,0.0004409379485114708,0.4377788184026259,0.05068184393466908,-14768286.97196839,88295.51247930527
95,5.9000533467775553e-05,3.5868503268415104e-05,0.0005219455946483865,0.0004434741587023447,0.004285362040595325,9.131648001802856e-06,0.00045909633689368546,0.0004640573621654873,0.4419438740180557,0.04955557739615225,-14768281.683720464,89402.8446404934
96,5.804454286218237e-05,3.376116975846895e-05,0.0005194274302355216,0.000464706315233941,0.004194156043166171,9.330405550922245e-06,0.00047159383867645746,0.00046480978806748004,0.43252677514611915,0.049349541140083,-14768284.700093387,90237.40191411972
97,5.709062139385148e-05,3.4307259378653594e-05,0.0005083961923773698,0.00045615773598755964,0.004343682024570845,9.288651643973966e-06,0.00047142417844030715,0.0004648698955123674,0.43124633874019525,0.05033735953551856,-14768294.385611616,91118.97009038925
98,5.83375537697905e-05,3.610415980440936e-05,0.0004965240027765962,0.00044093370492562776,0.004456944469993932,9.308420263283605e-06,0.00048419882436387884,0.0004458165950255535,0.44879172583953797,0.04922487305581907,-14768327.568517795,92114.12265253067
99,5.95606335636271e-05,3.6394062765070015e-05,0.0005153999549524637,0.0004437175782295315,0.004246747802172927,9.07805489763121e-06,0.0004798324264949157,0.0004435669027295153,0.4513097533565188,0.050272589509173835,-14768281.407632256,92863.25819468498
100,5.851849001411904e-05,3.4167328578151856e-05,0.0004892959887758203,0.00047041927964385107,0.004265897478200574,9.3101447805568e-06,0.00046260730937910716,0.00047307972831870445,0.42526853565528533,0.04992896172989601,-14768281.997930603,93766.23790931702
101,5.92678963162584e-05,3.3982042656280215e-05,0.000519594816443131,0.00046047867003839164,0.004190550876738319,9.197037207882646e-06,0.00047430955349311995,0.0004806142099970903,0.4093634908763484,0.04942842506638759,-14768282.97041411,94616.47607779503
102,6.153263778012268e-05,3.719921412034927e-05,0.0005086275072870932,0.0004418051455597889,0.004212985758006093,9.046532634474732e-06,0.0004846555209915143,0.0004416466560849177,0.4508827624312507,0.049295287224613474,-14768289.785234181,95705.97364354134
103,6.042213368355488e-05,3.647622543492536e-05,0.0005085696785596623,0.0004453932931667316,0.004245659824647281,9.107062386849541e-06,0.00048134768535371255,0.0004474524659417801,0.44597365650848686,0.04955580530233974,-14768278.725695133,96751.38908672333
104,5.9182484431589085e-05,3.397238040804435e-05,0.0004968714872755489,0.0004568632640081599,0.004325930366326743,9.172626029915457e-06,0.00047309939791624785,0.00047155284037549855,0.43338883628008085,0.049816765112287484,-14768292.082463156,97665.16607379913
105,5.9498872032332295e-05,3.651143146322583e-05,0.0005128842143819163,0.00044557723860987427,0.004256400954818968,9.158138211168333e-06,0.00048030599859550944,0.0004456720878502138,0.4445565816906841,0.04978359297076718,-14768278.156399712,98454.20832014084
106,5.971474758141247e-05,3.499448609069157e-05,0.0005154015698465933,0.0004650001435882149,0.0041561889134467365,9.156416588453788e-06,0.0004625847556553236,0.000468606890073562,0.4452447340292852,0.04872780657509844,-14768294.431522893,99490.0994477272
107,5.928609053445089e-05,3.602234803826722e-05,0.0005052682364550093,0.0004429961598256157,0.004322951058461794,9.164820410830919e-06,0.0004839487144150535,0.0004478551839019936,0.4396452973092907,0.05019333459477642,-14768277.861027205,100322.49923539162
108,5.796883117959317e-05,3.354373284203502e-05,0.0004963631601476235,0.00045908508952463263,0.0042080508617798745,9.40239730057731e-06,0.00047270377940558314,0.0004804246530241153,0.4242292371540395,0.05031747038786938,-14768273.68696505,101392.31762552261
109,5.664227203570649e-05,3.15571861198154e-05,0.00048538535870152407,0.00046772105737023176,0.004149048499547853,9.622510511282926e-06,0.00046833035530238244,0.0005045156368939579,0.40854244958950514,0.05083835264811515,-14768280.664492993,102169.66098356247
110,6.053109544825948e-05,3.725590198675355e-05,0.0004906416389343443,0.0004350676829822642,0.004342729368580359,9.048560978752155e-06,0.00048278255648693516,0.00045098052323239244,0.4456457666926126,0.0504372209647215,-14768278.890337579,102980.7796535492
111,6.068759509560373e-05,3.509247798258321e-05,0.0005028219788281127,0.0004535466888426054,0.004217190900612297,9.397581265279333e-06,0.00045421601103435953,0.0004643103057164029,0.4224343204429767,0.05016371794243059,-14768272.394765513,104042.35984635353
112,6.186711668320141e-05,3.4565477740545656e-05,0.0005019932106885767,0.0004581363474430528,0.004164019523897486,9.600081289525041e-06,0.00043269197679053086,0.00047076707931212596,0.40662340785851603,0.05036620676559661,-14768280.028136535,105073.0815808773
113,6.003219045562273e-05,3.747900085822191e-05,0.00048435210996916297,0.00043604899420676696,0.004355501682690697,9.233234085663943e-06,0.00047315182857150426,0.00043183207338813183,0.4697411410918517,0.05064109174735011,-14768281.836858625,105816.76282429695
114,6.108433684606283e-05,3.795604939236428e-05,0.0005136621618751423,0.0004192343275138907,0.004298075922126467,9.104744374011218e-06,0.0004869629765239966,0.0004311170240804031,0.46273061740022814,0.05028298108733252,-14768287.56857314,106844.0470328331
115,5.915995172210499e-05,3.511450878170496e-05,0.0004953875320506508,0.00045762304161136094,0.004273942089182047,9.258794678920404e-06,0.0004686962261653295,0.0004625890522591291,0.43463405609152106,0.05001746656925514,-14768274.77390296,107654.80014944077
116,5.93961886578556e-05,3.417147869699084e-05,0.0005208131250980973,0.00045791942243189366,0.004192159798934614,9.186767187555366e-06,0.00047552733685036444,0.0004785160747851754,0.41123659496359544,0.04944612603425942,-14768282.260579599,108470.25176930428
117,5.987319000618095e-05,3.665212031791415e-05,0.0004934673637513966,0.00044151660126304866,0.004314666211751676,9.2216173611368e-06,0.0004737457056412193,0.00044350307373739275,0.45511500455978765,0.05034235031907744,-14768274.99837701,109315.61750435829
118,6.060237695338386e-05,3.5938699696697466e-05,0.0004775239942394758,0.0004501027464484567,0.004268160275261255,9.30634714328324e-06,0.0004925127022776902,0.0004421799283222009,0.4416680881457381,0.0506889949700423,-14768276.470764693,110141.46219325066
119,6.0250625535483676e-05,3.5322067586368046e-05,0.00047649444179280085,0.0004511363605650552,0.004311057008301318,9.405598696585294e-06,0.00047431266783301465,0.0004623929928767101,0.43037387576511876,0.05005526394919442,-14768274.828987306,111164.99659132957
120,5.9224069668296144e-05,3.40734614846074e-05,0.0004984233183826114,0.0004629999913288805,0.004208740969838079,9.506500159030976e-06,0.00046966856011021116,0.0004572618663026964,0.4329834842435263,0.04981424109054135,-14768278.355127357,112002.3592774868
121,5.9093418629948996e-05,3.4372585246372e-05,0.00047846600672188345,0.00045619572077684284,0.004298426742809318,9.527886305369878e-06,0.0004687676061947336,0.000462751803665492,0.43005755997466,0.05074734391056344,-14768273.066194966,112818.64735651016
122,5.810284543138608e-05,3.4555481474871566e-05,0.0005108758629721649,0.00046079477606093225,0.004196644907287649,9.316988072152014e-06,0.00046730950207028103,0.0004689559854857635,0.4166233640624175,0.050285442070341885,-14768276.868937075,113615.91362690926
123,5.968068975579756e-05,3.655162920140048e-05,0.0004914872398855957,0.0004407148933768043,0.0043247572322151605,9.125533730029728e-06,0.00047763522261634367,0.00045886514706518623,0.43488399279572065,0.0507047544463223,-14768275.548912302,114511.12582993507
124,5.944225093645448e-05,3.4121698770416984e-05,0.00047274694898702646,0.0004571651770491967,0.004290768502713509,9.467374781664649e-06,0.00046646362893521215,0.0004730935373606634,0.42137637756957014,0.050919634861207465,-14768275.060485018,115532.1889898777
125,5.96862645147366e-05,3.423065234180555e-05,0.00047385866942033683,0.00046258005927817143,0.004217781887921026,9.52120345616881e-06,0.00045932389601970004,0.0004759581120006175,0.42263387800301944,0.05065515329048446,-14768272.701262264,116307.5721449852
126,6.11861934344715e-05,3.5632553078588e-05,0.0004608476041928156,0.00044513849968630273,0.004348315435221848,9.409878871651071e-06,0.0004743659871543561,0.0004562577357198187,0.4468579140380128,0.05063698805894751,-14768281.571674615,117153.67018961906
127,5.887368243215743e-05,3.4824749375800675e-05,0.0004983687982773276,0.00045688070696727487,0.004234562539271199,9.340210772026779e-06,0.0004690736233412998,0.0004657814230442773,0.42418200155631636,0.05037332856749329,-14768271.429066155,117959.31380391121
128,5.8340923008228456e-05,3.402654479258274e-05,0.0004983684337330751,0.0004571861214025418,0.004270080520050231,9.427292526268552e-06,0.0004444749711596689,0.0004877540918277965,0.4183159726368081,0.05017030187873729,-14768283.474130418,118958.31228423119
129,6.003701346709501e-05,3.5460660970668785e-05,0.00048273510411287563,0.000451873590186978,0.004268640336458499,9.336583489029568e-06,0.00048050326949818485,0.0004535734691985998,0.4358300592685056,0.050559321697216046,-14768271.082858142,120046.129935503
130,5.933387494807425e-05,3.319542164173339e-05,0.00048265476093241105,0.00046880571383622893,0.004202260183944992,9.650315891322036e-06,0.0004599260601973838,0.00047001053751149385,0.42528928128138244,0.05012545585263603,-14768277.042220697,120861.96145963669
131,5.959398605386673e-05,3.5712577311483706e-05,0.0004892791201472996,0.00044773759849166045,0.0042941329701476185,9.256729270352805e-06,0.0004732079320116037,0.00046165149467676314,0.4324853149171361,0.050559929797900735,-14768271.517475516,121747.81122374535
132,5.960266079089976e-05,3.594352778093024e-05,0.000504701486063035,0.00045046991445232934,0.0042369218069334665,9.266345737424745e-06,0.00047244651449379344,0.0004534937386792366,0.44101868397704613,0.04983863442508952,-14768275.211122304,122777.67095923424
133,5.94823534000658e-05,3.45771560230453e-05,0.0004807355832560286,0.00045549136139997985,0.004277306828768498,9.417117520604672e-06,0.00046795935032485744,0.0004681935876903067,0.42628695417143914,0.05064938475217798,-14768271.522117099,123624.28966856003
134,5.909355439995027e-05,3.2998113374459314e-05,0.0004814347151995915,0.00046891344226586364,0.004205552221298662,9.551203189846171e-06,0.00046400716672451387,0.00048802230509309007,0.4015144469091589,0.05047732585383968,-14768277.236760734,124639.01376485825
135,5.967828110462328e-05,3.573861858205044e-05,0.0004904592016134453,0.0004483658115137524,0.004287387714138422,9.304013818314143e-06,0.0004713110709120429,0.0004546328815763171,0.44171486514713043,0.050376094202768,-14768271.20844992,125660.09786820412
136,5.860164998447547e-05,3.4411476305141886e-05,0.000501200589122316,0.00045873957315359647,0.004204427565916441,9.346904878743446e-06,0.0004628398851485243,0.0004675803636936939,0.4285237735802301,0.0508285782744374,-14768274.269505786,126482.1248819828
137,5.958066345032825e-05,3.447842861449236e-05,0.00048347011027879906,0.0004524761984157378,0.00422763958038259,9.511330936372945e-06,0.0004672850586128484,0.0004683825665981879,0.4230415367515695,0.051028597995413136,-14768267.206161594,127458.86457204819
138,5.979101931443988e-05,3.416038853088605e-05,0.0004775113993928733,0.00044990277681792624,0.0042044883259828615,9.637599065099213e-06,0.0004665794748366079,0.0004712793237677173,0.41724527708159376,0.05153416370849215,-14768266.44444356,128549.020124197
139,6.037683905395065e-05,3.5131243536204264e-05,0.0004729192152612454,0.00044959230760636856,0.004297166255661481,9.481359573821059e-06,0.00047388931756727046,0.0004641310471784278,0.4268961199631335,0.050358603377041844,-14768271.017184524,129520.5387699604
140,6.149125943370448e-05,3.631648913814497e-05,0.00047306785525866226,0.0004473482348516793,0.004311366038574368,9.441659606635943e-06,0.00046426253094254894,0.0004480280366788689,0.4317240329511427,0.05087793786144432,-14768270.66729031,130469.94965481758
141,6.0846240144099735e-05,3.58764175121626e-05,0.0004898853783917579,0.0004484681064144365,0.004223578016697934,9.29892526209659e-06,0.0004672976891029616,0.0004627561326401676,0.4262290047258188,0.05047418312892644,-14768269.527076593,131521.31926512718
142,6.048538938518475e-05,3.6347503450800454e-05,0.000497698057487589,0.0004392613773403608,0.0043053820973416096,9.26115247248321e-06,0.00047833615789464744,0.0004469094284329522,0.4343717120420194,0.05053017971669382,-14768271.526900573,132471.94005823135
143,5.9443617662233825e-05,3.5736682903666245e-05,0.00046770996381170836,0.000445437685475478,0.004323611323996201,9.357488904813463e-06,0.00048826807225204553,0.0004550770592604767,0.4369587479218706,0.051094907419600336,-14768273.67201078,133318.88238477707
144,6.037660073726125e-05,3.525352921285397e-05,0.0004940439750740117,0.00045151943800082354,0.004243796006458273,9.387558175162866e-06,0.00046272902633878103,0.00046200199410242134,0.42606542731270014,0.050396515311723025,-14768269.182809388,134412.78787851334
145,5.9624065643068106e-05,3.426286258785969e-05,0.00047210306866951655,0.0004621746091098153,0.004223102909090222,9.519198838145513e-06,0.0004610264990805843,0.0004754964496778212,0.42336009937696406,0.05070171276434295,-14768272.432211217,135480.26217508316
146,6.027005844965559e-05,3.582634323506527e-05,0.0004912993102830709,0.00044498968528272446,0.004284812300278763,9.325664063898786e-06,0.0004740087431911316,0.00045405618374416945,0.43161880887575554,0.0505730629786061,-14768268.989057418,136525.9725408554
147,6.078464263810501e-05,3.6283047458018836e-05,0.0004911782883064853,0.00044384428982674516,0.0042526792719653865,9.34494309868288e-06,0.00047261318522362917,0.0004513848096312393,0.43251122818840737,0.05056724337414442,-14768269.52937787,137490.130184412
148,6.091114130115173e-05,3.5261720198887466e-05,0.00048301458504705153,0.0004508193910020814,0.004227562390949819,9.52297411460076e-06,0.00046724565417928786,0.000455873565635678,0.42631805009696483,0.05065816104367041,-14768270.54784982,138428.37224650383
149,6.20389366966599e-05,3.623694229918785e-05,0.00047085406427096815,0.0004404640193334281,0.004285732792161962,9.476045281441581e-06,0.0004710143690171896,0.00044976206578644404,0.43504857316591417,0.050901728769313266,-14768268.259153657,139296.79067015648
150,6.170646914260138e-05,3.5422737836365574e-05,0.00047484263346635517,0.0004473985563508857,0.0042325766328994464,9.546648527779706e-06,0.0004687175810674757,0.0004599364440964294,0.416182451178857,0.05100409004734761,-14768267.251951115,140075.30813384056
151,6.168162791523091e-05,3.569311082088659e-05,0.0004809882368376207,0.0004429957709104417,0.004244111269867561,9.556091864814307e-06,0.00045716824479519175,0.00046226845145371263,0.4181377354395521,0.050909816222925876,-14768263.860281235,140916.51535582542
152,6.250393513929885e-05,3.5809335745995495e-05,0.0004801148031999933,0.0004385568612721736,0.004231846736572092,9.665846052706677e-06,0.00044550073244369515,0.0004666159425812691,0.4092915735250755,0.051085063485780804,-14768261.560641037,142012.5916697979
153,6.176722154544492e-05,3.6158146697309345e-05,0.0004922432432770007,0.0004430699642242122,0.004202521446846699,9.448213075799943e-06,0.0004581044797013911,0.000452207852554453,0.42355076545731263,0.05125582656484787,-14768275.130051052,142865.07904601097
154,6.072443467682422e-05,3.538796932648054e-05,0.0004777502222651842,0.00044796172176082946,0.004273505053457785,9.47307294931578e-06,0.0004699431081008006,0.0004611502485224341,0.42605978133667827,0.05058290917399335,-14768267.153369114,143893.91776061058
155,6.049943621431503e-05,3.478719713303577e-05,0.0004930310766808879,0.00044543673436073163,0.004180749466910497,9.494195711521023e-06,0.0004688673817577632,0.00047093530542272494,0.4175900021464105,0.0506774863429552,-14768271.422266992,144954.29458379745
156,6.124330362885712e-05,3.593416613686767e-05,0.00047805866061421867,0.0004468703597289424,0.004278711895658401,9.454793632857213e-06,0.00046541374364635253,0.0004537548538648329,0.42819052524995965,0.050827824981822034,-14768267.397623366,145842.94660687447
157,6.114598681240886e-05,3.59764552598893e-05,0.00048209316200593217,0.00044117577195570154,0.004274783015476762,9.399245107207494e-06,0.0004655178764144372,0.00046266603411174704,0.4233704800311873,0.05093119594835942,-14768264.838482885,146672.3188354969
158,6.134475431031634e-05,3.489380956113201e-05,0.00047211243348638764,0.00044761716955682906,0.00425408688316347,9.588136524830304e-06,0.0004587312836082574,0.0004694110350122871,0.4153491523083006,0.05109490413272841,-14768264.562729212,147734.96259260178
159,6.138285963756495e-05,3.510391791678214e-05,0.00046985075442004104,0.00044282316559761625,0.004289289911724029,9.691996613963331e-06,0.00046233349862998435,0.0004593706924777828,0.41945540528738556,0.05131210857870679,-14768264.412316801,148816.76824641228
160,6.205375082446415e-05,3.569688395687641e-05,0.0004608535136069934,0.00043803257953058794,0.004278170703016841,9.664251388657149e-06,0.0004668230558524055,0.0004595985706906013,0.4182969782954413,0.05157289504930697,-14768263.37912248,149680.96480846405
161,6.251703158703152e-05,3.5098178079027336e-05,0.00045750901906271857,0.00044317091109825966,0.004235826089743967,9.7938629648729e-06,0.0004541062015323095,0.0004686528584381396,0.4100792306163231,0.05159631379656407,-14768263.80932995,150586.67320394516
162,6.084377231810155e-05,3.4459826170872644e-05,0.0004752852560331713,0.00044823795540052213,0.004224924257377169,9.70704528401637e-06,0.0004537189422092754,0.000476725134926204,0.40165559781624627,0.05140656501130705,-14768262.922571449,151471.99843597412
163,6.155949912375323e-05,3.446773433999383e-05,0.0004675259787737115,0.0004421051341393238,0.004221187626224483,9.778747262832574e-06,0.0004569806072926972,0.00047732640306008935,0.4032066602454581,0.05159621680469528,-14768260.940425234,152386.1426756382
164,6.171759687120129e-05,3.373451844155691e-05,0.000462259637853458,0.00043972252134451446,0.004192425491507525,9.940724077820254e-06,0.00045276403911586965,0.0004891121776577176,0.39071472774320737,0.05198041271613191,-14768260.465541832,153241.0867729187
165,6.109855915572896e-05,3.4641518761534186e-05,0.0004682254067989956,0.0004400417305161062,0.004259292660705053,9.765707477918187e-06,0.00045048606148125276,0.00047697995954075066,0.4101211896294309,0.051615216272926555,-14768260.755483322,154092.65082359314
166,6.215541851728703e-05,3.4526997158429966e-05,0.00046341285490692863,0.00043789456685721804,0.00421552176159617,9.897809962102593e-06,0.00044536912512401844,0.00047893209731840925,0.39705614113016,0.05224285856606748,-14768259.070060438,155033.03285384178
167,6.287091043751843e-05,3.409651107440467e-05,0.0004562441712278008,0.0004328609894054124,0.004186530115665362,1.0110178468496e-05,0.0004330821336356274,0.00048782302171639677,0.3825543210269008,0.05307283326210456,-14768259.304300955,156077.29613661766
168,6.356171372024081e-05,3.582789967953323e-05,0.00046083196888205063,0.00043355186980797967,0.0042867451761937556,9.785326025719837e-06,0.0004444906884456931,0.00047033357678326446,0.40183281819495775,0.05143334300308372,-14768261.480109682,156804.46843743324
169,6.268989160383823e-05,3.398212183445877e-05,0.0004519979676442155,0.00044075409424066,0.004218842918843253,1.0100896167314026e-05,0.0004413468492741151,0.0004804803749735381,0.3914000828781184,0.052136740174161325,-14768261.34485114,157758.99752926826
170,6.276015156463511e-05,3.4882429987881403e-05,0.00045795580299532563,0.0004329400815762986,0.0042324902582925004,1.0014556678187958e-05,0.00044465655521346644,0.0004759492420652484,0.3946315967149686,0.05218139919807892,-14768257.430185478,158654.62249803543
171,6.346785019179451e-05,3.4876740201256106e-05,0.0004508774877497947,0.00042560153758603326,0.004221691945857016,1.0227766754866785e-05,0.000437619191016071,0.00047921834559172907,0.38427281891830267,0.052724646730754166,-14768256.131519306,159610.48067593575
172,6.313904434823242e-05,3.462688608912607e-05,0.0004564228287276228,0.0004342897599331948,0.004183767636558539,1.001785061723562e-05,0.0004361114786689567,0.0004899591152225419,0.38348882646206706,0.05224670238251001,-14768260.428290283,160448.67739534378
173,6.212927495100604e-05,3.4538367528900624e-05,0.00046854732601792613,0.0004321657841995383,0.004226819767901516,9.9607817967986e-06,0.000440739831193961,0.00048493820061906533,0.38754692030227844,0.05209257488184191,-14768256.178036194,161434.30909085274
174,6.26076605388818e-05,3.370795836545639e-05,0.00046674159395583797,0.00043613075670100027,0.0041742049676055755,1.0149699454642643e-05,0.0004228063319421762,0.0004990604143522966,0.37317916102452764,0.05221992959560601,-14768261.165627746,162418.64540696144
175,6.417041668940046e-05,3.479464259037691e-05,0.00045060111911419335,0.0004235039410911617,0.00421730755529093,1.0195436393408675e-05,0.00042972792353188636,0.0004864009060019124,0.3841252541453789,0.05254893255046573,-14768255.480692007,163435.806142807
176,6.583373887504991e-05,3.4962050800129045e-05,0.0004382590506547045,0.0004111369339364814,0.00421349920424781,1.0439631948104827e-05,0.00041773241419319177,0.0004912387915397666,0.3753600823099452,0.053120116320045055,-14768255.25104749,164274.36941170692
177,6.317621461535338e-05,3.327567602608077e-05,0.0004374004214383136,0.00042770104975237177,0.004206715569631151,1.0391392803797999e-05,0.000432392469647366,0.0005014346681385468,0.36970298019352366,0.05327744464284481,-14768259.089629166,165278.69938516617
178,6.204133621343391e-05,3.2746667361852535e-05,0.0004519969462675089,0.00043153587720544417,0.004135811208696966,1.0393126186400467e-05,0.00043098286988570264,0.0005039372522076079,0.3707357679233546,0.05329798545349412,-14768263.855365766,166152.45420575142
179,6.318161934353909e-05,3.5057591600113055e-05,0.0004586232132284152,0.0004330478716573458,0.004249011684319558,9.937276065889995e-06,0.0004411137338056955,0.0004787344956393503,0.39405855562705694,0.05189950361568632,-14768257.983892174,166961.68510866165
180,6.301150387777669e-05,3.480753916005786e-05,0.0004621559966221839,0.000422792408256101,0.004209747219142729,1.0044832024521473e-05,0.00043408008596359685,0.0004934412781504966,0.3817001977899817,0.05254714097072151,-14768253.954810206,167930.5973086357
181,6.317231001474593e-05,3.52202478228574e-05,0.00046723501111116806,0.00041381156526382147,0.004205199369292466,1.0016799953125195e-05,0.0004304467043083378,0.0004999217297389757,0.3768502552459133,0.052752341369001615,-14768252.643052308,168900.23038434982
182,6.320666483790594e-05,3.5384160520540435e-05,0.0004475110537416274,0.0004229519075083248,0.004260584050717783,9.96944883688937e-06,0.0004541486777687681,0.00047503350184907394,0.4006553384878496,0.052570433903955965,-14768256.512122147,169907.94943761826
183,6.513738735749415e-05,3.459912847626389e-05,0.0004418843702869962,0.00041562296909166275,0.004175754635620853,1.039418908540806e-05,0.00042720147148719444,0.0004967246651222845,0.3618201396546301,0.053366190752841276,-14768258.716261601,170885.94861721992
184,6.520230773928036e-05,3.567905080318255e-05,0.0004437750857192415,0.000411122267812684,0.004239287633641047,1.0309865487023553e-05,0.00041981098032684244,0.000486114944498231,0.3754476839231381,0.053278149916977824,-14768253.596769238,171754.14118242264
185,6.419351294045884e-05,3.499711609842469e-05,0.0004470823462434005,0.0004119215307999017,0.004259049488006536,1.0291141921565774e-05,0.0004332034411053325,0.00048449917278854475,0.38106535669649255,0.05321814975749329,-14768252.904928448,172620.84441828728
186,6.435980233835899e-05,3.669261417593879e-05,0.0004680411384937271,0.00041535433719023054,0.004246568338609001,9.89754955855695e-06,0.0004370846444185165,0.0004696365208025395,0.3971236782656299,0.05217554852008818,-14768254.717771137,173508.27787566185
187,6.582147520063972e-05,3.587441644709136e-05,0.00044295436174247166,0.0004006527741519868,0.004243971462046548,1.0391080319543225e-05,0.00042245109280076367,0.000490279976319503,0.36978402475608735,0.05319667258766964,-14768252.20303827,174549.57831907272
188,6.765450354231608e-05,3.6548126091422056e-05,0.00043272511516024323,0.0003820318777993713,0.004258196312271737,1.0637715498263542e-05,0.00041099207663913633,0.0004959539158200499,0.3561479665690511,0.05367357959847073,-14768255.0032187,175388.0663034916
189,6.297632392906172e-05,3.6057342723422935e-05,0.0004646968446534993,0.00041993033292960684,0.004297381953307002,9.894079443064795e-06,0.00043966867070030155,0.00047119847075507136,0.40661280325190874,0.05203943676786151,-14768257.700444574,176310.17372202873
190,6.489103286012131e-05,3.579882982423573e-05,0.00044917272799709724,0.00039988192261837606,0.004233798958405786,1.034235313801782e-05,0.0004254673957607216,0.00048768143526114983,0.3768852368044522,0.05353411053545151,-14768250.456707286,177367.74805498123
191,6.574573961841242e-05,3.616944893629707e-05,0.0004444474853814383,0.0003832989480988911,0.004226192595448899,1.0544891674081732e-05,0.00041764422673823474,0.0004921549050720497,0.36829857739314975,0.05435141399533411,-14768250.964566292,178161.84133458138
192,6.54792700608106e-05,3.4747376121088415e-05,0.00043999427324073264,0.0004089897792838687,0.004172712090438098,1.0475204499833622e-05,0.00042407220387819953,0.0004985140530466444,0.35838547589010916,0.053693112136794306,-14768258.16160969,179160.89525938034
193,6.360206046199894e-05,3.57298510728393e-05,0.0004585212018003076,0.0004171951945181723,0.004266214487589777,1.0039360707257001e-05,0.0004357695539947761,0.0004780273663279646,0.3945559714114588,0.05245285561009471,-14768253.717078881,179942.440615654
194,6.5328008276785e-05,3.5489696434430685e-05,0.0004593820937643404,0.00040481686210712045,0.004210636080401718,1.0413817480082572e-05,0.0004059163720549347,0.00049527779484842,0.3631230672388901,0.053138599341927606,-14768252.991759796,180755.01338791847
195,6.704514482884069e-05,3.652575520717652e-05,0.00043651277503732437,0.0003901332009974233,0.004241163625718025,1.0513091656830135e-05,0.00041236052680193656,0.0004874410149242994,0.3713467148117836,0.05382566325605882,-14768253.120200468,181477.7315981388
196,6.64220285154614e-05,3.6517185536005114e-05,0.0004513096707629619,0.00038960378029320644,0.0042501857837347265,1.0303171679154626e-05,0.0004104294341369997,0.0004948054038181498,0.3720355953744555,0.05341379471220749,-14768251.783976818,182334.1897456646
197,6.417379776028833e-05,3.6742901884307384e-05,0.00046653823187970344,0.0003997617532141033,0.004265715841241316,1.0064014432126542e-05,0.0004288556149486404,0.0004834982803257889,0.3802834345957151,0.05307706080134908,-14768252.038278185,183151.8344669342
198,6.561053338136512e-05,3.5022396050171355e-05,0.0004364555627178762,0.00039242583316512875,0.004236476207406588,1.0639389796388334e-05,0.00040785757882934044,0.0005078729029676657,0.35515178990604734,0.054201931057558106,-14768254.191719074,184195.8394701481
199,6.529785062061357e-05,3.543995058161322e-05,0.0004443519566618389,0.0003981579591714042,0.004238999240207191,1.0453929736930486e-05,0.0004151643452266345,0.0004983138074263842,0.3656447619959429,0.05369533542319062,-14768251.81451602,185031.3410243988
200,6.670743328944807e-05,3.592717905502563e-05,0.0004431416503836021,0.00038677752876783327,0.004211387008949295,1.0580492453622982e-05,0.0004050516274994527,0.0005035393456619247,0.35193725487711514,0.0541731199301708,-14768253.00991818,185806.56153297424
201,6.540821112220022e-05,3.6027604975051e-05,0.0004577610793975402,0.00038798150766435145,0.004232733737959675,1.0364113067176316e-05,0.0004180583306019083,0.000498936647724397,0.36634345655623135,0.053526819625926286,-14768250.829257382,186777.8765771389
202,6.323798729131178e-05,3.508127052463192e-05,0.0004692730509515005,0.0004085402358129978,0.004229171768331026,1.0131091179438974e-05,0.0004266483448868085,0.0004999097038583481,0.36944377401647543,0.052919537560818755,-14768253.141473213,187773.63970017433
203,6.609335544445846e-05,3.616463403654037e-05,0.0004447028440158684,0.00039473495970131694,0.004238165661371276,1.0417591537482345e-05,0.00041593248132315455,0.0004905581871578116,0.37087097961295656,0.053599131832248806,-14768251.34873982,188815.1029303074
204,6.345288326170645e-05,3.572733767308576e-05,0.0004629564143316761,0.00041348739422928456,0.004264304115584153,1.0031110199418e-05,0.00043613341495403284,0.0004812151414199003,0.39263997889831226,0.05245728326712235,-14768252.943213198,189591.45624947548
205,6.445728327135384e-05,3.621234854141173e-05,0.00044743083506440496,0.0003971821673144301,0.004275788651168218,1.0121243716825496e-05,0.0004413120789783705,0.00048666416154770104,0.3873575488684218,0.053355540640404514,-14768252.559922999,190482.3022582531
206,6.653328828836185e-05,3.6071709476421826e-05,0.00044075139864361505,0.0003852505898092951,0.004224417523102595,1.0521977700971564e-05,0.00041213076888414,0.0005018166190017809,0.35678415120302154,0.05421650818986621,-14768252.007509565,191341.66136026382
207,6.626061367919007e-05,3.701684972668234e-05,0.00045535927721193355,0.00038148226504055655,0.004222745757699423,1.030811313470495e-05,0.0004108462082886017,0.0005019960768757835,0.36350253230614715,0.05365531338596987,-14768251.389997179,192183.54048371315
208,6.78994773377918e-05,3.715303838301461e-05,0.00043283146556431914,0.000373126370531984,0.004280105154094884,1.0640717739461478e-05,0.0004096828458816492,0.0004869883893527143,0.36504808916877307,0.0543017161778552,-14768256.279129898,193152.60487103462
209,6.43541018455074e-05,3.5703445462896707e-05,0.00045863412472445583,0.0004036402665808621,0.0042239258154930705,1.0172779399709265e-05,0.0004252557397016656,0.0004966883946424103,0.3738997137266282,0.05313968507121501,-14768250.68467839,194113.96859622002
210,6.659386779601463e-05,3.605915704875729e-05,0.00045487629954309237,0.00039104738833466173,0.004199143305084104,1.0546581112337934e-05,0.00039560620335627546,0.0005022508041629311,0.3518492285179058,0.053655345792614384,-14768254.320295924,195021.77583026886
211,6.499142940251904e-05,3.617405066824812e-05,0.0004492922011840768,0.000395648472569488,0.004256627314647189,1.0227578065703605e-05,0.00042988561007284675,0.0004905608222015086,0.3784804687807928,0.05343049192845698,-14768250.90386003,195882.30678009987
212,6.506366670710461e-05,3.6457015987309004e-05,0.00046062034075334667,0.0003865759211806053,0.004233491664725902,1.0244044058852279e-05,0.00041595409298829904,0.0004986911585675301,0.3711620414351812,0.05386097771350674,-14768250.644770803,196930.25328612328
213,6.688931793681928e-05,3.55313533706933e-05,0.00043585289239084354,0.0003848297757117891,0.004205302450228052,1.0607115871614111e-05,0.0004069692664483538,0.0005085114302095924,0.3588383529634468,0.0541373728822588,-14768252.513457406,197858.0773434639
214,6.485267780442106e-05,3.6440014755903866e-05,0.00045886689700748846,0.00039602875883852477,0.0042506124934879996,1.0199789791998435e-05,0.00042338402782356876,0.0004897515677967398,0.374922164187648,0.05334213882157651,-14768250.79375158,198801.01339054108
215,6.419370531195759e-05,3.6276206834475263e-05,0.00046526282529970665,0.0004014965729224432,0.004251839762443853,1.0084715020974463e-05,0.00042594476430074003,0.00048778008129259207,0.38596523895306556,0.052823051620083765,-14768251.210328136,199584.49747109413
216,6.520831391797468e-05,3.7075216979856276e-05,0.0004658444410090564,0.0003892569263105421,0.004239826149786588,1.007892004182434e-05,0.00042506727177306683,0.0004891761476412304,0.3811687235515688,0.05316976762613797,-14768251.088042611,200596.09805560112
217,6.384139310362951e-05,3.610958831423461e-05,0.00046179368095715227,0.00039774173439220684,0.004226567679469426,1.0184827772134142e-05,0.000432729750389915,0.0004915587000140808,0.37660451580847876,0.0534025029199072,-14768249.589077324,201593.03713917732
218,6.255107539771356e-05,3.590578970334936e-05,0.00046703568605424746,0.00040181071144170704,0.004214758627336775,1.0125655818623903e-05,0.0004438799085163727,0.0004899353481120463,0.3788889760254903,0.053396857023757044,-14768249.911465395,202643.57255077362
