-1,0.0029999999999999996,0.0029999999999999996,0.0038807630100962404,0.0008807630100962405,0.013310090191944193,0.0012,0.00105,0.33333333333333337,-16794838.249677483,0
0,0.003974607218197945,0.0026329461518099545,0.0034708211302638937,0.0006917567954184236,0.01561382091176581,0.0006476307127487321,0.0014164104704854608,0.2825862066069932,-16800580.866158973,938.4539680480957
1,0.0041733375791078425,0.0026329461518099545,0.0034708211302638937,0.0006917567954184236,0.01561382091176581,0.0006476307127487321,0.0014164104704854608,0.2825862066069932,-16801025.137108374,1891.346182346344
2,0.003974607218197945,0.0027645934594004522,0.0034708211302638937,0.0006917567954184236,0.01561382091176581,0.0006476307127487321,0.0014164104704854608,0.2825862066069932,-16800453.902615167,2802.8609330654144
3,0.003974607218197945,0.0026329461518099545,0.0036443621867770885,0.0006917567954184236,0.01561382091176581,0.0006476307127487321,0.0014164104704854608,0.2825862066069932,-16800646.99216754,3708.5746874809265
4,0.003974607218197945,0.0026329461518099545,0.0034708211302638937,0.0007263446351893448,0.01561382091176581,0.0006476307127487321,0.0014164104704854608,0.2825862066069932,-16800648.689390983,4660.381582021713
5,0.003974607218197945,0.0026329461518099545,0.0034708211302638937,0.0006917567954184236,0.0163945119573541,0.0006476307127487321,0.0014164104704854608,0.2825862066069932,-16802983.469271332,5700.555859804153
6,0.003974607218197945,0.0026329461518099545,0.0034708211302638937,0.0006917567954184236,0.01561382091176581,0.0006800122483861686,0.0014164104704854608,0.2825862066069932,-16800556.340032138,6670.251776456833
7,0.003974607218197945,0.0026329461518099545,0.0034708211302638937,0.0006917567954184236,0.01561382091176581,0.0006476307127487321,0.0014872309940097339,0.2825862066069932,-16801082.046006568,7558.845714330673
8,0.003974607218197945,0.0026329461518099545,0.0034708211302638937,0.0006917567954184236,0.01561382091176581,0.0006476307127487321,0.0014164104704854608,0.2967155169373429,-16800574.410259474,8472.552273273468
9,0.004024289808425418,0.0026658579787075787,0.003514206394392191,0.0007004037553611541,0.014833129866177512,0.0006557260966580913,0.0014341156013665296,0.28611853418958055,-16798818.410014194,9541.789937019348
10,0.004049131103539156,0.0026823138921563917,0.00353589902645634,0.0007047272353325191,0.014052438820589222,0.000659773788612771,0.001442968166807064,0.28788469798087424,-16797415.025794853,10579.441894769669
11,0.004042920779760721,0.0026781999137941875,0.0035304758684403035,0.000703646365339678,0.01522347538897166,0.000658761865624101,0.0013522293710415889,0.2874431570330508,-16799279.686493833,11520.926057815552
12,0.0038115862190140435,0.002689513354290246,0.0035453895529844056,0.0007066187578199917,0.015125889008273122,0.0006615446538429432,0.001407004619704894,0.2886573946395652,-16798915.066856727,12444.861842870712
13,0.003969561330127966,0.0027036551549103195,0.0035640316586645336,0.0006670994487067321,0.015003906032399948,0.000665023139116496,0.0014046531570097525,0.2901751916477082,-16798829.549277984,13300.83121919632
14,0.0039682998581104705,0.00272133240568541,0.0033704079701232003,0.0006955229517997305,0.014851427312558486,0.000669371245708437,0.001401713828640825,0.29207243790788695,-16798499.057426162,14210.053275585175
15,0.003966723018088603,0.0027434289691542738,0.003518845736601221,0.0006964644908950572,0.014660828912756656,0.000674806378948363,0.0013980396681796663,0.2944439957331104,-16798042.80218094,15274.367751598358
16,0.003964751968061266,0.0027710496734903545,0.003530851888185554,0.0006976414147642155,0.01442258091300437,0.000681600295498271,0.0013934469676032176,0.2797468051017026,-16797544.89277203,16179.145235061646
17,0.003962288155527097,0.0028055755539104547,0.0035458595776659686,0.0006991125696006635,0.01412477091331401,0.0006496157716388599,0.0013877060918826567,0.29316626505572974,-16797002.153274335,17256.511835336685
18,0.003956128624191672,0.0028918902549607056,0.0035833788013670065,0.0007027904566917834,0.01338024591408811,0.0006344175332652054,0.0013733539025812544,0.298456294280098,-16795996.255727492,18219.508521318436
19,0.003957668507025529,0.002705752445210021,0.003573998995441748,0.0007018709849190034,0.013566377163894583,0.000678694012405415,0.0013769419499066048,0.29713378697400583,-16796357.127588283,19170.345722198486
20,0.003868041877278956,0.0027990341236702435,0.003525225039015698,0.0006895375698925802,0.013542448130419462,0.0006725458962253745,0.0014473011940667312,0.29469949403318707,-16796266.177760463,20139.413287878036
21,0.004113490352591859,0.0028151008755191837,0.00350527022597942,0.0006822948804304139,0.013244174291654587,0.0006725134186021401,0.0014026000889938851,0.2949957812750781,-16796294.400151033,21050.09909939766
22,0.003991497497093912,0.002828820505051326,0.0034719377621280135,0.0007256130474745937,0.012926224332341418,0.0006709075031999982,0.0014044382846850594,0.2946831316737776,-16795950.425791036,22005.390281677246
23,0.004002465580576885,0.0028914031801218288,0.003425890813859754,0.0007548698468585243,0.01188738348231215,0.0006738496852417492,0.0014043308485227127,0.2969371016868123,-16796113.764096543,22884.911034822464
24,0.003998558378857269,0.0028380152791177148,0.0036909438986705498,0.0007047120683003111,0.012597402307128615,0.0006669434609809475,0.0014080587270650455,0.29343855885507153,-16795740.37003268,23857.976095438004
25,0.0040136876392306686,0.002896356715833868,0.003851211862944225,0.0007093066265506016,0.011470389804413679,0.0006657295686172029,0.0014112311762771558,0.29412161932866376,-16796119.457059592,24716.43278837204
26,0.004008094059071303,0.002839565293139712,0.0035855306727098613,0.0007058324235562979,0.012272144055523435,0.0006595425982491677,0.001414237652247549,0.29081564181033825,-16795826.423586216,25726.29245185852
27,0.004020900631851148,0.00282907349371597,0.0035871942172566048,0.00070670325188516,0.011972782840905489,0.0006472342573869838,0.0014240280239850808,0.308280041618905,-16795963.05728923,26653.47648000717
28,0.003929463878451257,0.002954499175439827,0.0035949708766858856,0.0007001114354550167,0.011823010938399704,0.000665925881466037,0.0013697717890757384,0.305240984649241,-16795854.84344577,27575.07125210762
29,0.004013875317821315,0.00299324730494365,0.0035621138780115116,0.0007025277985025359,0.011873231038720622,0.0006438136249385485,0.0014340054657684814,0.2980186950749183,-16795836.33908969,28467.154432296753
30,0.0038331497135623473,0.0029284354819906033,0.0036450535604818624,0.0007271621325091559,0.011852698097727127,0.0006428192703259256,0.00141619867087485,0.3009124292238061,-16795646.72627408,29429.760256052017
31,0.003692979394047592,0.0029851027852263136,0.003714945227733084,0.000749595758548527,0.011156960000763397,0.0006279721961878185,0.0014229979618153327,0.30387075319817014,-16796130.820286836,30380.270574569702
32,0.0040698751479460995,0.0029768525734196337,0.0036550558778121254,0.0007293255837011333,0.011131986750789167,0.000635355136227829,0.0013637219350040334,0.30276195026335184,-16796852.301370595,31411.612386226654
33,0.003918500194945742,0.002843488736107591,0.003557682748714805,0.0006994845733447185,0.012939832785511888,0.0006632482062259881,0.0014264063793010568,0.29671510809072826,-16795781.649203446,32364.52376151085
34,0.0039723812937219015,0.0028718960624158933,0.0035904781022977677,0.0007152462260651641,0.011184085684976464,0.0006806911674281937,0.0014509323456694608,0.2985698534690985,-16796518.716232203,33314.30964946747
35,0.00396019179157423,0.0028868917068245025,0.003585153626599697,0.0007059043990351285,0.012831205856810197,0.0006459859418059524,0.0013927485133533061,0.29848468407734813,-16795720.979058977,34268.246173620224
36,0.0038924320759931965,0.0029491673769377626,0.0035861525387439427,0.0007111337176592793,0.012806154512135261,0.0006675623644111574,0.0013924383466076906,0.2862972667449023,-16795555.39263872,35208.09028720856
37,0.003828197798064221,0.0030092143185486584,0.0035856316994876116,0.0007133489505463391,0.013222840347750148,0.0006777264179232444,0.0013766435079189954,0.27530587930790096,-16795609.14638709,36207.50015974045
38,0.0038970688554752523,0.0029795070835740155,0.0037299626880265154,0.0006886040896160173,0.01182269556564779,0.0006430528339009329,0.0014090281013883696,0.2977977104578108,-16795635.17999299,37255.85540366173
39,0.003951003718373907,0.002860080390219061,0.0036406775263038,0.0007112288651758443,0.01292583011640153,0.0006423161937436181,0.0014535086750758486,0.2853790389344899,-16795850.05196211,38222.28864502907
40,0.003945618758393245,0.0028836850865242526,0.003629250863899321,0.0007084495077456374,0.012650125321901072,0.0006482186156742228,0.0014325744535758213,0.2903445253631777,-16795672.760038167,39197.08984994888
41,0.00384952813914683,0.0027939417061103888,0.003690318771450127,0.0007102929294391005,0.013069833586875725,0.000665529697955025,0.0013889172453349415,0.2906827860808775,-16795716.304886352,40169.68269896507
42,0.0038156679179157252,0.002936217821156995,0.0036930990014368433,0.0007081034308560391,0.012870342952910983,0.0006512974995708701,0.0014023549571277219,0.2978526254130923,-16795453.045733552,41169.377952337265
43,0.0037194548473379364,0.0029845440851656363,0.003746883165800334,0.0007092389345059098,0.01316944240160476,0.0006471749502317216,0.0013964136095678086,0.3013711172144693,-16795447.705238815,42246.29100251198
44,0.003855500445139334,0.002967558215453628,0.003768247029703283,0.0007168898713579167,0.012260056626945745,0.0006435735775954833,0.0013826880376409019,0.2931171614136377,-16795412.594546515,43307.61459302902
45,0.00382400057023613,0.0030295929551266464,0.0038735291701975216,0.0007255925203645155,0.011920168547662677,0.0006337362632802311,0.0013608288668108246,0.29131818807509247,-16795469.55372923,44260.98314642906
46,0.0037396777777983234,0.003005417406527483,0.003654311662505721,0.0007147068271667254,0.012518150685283301,0.0006340358519941579,0.001394693017520877,0.29631336128893593,-16795261.87783977,45109.20211172104
47,0.00361023747726885,0.003089118470232368,0.0036359955444233063,0.0007197042065999327,0.012478524874360644,0.0006175820475007631,0.0013880101627487922,0.2977507625058682,-16795111.673436616,46122.32747530937
48,0.003690555786505018,0.0030070976696726613,0.003772812414032476,0.0007169644483231089,0.012196176889989335,0.0006478923975928555,0.001408818643581488,0.29108375567378925,-16795201.331852645,47154.35428118706
49,0.003761476350771965,0.0031533366612773437,0.0036882706798276326,0.0007142437976401389,0.011739134985702209,0.0006239393163532404,0.0014176252611614888,0.2989858960684878,-16795449.69328959,48111.774336099625
50,0.0036193501296202307,0.003131006174551752,0.0037640935413605164,0.0007175357918072276,0.011931095666627147,0.0006351805738037973,0.0013702307548170262,0.3014844994625152,-16795229.54204736,49088.19987988472
51,0.0036783692784655986,0.003136898452225688,0.0037780508399976394,0.000696416581868227,0.012748122283026096,0.0006386702450215622,0.0013751145585035414,0.29105961316156403,-16795094.45490943,50035.58444237709
52,0.0036009790609172233,0.0032411299373432305,0.003844549479755527,0.0006810438065477627,0.013195834375675577,0.0006365957323693804,0.001354572502317887,0.28613320513044305,-16795170.186027978,50992.29105877876
53,0.00355977524230028,0.0031251746928051944,0.0037051637504457676,0.0007369277478244177,0.013009481494450012,0.0006373410342267123,0.001373806742268815,0.29248980760349763,-16795137.45963597,51973.19829964638
54,0.0034812478133591064,0.003199516228408306,0.0038787267026537957,0.0007208466273224406,0.012076854293541224,0.0006052761711703765,0.001385738595964775,0.3055383865310549,-16795002.696584728,53083.762370824814
55,0.0032756556820420623,0.0033246906541435787,0.004025013784608722,0.0007257030821540213,0.011712204184244207,0.0005741330745499859,0.0013823887206433176,0.3151589464241312,-16795175.21311206,54140.82241940498
56,0.0035421464042271235,0.003006891835851465,0.0038242225672766475,0.0007193872547621562,0.013228303646934034,0.0006442334329325776,0.0013525800151117985,0.2944878798231113,-16795232.40177029,55026.70925664902
57,0.003539840796883449,0.0031812713496346297,0.0037849449316730245,0.0007269291979604469,0.0118127115423638,0.0006202624197293104,0.001362833268091476,0.29038184932929023,-16795265.904822163,56009.55351948738
58,0.003324880287018081,0.003251685502891888,0.0037677555432625107,0.0007217880927590727,0.012610261045877326,0.0006180360028990054,0.0013715951476310259,0.29795197710903504,-16794869.295230504,57009.00547337532
59,0.0030595702079574544,0.003393749146611019,0.003767509800042125,0.0007242372034596506,0.012785363255343112,0.0006052672155507665,0.0013660487026260879,0.3003693849567337,-16794948.445051447,58049.68743228912
60,0.0035867998078076236,0.0030555759070252002,0.00374676029419014,0.0007104634898561989,0.013256993506337654,0.0006407905565576021,0.0013936403870653397,0.3025798211383187,-16795335.149216913,59014.2969994545
61,0.0035515805496144923,0.003149847488982272,0.0037753987723023034,0.0007228127709343849,0.012173782033357262,0.0006253944539363833,0.001370535047834942,0.2934313422815473,-16795054.813426007,60087.618444919586
62,0.003586852736810791,0.0032656943340910673,0.0036952767098429313,0.0007188618120975469,0.011577770998373229,0.0006121097986052862,0.0014083823982258032,0.29820965625910656,-16795434.211063877,61025.89659309387
63,0.0035533229873730404,0.003071592460411366,0.0037919861029182184,0.0007192558940960039,0.012815670484793833,0.0006362025243507548,0.0013665306108902996,0.2954183239321101,-16795039.648488943,62015.308789253235
64,0.0034931422258558864,0.0031267265668556837,0.0037623788761484886,0.0007211433006246696,0.013096122683221788,0.0006214181453708061,0.0013898066225388932,0.2896964927371014,-16795148.68807772,62978.291918992996
65,0.003372583178808816,0.00328054229603053,0.003751051619005532,0.0007227593571841784,0.013056027908167712,0.0006020877585262354,0.0013464657285137825,0.2997504207916554,-16794997.15088284,63958.97724747658
66,0.0035398569776961793,0.0031993673311412184,0.0037586533426037807,0.0007189845190224948,0.012146058421171743,0.0006237294140371421,0.0013546425260500998,0.3036511657419817,-16795056.264260385,64925.22833299637
67,0.0034682443951007617,0.0032194673647757137,0.0038292408663460043,0.0006987142646222662,0.012016843841623947,0.0006044036201338434,0.0013658513522654993,0.3036481904102064,-16795047.108183783,65988.93697786331
68,0.0033822838895901687,0.0032881108109843763,0.003946720402849139,0.0007106903203523344,0.012432380203529138,0.0006208680000180627,0.0013461082291646997,0.2998615924839205,-16794854.0610509,67175.30515623093
69,0.003268307095750829,0.0033876069813603815,0.004102082832062056,0.0007061833772285353,0.012409307868113381,0.0006225109762767124,0.0013251572623726535,0.3009170074729467,-16794871.736720398,68387.25341796875
70,0.0032401307411745626,0.00327813391868073,0.0038468324979876816,0.000737546379705067,0.012083847274989453,0.0005953292412463888,0.00135175225107524,0.30875323665881393,-16794998.17169908,69369.67069363594
71,0.0033037114828135773,0.003235356686650077,0.0038882747842275164,0.0007196189077214422,0.012670358350298236,0.0006031700290331203,0.0013715017147849663,0.29743720180760425,-16794869.77816749,70432.75596690178
72,0.003230020644195035,0.003306253828225975,0.003899748357510296,0.0007149921900063165,0.012766778817347953,0.0005959488829080635,0.0013558508597376303,0.3086584901495528,-16794870.612417758,71419.26080107689
73,0.003253800860982335,0.003258330568295099,0.0038635331362576676,0.0007431601776644477,0.013111200753012274,0.0006148260324041584,0.0013580344321751057,0.2996942169557304,-16795015.152169436,72255.309030056
74,0.0030938417371123806,0.00345288999963038,0.003918674658020316,0.000728594619082821,0.012386256676897,0.0005776830052005979,0.001355231128871507,0.30899305668973176,-16794952.245165136,73108.20211863518
75,0.0033533740825355974,0.003314791749580467,0.0038609130051215283,0.0007010489458689705,0.011909490389649738,0.0005897737403463044,0.0013630264817608008,0.30704187359961177,-16795073.894878265,73897.3869009018
76,0.0032786941663706507,0.003272445863616441,0.0038628781034736326,0.0007326323697155785,0.01281077316217164,0.0006085629593896948,0.0013592824445715296,0.3015311311167007,-16794889.445246816,74769.00125980377
77,0.0030752887184117127,0.0033918384982692938,0.0038417572889303596,0.0007263089318092623,0.013127316566278392,0.0006001452986349158,0.0013287082801228204,0.3001958901706986,-16795027.004442032,75661.85306334496
78,0.003379758039622258,0.003247596795873553,0.0038694843492229365,0.0007222122034441459,0.012339469861725516,0.0006039934530365112,0.0013714810170042863,0.30420276244096583,-16794887.795978263,76530.27804350853
79,0.00335131261520818,0.0033055865272950753,0.003879314456405288,0.0007057756353614053,0.013184229231514171,0.000612258281506434,0.0013676268164946174,0.29584342148847753,-16795079.11575067,77394.1343665123
80,0.003267926209682967,0.0032849970708343163,0.0038549529875920832,0.0007296036936191516,0.012358942764120633,0.0005995615013114001,0.0013557208924300842,0.30552578286622983,-16794880.226089813,78311.26522731781
81,0.003192695935292464,0.0033042918436462215,0.004001070677534075,0.000722273741991037,0.012037777312324145,0.0006048681999228785,0.0013752271300351499,0.3062900778742797,-16794968.36397224,79189.23818850517
82,0.0032376677461715517,0.003298354456742299,0.00393856591290194,0.0007223951457893225,0.012292339961285037,0.0006041730895737178,0.001368036779654808,0.30465516360362366,-16794876.049116574,80041.17788672447
83,0.0035073938792536917,0.0030933102543243517,0.0038384204522396975,0.0007148886117690199,0.012684069364691868,0.000635895474341796,0.001369663142373251,0.2959629687046764,-16794963.912944116,80961.42596030235
84,0.003197229772647708,0.003362995063303873,0.003898611106575161,0.0007251681172543707,0.012460709848845716,0.0005922361224858974,0.001358839132246943,0.3057355346934679,-16794873.66597928,81842.29513454437
85,0.003302175351564686,0.0032963916902601486,0.003903150257561763,0.0007089847980209607,0.012172037051085752,0.0006009338109267499,0.0013655009985920814,0.30447599517189927,-16794913.858759277,82736.24289774895
86,0.0032845644626691593,0.003278432320277368,0.003872946141995665,0.000726720476791924,0.012651089134400169,0.0006066556722739586,0.0013608370830766677,0.30226734713050035,-16794857.451747727,83644.79333591461
87,0.0031773130840748037,0.0033289496391039905,0.0038974094600056413,0.0007205320326293377,0.012721245169700537,0.0006061688720892951,0.0013506414426774195,0.30132051002001775,-16794865.13657042,84550.97954583168
88,0.0032664916326120546,0.003302537506210646,0.003922554939739885,0.0007108726272068786,0.012792347868700395,0.0006122526665088802,0.0013651317048134558,0.29894617138320073,-16794876.361908637,85443.99077963829
89,0.0032668502768797825,0.003298152397366563,0.0039056544517029343,0.0007155553938099469,0.012683996592555456,0.0006090798752095101,0.0013627790017176128,0.30059107425395803,-16794853.945530888,86365.53728246689
90,0.0033040457288005276,0.0032891296054587287,0.0038307141491302765,0.0007163712370418637,0.012956864829353595,0.0006088677746555107,0.0013515013731044336,0.29880076830839053,-16794924.68675904,87278.78930735588
91,0.0032542622418287957,0.0032960482439214063,0.003911602971959024,0.0007208891686024578,0.012458471178302177,0.000605346760844166,0.0013639029280172145,0.30319156477981535,-16794849.568388395,88124.86959767342
92,0.003358741819619643,0.003207752294051538,0.0038739169218030213,0.0007125285284138375,0.01278793527415703,0.0006240824013328981,0.0013619649694548662,0.2970844047401331,-16794882.064787567,88987.88117098808
93,0.003237607784390692,0.0033241843709907893,0.0038924375603821264,0.0007220082200442374,0.012542516205173545,0.0006001976921976475,0.0013596205915489237,0.30357275220513424,-16794853.313378457,89905.67655563354
94,0.0033278477331212305,0.0032689761648206405,0.0038709519715858444,0.000724458463171372,0.012425800652611195,0.000621431843233128,0.001365895674917002,0.29289001479794363,-16794857.476425786,90796.34239554405
95,0.003260190957079601,0.0033482781759391787,0.0038780948417082056,0.0007210416343187287,0.012461081695239148,0.0006187761506580731,0.0013488433099026744,0.3029745063874769,-16794847.051948592,91709.08025050163
96,0.0032384306942126132,0.00340473892058373,0.0038730048704485502,0.0007217529976173717,0.012356443367709604,0.0006265792114705496,0.001337514107461529,0.3057431586774133,-16794876.24583901,92624.62636637688
97,0.0032228498203904768,0.0033560975279591895,0.0040261989072846345,0.0007186858346710122,0.012483884162000516,0.0006040952137319547,0.0013430619176245274,0.3037153634056567,-16794861.900598984,93579.27590203285
98,0.0033818012074126724,0.003285620363960887,0.003928742352361251,0.0007194803453111657,0.012313559786252298,0.00061544392995233,0.001362120741314911,0.3009455438410837,-16794878.810622256,94476.8660326004
99,0.003228435114909271,0.0033181173203182144,0.0039052426830945438,0.0007202691107997946,0.012619323823838478,0.0006084876365550539,0.0013535112673367924,0.30122676847528423,-16794847.16527766,95386.02925634384
100,0.0033376607947266978,0.0032489774231954445,0.003769713849034736,0.0007217223623016866,0.012584780709411813,0.0006186156940154452,0.001372312603795869,0.2979285417228516,-16794870.28810855,96282.67075753212
101,0.003251552563974532,0.0033293175017682533,0.00396207764272216,0.0007194449665786808,0.01250910829885334,0.0006077253338028273,0.0013503745891673628,0.3022686579849554,-16794846.97317397,97183.44840240479
102,0.0032135890897092697,0.0033511841205708963,0.003947742202517606,0.0007146963596531542,0.012663691130361664,0.0005978524371566968,0.0013455985750659846,0.31109855112731766,-16794855.65592941,98022.99362921715
103,0.0032391285169213685,0.003359915915187551,0.00396444704723827,0.0007094283167479098,0.012441553147563067,0.0006104277993365506,0.0013468475399036482,0.3039290197939653,-16794848.88045924,98880.2110812664
104,0.0033164887466842832,0.0032893470635481856,0.0038938271978964933,0.0007201354231603683,0.012373416655901921,0.0006223748749987761,0.001362398289123748,0.29330543296380984,-16794857.624133367,99798.76707696915
105,0.003239314003953023,0.0033357248563152184,0.003934263451362328,0.0007160561255299577,0.012591122511746728,0.0006039830466172166,0.0013497985035804253,0.3066502715864407,-16794845.139614098,100635.9087460041
106,0.0031120514753940967,0.0033643238844674175,0.003891734759693258,0.0007254829137555941,0.012644413159788849,0.0005951380737871986,0.0013628112036289637,0.30623956138283703,-16794893.19719373,101457.07255887985
107,0.0033147257860411507,0.0033071640793551366,0.0039329739920601695,0.0007143884687031494,0.012485388442594066,0.0006144355184603467,0.0013502839727807657,0.30145608470864965,-16794841.520759277,102292.35213899612
108,0.003239453965394826,0.003356535218582374,0.003939630595928772,0.0007203261090212822,0.012343144733272183,0.0006082651094084604,0.001343016673841839,0.3057263322264724,-16794873.007981937,103195.067497015
109,0.0032600011990085434,0.003312748102670516,0.003914148487759394,0.0007167480726127807,0.012598783627734637,0.0006088761837592477,0.0013578384197486693,0.3018748887470866,-16794843.80702679,104062.14241313934
110,0.003274294811538378,0.0033276441778780806,0.003958275219093898,0.0007125582459291275,0.01249869197629436,0.000619316915310723,0.0013457295410604646,0.30232018841078434,-16794834.737050094,105002.41618514061
111,0.0032926383251122206,0.0033293740813217267,0.003991194048449784,0.0007078332588715726,0.012476779861854768,0.0006288765268672608,0.0013387840158162355,0.3016939065136094,-16794831.435817666,105868.25069880486
112,0.0032672343749211314,0.0033641117642975436,0.00395900757663969,0.0007104133199381857,0.012587314174053878,0.0006200502881699779,0.0013351674765419291,0.3023269612695517,-16794834.327963766,106716.11831259727
113,0.003289394564328499,0.003301293055308896,0.003904803633710799,0.0007221204225903027,0.012640672461415689,0.0006173748718859504,0.0013493028488150657,0.3011889916242983,-16794841.930728532,107545.28830599785
114,0.0033153278286954043,0.003338885583925903,0.0039638982355085905,0.0007117424564860449,0.012468238944534582,0.0006215368435001714,0.001341587016751489,0.30388179873023297,-16794838.23460856,108481.10430669785
115,0.0032973562044290245,0.003306376580301619,0.004012496925345024,0.0007086451385089398,0.012628270385457776,0.0006119385026076767,0.001344440900897811,0.3023608839037293,-16794845.975399185,109326.46931886673
116,0.0033174455076477164,0.0033196020241058857,0.003941118944986785,0.0007075418492315525,0.012610034303494694,0.0006240426116641349,0.0013414261995657345,0.3030897887859443,-16794828.6641803,110201.42294883728
117,0.003350391979484308,0.003314744285274702,0.003930639596119098,0.0007015902905579882,0.012660497305815373,0.0006322012505947886,0.0013369520047649204,0.3035003541864387,-16794826.576754104,111055.6550374031
118,0.003284900810957045,0.0033446348718157914,0.0038702353300574394,0.0007165779653135559,0.012498928946979656,0.0006248951298560634,0.0013454876638020643,0.30328243043784775,-16794837.547487143,111931.27519917488
119,0.003354339713184052,0.0033175140996773355,0.003932461773713912,0.0007092974382384374,0.012513028429498928,0.000638078606656235,0.0013390523511748599,0.2981510824679881,-16794830.055805437,112726.04161167145
120,0.0033572371466724085,0.003341682352573743,0.003957155058805477,0.0007067428325620284,0.012483928513952098,0.0006404860752384508,0.001326315917863163,0.30199551373756756,-16794830.99196505,113668.7355735302
121,0.0033448044269384306,0.0033632347242515755,0.00397958776912774,0.0006975260850774377,0.012402853693405144,0.0006377651879498732,0.0013291047560587913,0.30288304138867334,-16794840.479451146,114586.29795432091
122,0.0033269928654500987,0.003371381361429444,0.003963070855045263,0.0007010424430581632,0.012537504024929539,0.0006465369587478585,0.0013228288279125975,0.3029726874743279,-16794818.917229176,115424.05051660538
123,0.0033331264051545736,0.0034034900024665984,0.0039781192865378096,0.00069436943023567,0.012563561816097274,0.0006625876788916144,0.001309101255478513,0.303730988857167,-16794814.078498445,116225.99251818657
124,0.0032939947191068554,0.0033253745360867612,0.003916089957330209,0.000717115662973433,0.012660215804791493,0.0006294129119937675,0.0013390071694895024,0.3017577176614276,-16794830.599621385,117069.44209909439
125,0.003318138039952744,0.003346345914452648,0.003919827421404764,0.0007042425931866728,0.012642824768726281,0.0006476102735668682,0.001325879946981308,0.30022794005266656,-16794813.734978173,118031.45733833313
126,0.0033195431455814136,0.0033500760797160207,0.003897792014352851,0.0007004926615369867,0.012730117680822134,0.0006606469886002166,0.0013180264120962173,0.29840101071388336,-16794809.930914707,118859.24717473984
127,0.003357225641347196,0.003341956928537817,0.004020379497929768,0.0006953857584150194,0.012669931949741827,0.0006531899518970146,0.001315113987004271,0.29960695341406063,-16794821.184751205,119777.39195275307
128,0.003397389893989626,0.0033169413271161327,0.0039469502316700385,0.0006977935134095983,0.012602201166589597,0.000666319709514859,0.0013204208018799913,0.2998824206184838,-16794815.221599713,120717.51308703423
129,0.0033981738360178877,0.0033485708215405512,0.0039037028056650054,0.0006978636381107179,0.012744090804972411,0.0006668542664794758,0.0013122134591216244,0.30006260390064476,-16794822.159573734,121554.55965685844
130,0.0033438091867940695,0.0033379846675302373,0.003924378732024195,0.0006967342658074343,0.012801982725630167,0.0006618367659185421,0.0013211559423893118,0.2992777692174559,-16794821.914701976,122458.6385986805
131,0.003419505231281426,0.0033574450168780876,0.003967516027172959,0.00068126608610453,0.012661137165000436,0.0006810158926444189,0.001304001883987925,0.298895578182603,-16794811.583494905,123332.11532092094
132,0.0033754516167285725,0.0033752881825877016,0.003959907774154019,0.000682076472806049,0.012845351724168372,0.0006830845194789976,0.0012951940855058333,0.3026883373046962,-16794813.63570792,124221.58939027786
133,0.003385664259739383,0.0033931939713185847,0.003969046996257563,0.0006849051660485132,0.012744096452440179,0.0007016826927614961,0.001286854952101001,0.29713606136580983,-16794802.928195223,125056.85204434395
134,0.0034033003998669206,0.003432418814340527,0.003988250696326795,0.0006765626037937757,0.012785896025752586,0.0007364234138448498,0.0012618064257690414,0.2939539149554954,-16794806.61133018,125965.49169898033
135,0.003334755009136178,0.003370523222497244,0.004012319834359795,0.0006853922004802324,0.012660504365150083,0.0006757367834473139,0.0013052538709891416,0.2998421760178952,-16794801.944087718,126795.59474658966
136,0.003303045595695324,0.00338149942297559,0.004066628348707191,0.0006791564816649898,0.012618711145238916,0.0006801780419312328,0.0013017740769228998,0.2997319620765204,-16794807.120646954,127640.49587273598
137,0.0033868561139455237,0.0033892440152493092,0.0040136291835845056,0.0006836860564517155,0.012567242854372305,0.0006842292883904405,0.0012923358698714116,0.3007681124011939,-16794813.793235935,128516.51680922508
138,0.0033808472775419783,0.0033970935259196025,0.003915940839092618,0.0006821096383533043,0.012673621356418264,0.0007006359365353247,0.0012926832959732379,0.3007292179513724,-16794797.578403153,129455.39166283607
139,0.0033926580956393695,0.003424661824610495,0.003863721509674043,0.0006754715783224465,0.012675466059756484,0.0007243589288544797,0.0012814679504577218,0.30129035022002837,-16794803.11429075,130301.85401034355
140,0.0033365473707876354,0.0034421471770421544,0.003981617757207992,0.000675780914594652,0.012759207187027662,0.0006960852356725968,0.0012804421046208286,0.30066545008017154,-16794803.140941475,131146.8177177906
141,0.0034016661010309547,0.0033652627953355777,0.0039513233200077665,0.0006745578688583255,0.012846757880252583,0.0007081916554910867,0.001284596863307886,0.2960504971472393,-16794805.154772483,132016.04139780998
142,0.0033516388890113616,0.003373513477574434,0.0039002369570668863,0.0006829591957439325,0.012912955598447622,0.0006925406377674223,0.001299427497274106,0.2978339697897238,-16794818.98177688,132924.63849830627
143,0.003378051807711983,0.0033853113808305904,0.003985281126955101,0.0006835043412747697,0.012653671040391133,0.0006863071257346859,0.001294108776722085,0.30003457674832634,-16794802.86910313,133809.31673240662
144,0.003363693433974165,0.0033899751097967636,0.003960301704697642,0.0006849257465067793,0.012586926557707243,0.0006944910582427871,0.0012962979544437472,0.29525030474712904,-16794802.568264812,134685.5477528572
145,0.003305686870094497,0.0034159507987360457,0.003950889871059874,0.0006866510483088607,0.012752588465051885,0.0006999284764769581,0.0012855641735756112,0.29813174551035376,-16794793.98961601,135573.45727920532
146,0.0032487776895010322,0.0034452036896650247,0.003942576793003333,0.0006893435294110261,0.012798314115077612,0.0007093847683932277,0.0012763453183694544,0.2977498291742292,-16794800.41473454,136498.50306653976
147,0.00340218488692278,0.0034397884156531205,0.004033888348056737,0.0006639640695693726,0.01268922564528762,0.0007301177524903456,0.0012634240858371672,0.29855899667819086,-16794809.15650435,137382.52242469788
148,0.0033815244515874384,0.0034173603316688455,0.003999864264630766,0.000673096217561276,0.012699448654171247,0.0007127500615178134,0.0012770746674019297,0.298519500187114,-16794799.71373642,138233.96868872643
149,0.0033150265191123594,0.00343762608411688,0.003992492278557571,0.0006895334494237714,0.012535758139336838,0.0006837126871061573,0.0012949730856490096,0.3015267610048038,-16794817.389439777,139132.03470683098
150,0.0033800062055513056,0.0033833536175309036,0.003961615559645217,0.0006783017639996869,0.012769007945023647,0.0007020719133948544,0.001287190918893167,0.2974195631116304,-16794797.658291757,140030.2454173565
151,0.0033910099580465956,0.00334604331253249,0.00395719729196665,0.0006889406160387035,0.01262575902206076,0.0006973157763552117,0.0013008150479041514,0.2961003363297362,-16794799.856157664,140893.3291695118
152,0.0033432294936716527,0.003383208853559537,0.003966805626844353,0.0006808252270823899,0.012611285399053387,0.0006906265901647413,0.0012978922243747663,0.2993707937850796,-16794793.89701444,141810.31974935532
153,0.003322012110637788,0.003378216294680013,0.003965684942137747,0.000678785257599328,0.012544879872359992,0.0006850985388663637,0.001303410860511649,0.30048815999471445,-16794796.727013152,142658.49288010597
154,0.00334213636718897,0.003390565812229767,0.0039459526211191275,0.0006815562733080386,0.012691114400767995,0.0007070820232990652,0.0012915842616668528,0.2963063326617513,-16794788.06333778,143534.351044178
155,0.0033241786469274635,0.0033931930279293542,0.00392628836820114,0.0006805822393246732,0.012709836080956424,0.000717469472081255,0.0012903220041392367,0.2944422106184639,-16794783.043453433,144464.52522540092
156,0.0033466160441651127,0.003386706562796742,0.003962428709252461,0.0006790489912805023,0.012788586264264178,0.000704642694250581,0.001287901096369063,0.3008885811307824,-16794790.808958996,145401.40922689438
157,0.003378519727760333,0.003410204285171136,0.003897937798313475,0.0006769967350071168,0.012747028931599864,0.000730623446746871,0.0012746069861686495,0.29655831113823794,-16794791.89831967,146239.67756581306
158,0.0033191422212783504,0.0034507244382955527,0.003938245467293327,0.0006704623491907488,0.012812091752073963,0.000717371371436888,0.0012724937938197642,0.3004146445285224,-16794794.7318077,147148.25320267677
159,0.0033130321701602358,0.0033877484458158733,0.0038801737952948515,0.0006856482805755446,0.012766562894439153,0.000703092413754055,0.0012950889559264446,0.2984692667564967,-16794788.53260925,148040.56488108635
160,0.0032978069073486002,0.0034228538670250577,0.0038980620591928077,0.0006822793632810982,0.012696392340940629,0.0007140256869668142,0.0012869472136935265,0.2998316297431969,-16794787.981052153,148989.0626513958
161,0.003276205742809583,0.0034155540439127227,0.003939267084770454,0.0006785139201594294,0.012797471675676604,0.0007188091014342163,0.0012800208160435277,0.296297577851411,-16794785.17109639,149939.3267288208
162,0.0033271766794560186,0.003353130532941065,0.003917217860939027,0.0006921741020641548,0.012655346260921563,0.000702433099031985,0.001302092073752942,0.29558288460498316,-16794785.329680342,150883.92237257957
163,0.0033460044829802535,0.003372199106051827,0.0038961554546422666,0.0006773661663848666,0.012690538996911065,0.0007205021496306717,0.0012931536690414277,0.29722856839680917,-16794780.008066647,151809.2124080658
164,0.0033661632894231314,0.003350323259709717,0.003868788246433462,0.0006727237254228694,0.012659514262840656,0.0007307889862075286,0.001296948416774336,0.2967769798400369,-16794780.45312688,152751.5392153263
165,0.003309155606730248,0.003402188614351408,0.003862577155807269,0.0006823272224369566,0.01285165546237398,0.000737272925809371,0.0012796409794089384,0.29545396377501565,-16794786.557528593,153764.95809864998
166,0.003256524342384046,0.0033731892650348773,0.003922604823711595,0.0006874883363696895,0.012742068562521035,0.0006989384389928664,0.0013041847159251272,0.2979903595810517,-16794783.932044826,154714.31288671494
167,0.003265905100533999,0.003393307662968804,0.003848157941387392,0.0006875459163686008,0.012688881804420935,0.0007234931276747277,0.00129496151061373,0.2929355342010746,-16794785.75643632,155567.63108372688
168,0.003287707207132316,0.003393655584237905,0.003922408891868137,0.0006814210360218227,0.012691484901741403,0.0007301435866514219,0.0012877417897281698,0.2939714154365048,-16794776.844130766,156484.3904528618
169,0.0032750447256183557,0.003396609153448922,0.00394352644015478,0.0006793074137449616,0.012653945905392532,0.0007436691731001054,0.0012840682066290326,0.29172248977650883,-16794776.554647237,157436.85793805122
170,0.0032972419245113904,0.0033519889846346865,0.003915886723210672,0.0006840469659322352,0.012751043846352903,0.0007266211849719856,0.0012951637801949644,0.2905817674581326,-16794773.639370605,158375.34857177734
171,0.003296959433092786,0.0033165565434395,0.003924799055219605,0.000684930767257804,0.01277836959905904,0.0007329189339745712,0.0012992720634456834,0.2859568363156004,-16794772.51635904,159282.69606614113
172,0.0032828441817203775,0.0033512462195803595,0.0039669271014492954,0.0006846499929815885,0.012577459259090817,0.0007022854481707288,0.001307377785488738,0.29258515156146003,-16794785.438481696,160243.14731025696
173,0.0033303294582132216,0.0033496118101158526,0.004011038605884649,0.0006787073182031911,0.012712377280711333,0.0007107633264293721,0.0012951613230026988,0.2950159854754975,-16794785.175969016,161247.7929239273
174,0.0033252616961500546,0.00339126465113817,0.003903297321931584,0.000680117572895604,0.012857529331446581,0.0007340904754980322,0.0012796909325061812,0.2959740765936214,-16794784.793771252,162208.97807836533
175,0.003280450452587922,0.0033989138673267403,0.003949526427689991,0.0006695793315209,0.012830188097247088,0.0007418571687532874,0.0012793763589302866,0.29307414154725775,-16794776.958644696,163163.5490758419
176,0.0032648279224243935,0.0034147581044546753,0.0038403276381957065,0.0006807641187112911,0.01280260978159126,0.000741300401936879,0.001282360868662427,0.2931555796946836,-16794785.75014806,164129.2297461033
177,0.0033139540742660144,0.0033658983837005583,0.003968360863962413,0.000679221518330216,0.012734935405931316,0.0007183975953062489,0.0012919612094176307,0.29455088403029406,-16794778.27642674,165031.13511276245
178,0.0033283887206921403,0.0033364019556047647,0.0039193726041078895,0.0006811344162977491,0.012701881319189668,0.0007331517504000432,0.001300486473965124,0.2914373138634908,-16794771.827626977,166005.81259393692
179,0.00335448020963342,0.003296825911450786,0.003909425363776607,0.0006824446643669089,0.012654086140946198,0.0007403230748829566,0.0013107193029259223,0.2890071818695308,-16794774.83192287,166868.83670425415
180,0.00328011452348719,0.0033469756744959663,0.003959361187490835,0.0006797849744121108,0.012602911660355463,0.0007176356950617303,0.0013060152428672066,0.29062662443874765,-16794777.130096648,167821.77723765373
181,0.0033547494225289855,0.0033584976629645316,0.003949242776655634,0.0006704883704486309,0.012683583203739614,0.0007574620455841122,0.00128197909118378,0.28676940766574155,-16794774.374133468,168718.16038250923
182,0.003294737811885949,0.0033298200588288487,0.003951297834279714,0.0006748710002746365,0.012709252466000024,0.0007489291558714375,0.0012937560747308063,0.28839935589014876,-16794763.16056386,169653.95935630798
183,0.003280017394365191,0.003298133574278595,0.0039638025673190014,0.0006720153807496182,0.012708960658521826,0.0007646589977665288,0.0012954731100265912,0.2853779285259912,-16794757.83738734,170572.56260442734
184,0.003256415203679393,0.0033322975977630675,0.0039983425260077705,0.0006767493768056311,0.012733154965448072,0.000756935690355985,0.0012915042700749058,0.28265033814409896,-16794767.64092231,171495.18839240074
185,0.0032740808947469766,0.0033301981236299634,0.003933632532198965,0.0006742759894791356,0.012688313446307008,0.0007686747684428421,0.0012925824948630217,0.2823528860390653,-16794759.955847625,172483.5268113613
186,0.003306412038340747,0.003344926445118055,0.003936200044847574,0.0006723352871639968,0.012841687638370753,0.0007821964370326386,0.0012751702744123999,0.284208711030691,-16794763.64914919,173428.94922065735
187,0.003312566505678222,0.0032794913967351103,0.003942703208937812,0.0006832299189659818,0.012617286086760039,0.0007680597804109192,0.0013007576372198481,0.2795448362930393,-16794767.081952866,174352.87541508675
188,0.0033273526776627545,0.0032525166714344753,0.003948497388668783,0.0006744824630471749,0.012784363323956473,0.0007723454278918047,0.0013002381471688058,0.27785207469292084,-16794769.386569817,175166.4801018238
189,0.003240798794535567,0.0032641329140363513,0.0039425947051712155,0.000684300029493142,0.012779921055663605,0.0007622734009847208,0.0013068920266103147,0.28057582356048294,-16794762.476943478,176048.91885733604
190,0.0032845486243324616,0.003292968126210595,0.003971487339095149,0.0006696999482428032,0.012685522524495316,0.0007941551293467995,0.0012915040451395693,0.28004314172184464,-16794755.823133506,176975.59732341766
191,0.003278343219952299,0.0032811739175961432,0.003994831481032921,0.0006620845387353027,0.012639098987213458,0.0008247732270329137,0.0012876200359865121,0.2770862944249668,-16794758.69294351,177978.89412879944
192,0.003242159312643187,0.003262264256696787,0.003989942473953678,0.0006706376821891219,0.012757921105691105,0.0008091731576580164,0.00128804402741374,0.27171412113854276,-16794756.214653704,178827.95999407768
193,0.003221897014417682,0.0033485864371826553,0.003971178960714007,0.0006763284402251826,0.012668828546357959,0.0007791864126078082,0.001285243824271292,0.28376487192051814,-16794763.821431585,179792.78364753723
194,0.0032842049410856155,0.0032728777207089604,0.00391454293205158,0.0006739562923216145,0.012703955300093831,0.0008001588307065837,0.0012924125899142886,0.27924524191344485,-16794752.041340537,180885.46084976196
195,0.003298099809788726,0.003243167782181907,0.0038726431350734856,0.0006725597500796062,0.012689355467416709,0.0008217704008818833,0.0012928667498339798,0.2775426937981178,-16794755.134398624,181880.018958807
196,0.003220963247938636,0.0033240305027303807,0.003963142179899981,0.000665157343500172,0.012841491482115313,0.0007970595032255655,0.0012810729609429561,0.2822758451696059,-16794757.76186088,182753.09288358688
197,0.003311399297579414,0.003248796478669766,0.003932657232920279,0.0006692660480597185,0.012833114756456734,0.0007904011436831156,0.0012955440580594284,0.27768355285439905,-16794764.22503254,183712.3744854927
198,0.003244272585208115,0.0033236389475544328,0.003961548528765575,0.0006745628421838166,0.012709900098882652,0.0007819900953766351,0.001287818882718326,0.28224454215398836,-16794756.588411823,184584.93087410927
199,0.003211349410373189,0.003247134596343461,0.0039739732697662115,0.0006738160898758592,0.012627308779571914,0.0007873395338442845,0.0013087797599948023,0.27674867152505045,-16794760.346866075,185481.76361608505
200,0.003269600308137775,0.0033236785480019425,0.003975423250591319,0.0006592303626423933,0.012650922293256137,0.0008135291031070931,0.0012775299411430093,0.2794247709864004,-16794760.072127122,186409.6468667984
201,0.0033136124167413,0.0033598128536094533,0.0039444071812026,0.0006660678704513098,0.012809437947768884,0.0007950103625632317,0.0012678297530455732,0.2839209478871705,-16794761.67508507,187342.7677488327
202,0.0032369151619652168,0.003275304160659959,0.003966581747625309,0.0006718790350197218,0.012672841071621158,0.0007892572410240213,0.001298542258257495,0.27854174061558046,-16794755.1342146,188318.43859434128
203,0.0032471902324335746,0.003271175305115475,0.00394074682463599,0.0006838157657791076,0.012791304128675917,0.0007627528277796549,0.0013043326511759882,0.2810240908331155,-16794762.556757744,189195.11678218842
204,0.003263997789211725,0.003310552737280326,0.003966754144102486,0.0006653767134265719,0.012686017752111083,0.0008008350342752335,0.001284230618651254,0.27982460094807915,-16794754.946330674,190131.982763052
205,0.0032401888694405592,0.003259744382900045,0.003990817946004225,0.0006665453199292245,0.012753339052076061,0.000815647228902004,0.0012871921284030334,0.277463904507704,-16794752.331307743,191067.9724738598
206,0.003224295238591187,0.0032822116344067764,0.003967401755555494,0.0006674384134536435,0.012743786438249801,0.000832410057362186,0.0012822312678335743,0.27246035601620633,-16794750.224644665,191929.28849983215
207,0.003196434160704184,0.0032742506644708666,0.00396920134967374,0.0006651499298056564,0.012761199328113787,0.0008662855871600147,0.001275610346737066,0.26600156976131384,-16794751.3540601,192813.99849772453
208,0.00328418238268088,0.00324585998887409,0.003969127036888393,0.0006748667181914575,0.012586829353689936,0.0008088471904373043,0.0012969209936398644,0.2731085670842418,-16794765.256900858,193688.64219546318
209,0.0032367680316241973,0.003304487874266308,0.003964638394147084,0.0006675846871729934,0.012777825950008969,0.0008000064250285003,0.0012850349691171832,0.27998402564826486,-16794752.677130066,194616.85081720352
210,0.003258996907015422,0.003241463775728006,0.003971493154368176,0.0006637166807551071,0.012735402199704177,0.0008284206806992012,0.0012894790934642087,0.27257474097342843,-16794752.03567028,195496.5835134983
211,0.0032653195781734085,0.003297638346343456,0.003938486879283698,0.0006659115903912982,0.012681751466398992,0.0008060494991781157,0.0012896127152814117,0.2833203169475954,-16794750.201684475,196456.1102154255
212,0.0032768997109385196,0.003315325391166791,0.0039127590819487065,0.0006635485444923862,0.012643666646752937,0.0008044876699381655,0.0012903970592152477,0.2891234148521218,-16794753.2912245,197440.10075759888
213,0.003218123004944371,0.003268102031862864,0.003948691899189364,0.0006659022348747407,0.012753207283070701,0.000824041119947162,0.0012856798650910427,0.2758105901707313,-16794748.040655144,198406.93399095535
214,0.0031849101952503255,0.0032556689846889985,0.003937294179236472,0.0006640033781907095,0.012787049662358392,0.0008389841152473434,0.0012827677750667796,0.27369431439517466,-16794748.704997465,199424.9082813263
215,0.003261058428056404,0.0032839654652142255,0.003949125028550219,0.0006622289480615768,0.012785980288807244,0.0008376349780007252,0.0012754260536815046,0.27662920366578314,-16794747.006016023,200381.01102280617
216,0.0032731300611019984,0.0032882961174913582,0.003940396669012674,0.0006574039045825042,0.012842549897400288,0.000861823846489077,0.0012638679513935092,0.2756729351908844,-16794747.455550678,201325.3224887848
217,0.0032332409605210655,0.0032420700705773344,0.003944545353184975,0.0006679443283134778,0.012797794242491358,0.0008352571706808858,0.0012875365520453078,0.2745474940127104,-16794747.254307922,202347.96508860588
218,0.0032595889503328106,0.0032325304826691095,0.00394163784289985,0.0006658262648521775,0.01271097811771407,0.0008448984663407156,0.0012873575973114098,0.2730289364036361,-16794749.05957803,203393.91097187996
219,0.0032610181327395113,0.003270470498977639,0.0039031632652666154,0.0006666858683266844,0.012724874782056483,0.0008365704718268896,0.001285241805252654,0.27444031551818004,-16794747.70372342,204395.84440779686
220,0.0032112053590079292,0.0032567353557358928,0.003976593362523019,0.0006574572899355621,0.012779488404529377,0.0008611617803023864,0.00127822864757599,0.27145774651362303,-16794749.60874103,205340.10406661034
221,0.0032244655060762496,0.0032919671957188186,0.003920918192245134,0.0006661320537971832,0.012759063056125331,0.0008410852052105653,0.001278349532554015,0.277848998838688,-16794745.21945483,206310.8928413391
222,0.003207199805606664,0.0033172189057142244,0.0038956307111836126,0.0006673397403182213,0.01277089348433591,0.0008474174674662474,0.0012727847520989182,0.2804861277713179,-16794747.691187724,207182.4310977459
223,0.0032592097413717503,0.003253658227368059,0.0039133887002302265,0.0006620837311845317,0.012754497972048591,0.0008392646155096755,0.0012846269243647593,0.2793105445015305,-16794744.424847525,208218.80570983887
224,0.0032766669927620316,0.0032393815238487,0.003886382172567593,0.0006594063900499758,0.012759853738947988,0.0008426918945834204,0.0012858247526303518,0.2827356387441926,-16794745.582123674,209170.23342323303
225,0.0032166579425891148,0.0032272364856875298,0.003936029031738654,0.0006626535894451851,0.012834719570311797,0.0008739289527766356,0.0012759990291877593,0.2674481404586253,-16794747.450291853,210107.40999484062
226,0.0032721353076498897,0.0032607647587830023,0.0038877814658032413,0.0006724069647783273,0.012750790423627017,0.0008220084647709271,0.0012868256922961233,0.27830830937884815,-16794747.85022585,210999.16281485558
227,0.0032268883056542786,0.0032920282008782583,0.003909272891152258,0.0006656831648432491,0.012829253786920564,0.000832549278340151,0.0012775637663068815,0.278056962732638,-16794746.427445203,211921.081751585
228,0.0032705455762201954,0.003262438193938352,0.003892364082853466,0.000665552427312813,0.012806036247526395,0.000855533664331952,0.0012772124738312084,0.27583690210601963,-16794745.366702713,212773.06026148796
229,0.003216135840657253,0.003270193825807051,0.0039544201705021455,0.0006573340630428479,0.012822264562944927,0.0008659476193984432,0.001273663342009899,0.2727213310796956,-16794746.997113317,213629.13206887245
230,0.0032160324425470673,0.003260418917319768,0.003951852597347653,0.0006607172081735319,0.012872527649737571,0.0008587298992353688,0.0012723526132426798,0.2761595788307426,-16794747.56186259,214491.54277086258
231,0.003227278865095178,0.0032629318127342355,0.003939680264327393,0.00066220937321182,0.0128356144328173,0.000853190042383249,0.0012755749112451733,0.275729763002602,-16794745.206212502,215361.38721132278
232,0.003263047863323979,0.0033125767623715533,0.003919899639022801,0.00066463843299669,0.012762906577108631,0.0008161866906872761,0.0012814893598219281,0.2852221595262916,-16794746.689640433,216222.42611169815
233,0.0032539165710927563,0.003315369850430303,0.0039052218890359355,0.0006585212202992,0.012791109988583387,0.0008500908527846236,0.0012684400389085346,0.28079147235060176,-16794746.343356185,217117.00663471222
234,0.0032243136393165068,0.003281325552097432,0.0038896664287921216,0.0006633096686105069,0.012804206367211537,0.0008508270141607589,0.0012788040335790954,0.2797503298687336,-16794743.234675404,217970.71722507477
235,0.003205941244946559,0.0032800055955390355,0.003859937128913072,0.000663850028884972,0.012813319406413684,0.000857423032240776,0.0012804930235278907,0.28131089297020884,-16794744.6080123,218882.9076564312
236,0.0032712806763804695,0.003297880123077201,0.00386818285141269,0.0006696984550211504,0.012763407544140508,0.0008187342214536197,0.0012818519181429996,0.2854154521520807,-16794747.818232834,219716.53016853333
237,0.0032299220495880573,0.0032771154001245886,0.003932860840729782,0.0006604251610374235,0.012807550308243822,0.0008541442699122373,0.0012757104860431742,0.27589486134779184,-16794744.535908412,220573.67347812653
238,0.0032160872002797635,0.0032466318459509584,0.0039059436833187786,0.0006613407670774918,0.012833926462760601,0.000877984544971027,0.0012725811818862826,0.2705827991608597,-16794744.574563436,221445.85663866997
239,0.003249546481605836,0.003255831318712428,0.003915738129230951,0.0006592104357894936,0.012768747421908677,0.0008729807739758712,0.0012752611292961794,0.27587945506156875,-16794743.74416924,222325.7404305935
240,0.0032214256937956286,0.0032176050362309142,0.003922418191396028,0.000666544684206116,0.012801300578577177,0.0008611616798292104,0.0012860901292914369,0.2719169411213469,-16794745.503967635,223204.21744513512
241,0.0032295484131199107,0.0032420462397807614,0.003918119115806005,0.0006645388182293869,0.01279875293107873,0.0008583939730680637,0.0012816776066957112,0.2741355739286606,-16794743.685886666,224058.31000995636
242,0.0031945473978931167,0.0032654387041834675,0.003941714755816632,0.0006592600749216466,0.012784553490522255,0.0008564339454659102,0.0012784339775848887,0.2764461793215891,-16794745.872267943,225013.38620853424
243,0.0032515460316384255,0.003263188321499631,0.0039047017510942575,0.0006639793392150214,0.01280066555827536,0.0008557587346154415,0.0012775178497696285,0.275989221409912,-16794743.68469912,225892.72767043114
244,0.0032473975994276073,0.003228714983848204,0.003909106536137245,0.0006581422697917357,0.012841927307460827,0.0008745507869385157,0.0012770889981659856,0.2739691382317267,-16794745.41207045,226726.2914454937
245,0.003230198529414089,0.003276154142751165,0.003917965278218161,0.0006641346077958213,0.012779779118959205,0.0008494516006425529,0.0012780343989570076,0.27687903368694766,-16794743.667180303,227559.3327345848
246,0.0032453141564884064,0.0032610559493370206,0.003884915717527678,0.0006625462590230993,0.012751417102304331,0.0008615113393306579,0.001280478491402786,0.2763756917388991,-16794744.670273747,228410.4455230236
247,0.0032408053336400993,0.0032615249151863243,0.0038986068542276064,0.0006624620375702795,0.012772466434932576,0.0008594310150938057,0.0012792525963633828,0.27621420955482484,-16794743.447693136,229265.8789782524
248,0.003262685354643905,0.003281079183429139,0.003916818091263499,0.0006636951827806245,0.012737740065404022,0.0008320784542735746,0.0012851400743809516,0.2829305081791328,-16794744.30061722,230121.484698534
249,0.0032570413315995738,0.0032515865750816463,0.0038858902464859258,0.0006654282942564929,0.01274666365921085,0.0008504022754226984,0.0012843681673085044,0.2793773577000358,-16794744.214573637,230994.6753396988
250,0.003227211537372836,0.003274525834766573,0.003898487773549405,0.000664605864877375,0.012797757417196645,0.000868066344803516,0.0012753870397228559,0.2759783778459235,-16794742.800488625,231914.42888188362
251,0.0032112124353733795,0.003284959638465831,0.003891037310208994,0.0006658669317237964,0.012819387139770669,0.0008824672094504362,0.0012707670974019042,0.27431229451812,-16794743.94525891,232783.31213831902
252,0.0032148674697829154,0.003245466541539852,0.0038904758030876086,0.0006632220838054698,0.012829519661789369,0.0008842494786721024,0.0012724356310421397,0.2706203815850189,-16794744.174864706,233681.31918120384
253,0.0032099680273730826,0.0032734291415018966,0.003922550037015603,0.0006609374197168458,0.012841310068627173,0.0008743874583353294,0.0012702244040479955,0.27198428803536157,-16794745.29157573,234544.08219742775
254,0.003245273005542951,0.003257047216686709,0.0038950551941183452,0.0006643055756215811,0.01277032526156493,0.0008563985711508562,0.0012808322264933772,0.27752909028386724,-16794743.09307276,235492.21329903603
255,0.0032597432731297487,0.003282444343830405,0.003919109328171604,0.0006634145031218967,0.012743655465992544,0.000833577528205614,0.0012842560891771697,0.28246844132509064,-16794744.135260522,236448.59789967537
256,0.0032485243222930404,0.0032731998932577664,0.003911950946900606,0.0006633663982927899,0.01276512151494175,0.0008462455158222361,0.0012813009746434122,0.27950642639007267,-16794743.16900705,237360.76218533516
257,0.0032248087214786295,0.0032764217102941627,0.003892900206445676,0.0006684651417636967,0.012803521229131505,0.0008381624183634365,0.0012829405522599385,0.2781161106806668,-16794744.38402201,238276.63947796822
258,0.003243362041574034,0.0032609789166078615,0.003910028648534632,0.0006615241122830443,0.012777440873714383,0.0008642761850727625,0.0012771809850371193,0.27643861896634325,-16794743.01778284,239183.28734254837
259,0.0032482601970780854,0.0032949399584326043,0.0038884966030527787,0.0006623830828372177,0.012768187705620366,0.0008542197722724188,0.0012753999194457587,0.2804357530729955,-16794744.645360596,240053.6559793949
260,0.0032342263591094546,0.003255269669443722,0.0039107134876176985,0.0006639998843813446,0.012791111624714139,0.0008573504228691525,0.0012801081848832232,0.27571061871474434,-16794742.978470117,240995.65509605408
261,0.003221932660427327,0.0032718182136997577,0.0039034169018953868,0.0006629476981431645,0.01276388659503343,0.0008572529327884686,0.0012802072601502397,0.2785124549179523,-16794742.895316634,241910.33200240135
262,0.003241213695404973,0.003257768410185372,0.0038865162806907888,0.0006624957021492,0.012780799903368143,0.0008655103997978361,0.0012802339262611684,0.2780309979486677,-16794742.62810632,242802.91157984734
263,0.003246721278400415,0.003248575543902475,0.003870791781927103,0.0006616762493258893,0.012781310295572612,0.0008735397993754775,0.0012813336899132489,0.27860698007952767,-16794743.36327557,243758.31921958923
264,0.0032307089816201806,0.003271458511499975,0.003902852061297139,0.000664176688519472,0.012790195954503664,0.0008570508315225911,0.00127926106132924,0.27915001917925125,-16794742.00910919,244568.4390501976
265,0.003225660805610221,0.0032764253096567997,0.003904974664831906,0.0006650340139940682,0.012799060714289205,0.0008558607397369839,0.0012792652938121685,0.28061792399146446,-16794741.689114522,245411.12095952034
266,0.0032475374675172025,0.0032504328139787084,0.00391561954574257,0.0006637601438251349,0.012757169608994118,0.000866913263849694,0.0012798249391717956,0.27583079739602534,-16794743.30048274,246377.01410508156
267,0.003230119596366681,0.003273602367567751,0.0038961547080297336,0.0006634222874141639,0.012792447177657183,0.0008548485765829927,0.0012790592599772705,0.2787704467505565,-16794742.62684452,247242.47624754906
268,0.0032187256030590788,0.0032586590913958697,0.003889385967916368,0.0006637173864231954,0.012803085876942764,0.0008736455273784061,0.0012767675694409437,0.2758907059648072,-16794742.454279177,248246.53724050522
269,0.0032153400691882004,0.0032752147366442177,0.003904864414148135,0.0006626311617948078,0.01280607228416404,0.0008678042111066734,0.0012762201533278704,0.2774584459912475,-16794742.56907013,249176.13830208778
270,0.0032102455400606585,0.003274841991732154,0.003888599901135224,0.0006656893875112856,0.012806114524627002,0.0008608086036932448,0.0012796311868568159,0.2788038740649976,-16794742.69083343,250144.0359532833
271,0.0032133860177630405,0.003285444319468402,0.0038823866654315387,0.0006636359911954706,0.012796194498605463,0.0008685989111028782,0.0012765847375041102,0.28030518815415983,-16794742.969422843,251073.5564248562
272,0.0032185961030996436,0.0032779006569622323,0.0038894683709780786,0.0006637269644919392,0.01279492378013263,0.0008657867890444468,0.0012774655993488884,0.279156545794306,-16794742.430998854,252066.95686626434
273,0.0032248455771132474,0.0032704163860279856,0.003886196118424523,0.0006648829940208445,0.01283117882456097,0.0008708298652475564,0.0012758002470367557,0.27766437467004035,-16794742.501634628,253068.97425413132
274,0.0032189752101028403,0.0032666814027765226,0.003888052332989285,0.0006632941095725013,0.012805663354238838,0.0008607073333435189,0.0012807237692926145,0.28061995094809844,-16794741.726572957,253973.66916918755
275,0.003238123624925563,0.003264325098572034,0.00389780331336698,0.0006616117674538946,0.012797193454211441,0.0008679397568663586,0.0012767527677676042,0.27824847394979946,-16794742.059674766,254853.481641531
276,0.0032063829519613967,0.0032830378522154813,0.0039027086919804638,0.0006645844691421537,0.012826606463181126,0.0008638453000288981,0.0012752797387398612,0.27907571906641226,-16794743.09777788,255744.8914964199
277,0.0032325060095440786,0.003264085770692899,0.0038905643835132073,0.0006630178938974384,0.012792251543321389,0.0008650941248556016,0.0012789953793808416,0.2782921782281038,-16794742.126682244,256579.9647037983
278,0.0032180736542940375,0.003264824745614389,0.003891672683512387,0.0006635567854980084,0.012814910280308137,0.0008770685103118935,0.0012764384348746514,0.27821670313391034,-16794741.571718525,257468.9575302601
279,0.0032120506832577153,0.0032604359346377083,0.003889431671253713,0.0006636240345399308,0.012826141831633615,0.0008881784771763437,0.001275128022323342,0.2779398313255872,-16794741.43488208,258337.1140754223
280,0.0032320308349898966,0.003259517676036295,0.003879104791670379,0.0006645961293036453,0.012806302560668675,0.0008692064423056302,0.0012790045087729192,0.27964905022680425,-16794741.678679466,259277.52865862846
281,0.003224321641534013,0.003261591349154604,0.0038960002557054557,0.0006622725808983086,0.012774976954298668,0.0008657749324292659,0.0012802254804980752,0.27993929043720234,-16794741.588748142,260192.5105290413
282,0.0032318406252069137,0.0032740817082264036,0.003894463978160883,0.0006630769871147362,0.012796042671255854,0.0008609916215611313,0.00128012263585817,0.28272510526053424,-16794740.98634251,261096.87866950035
283,0.0032383981362808303,0.0032817930166416705,0.0038970029832831408,0.0006627567874605065,0.012792521068412395,0.0008546646686524938,0.0012818001690667832,0.28614230490839776,-16794740.6912851,262099.08609843254
284,0.0032369206334616455,0.0032558132325799013,0.0038962652281754376,0.0006628248647881342,0.012803604090135931,0.0008660698297971024,0.0012805082483796984,0.2812057052095584,-16794740.856760927,263069.37356472015
285,0.0032241143829966016,0.0032675599843209856,0.0038965944268058673,0.000663485678105309,0.012809114463650805,0.0008670064202213228,0.0012793566855974596,0.2827984545211242,-16794740.40454857,264047.6603770256
286,0.003219918569722863,0.003269297091135029,0.0038996094484521973,0.0006637195702092445,0.012817545923815517,0.0008679625679041832,0.0012795373387057686,0.28505159266763436,-16794739.9036284,264951.04128336906
287,0.003213945503814444,0.003268563654582599,0.003889807030723399,0.0006654187552376902,0.01280926067016177,0.0008641664909700217,0.001282295439945238,0.28454293847888734,-16794740.26866985,265876.47479867935
288,0.0032318364920650676,0.003266677913329629,0.003899996685534623,0.0006642675745353807,0.012801690099115106,0.0008722637038994874,0.0012787173560833837,0.2831522083632856,-16794739.872837175,266834.83863043785
289,0.0032382671330461812,0.0032666761686061824,0.0039059688618072914,0.0006647543070168204,0.012799703471553243,0.0008780418891774716,0.001277714149478768,0.28441833707087916,-16794739.375784263,267756.41040301323
290,0.0032283024784166767,0.003254496721186697,0.0038833229029358483,0.000662457743369502,0.012808453428380745,0.0008826555848661442,0.0012797880454804796,0.28410433858977324,-16794739.907447007,268738.2691063881
291,0.003221000359893695,0.0032701491160948017,0.003910247303913742,0.000662361031576389,0.012801749298929294,0.0008726721679376264,0.0012802447146966188,0.28618703444517574,-16794739.388648402,269618.7799780369
292,0.0032278792329394996,0.003270214884711544,0.003896913601930736,0.000664706692651246,0.01283976799145696,0.0008778279866910809,0.0012790285515210985,0.28745873023677093,-16794739.75256748,270591.2621834278
293,0.0032441073286362436,0.0032738150367468983,0.003905352669051734,0.0006636259035374523,0.012792009654077851,0.0008528368193226874,0.0012851011419952709,0.291837914076182,-16794739.05001188,271625.6935799122
294,0.0032601356513255082,0.0032805045878014933,0.003913313167950745,0.000663626838036213,0.01277494356529997,0.0008351659903958592,0.0012900877018312351,0.2987869554514794,-16794739.586948343,272595.1953127384
295,0.003221034052225964,0.0032829381898464537,0.003900790972349085,0.0006646253329765783,0.012811648786561011,0.0008716372140833249,0.0012808691393428077,0.2912300924088667,-16794739.091570217,273635.93678450584
296,0.0032152155283930606,0.0032572446990858806,0.003901000214507867,0.000665160546683224,0.012827513737821705,0.0008872855115856415,0.001279344461224729,0.2875654395851446,-16794738.583203465,274543.2905933857
297,0.0032036242244491767,0.0032449705403079857,0.0039029988301202308,0.0006663624262945827,0.012845010072526364,0.0009035959330522154,0.0012781166073037018,0.288277006923518,-16794738.76395475,275505.0546758175
298,0.0032399856670041025,0.0032676443222707722,0.003910994463013726,0.0006624340267674239,0.012815337402987313,0.0008835634444220186,0.0012781114456661474,0.28992043129121925,-16794738.81146431,276476.6256773472
299,0.003228549489548727,0.0032849981559376932,0.003924396480820747,0.0006653891094850928,0.012817865638419981,0.0008653013154148641,0.001280199690177323,0.29181305435569493,-16794739.51824425,277483.8342244625
300,0.0032390911281990056,0.003274123052190027,0.003914306693396536,0.0006645446674643121,0.012808853071636324,0.0008793290192544954,0.001280615984819922,0.292556165699849,-16794738.446602277,278529.40088272095
301,0.0032486774074370773,0.0032765360327175266,0.003921655315868706,0.0006649572160918457,0.012804506645546727,0.0008850122449296513,0.0012811553078769986,0.29630845221595625,-16794738.78229347,279457.2097055912
302,0.0032339334387972455,0.0032741823004831328,0.003921350812784446,0.0006635170387255774,0.01277890227403972,0.0008698388586084514,0.0012815216303292982,0.29142338699648185,-16794738.45560041,280485.136456728
303,0.0032346091695001477,0.003256695065393345,0.0038931065168853604,0.0006623666042018517,0.012791063785981632,0.000883499915683065,0.0012806809767110677,0.2869716460377546,-16794739.048311107,281458.2379796505
304,0.003245560501556793,0.0032681805925608713,0.003902970497035271,0.000665396075266921,0.012804508747235403,0.0008788360000966625,0.0012807450176953838,0.2927938188464186,-16794738.216813356,282418.5017030239
305,0.003257840572388342,0.003267196330793907,0.0038993320935960356,0.000666913597112187,0.012805888471388454,0.0008819179161761808,0.0012809951691947663,0.29609721104704,-16794738.60372843,283345.21481609344
306,0.003230117070531959,0.0032720296460381623,0.003906499347948715,0.0006631632418890147,0.012807755893531995,0.0008736648065866151,0.001284033299967389,0.29665638666460004,-16794737.928279802,284247.67193865776
307,0.0032260420392748474,0.0032747063847541526,0.003906764591019426,0.0006623677093251117,0.012811782104521371,0.000871476265291187,0.0012871928752116995,0.3027754114614605,-16794738.142749496,285108.3685386181
308,0.0032496209059286753,0.0032530404888458184,0.00391310433130683,0.0006629266931573659,0.012794837355266977,0.0008805763798065844,0.0012816693502594942,0.29120120489054574,-16794738.557620566,286064.5877020359
309,0.0032279260238415033,0.003256970004970103,0.003910480550167953,0.0006637513200014706,0.012815183413047413,0.0009063116646881963,0.0012765793996730866,0.29043420592682145,-16794738.377562437,286970.97727108
310,0.003235753396562939,0.003274158711217847,0.0039270702106549765,0.0006653567982869758,0.012822159187910083,0.0008813515055791014,0.0012799741706977946,0.29616611393751546,-16794738.582307458,287901.57188510895
311,0.0032293188314486926,0.003264838051577188,0.003913201201436922,0.0006660200686012918,0.012799591017135091,0.0008807349921294184,0.0012830093830006268,0.294778749345625,-16794737.324447524,288851.1377353668
312,0.0032239854136709876,0.003263434916230397,0.00391430457064852,0.0006678130895182255,0.01279171782420898,0.0008793207659831186,0.0012854583516678664,0.29720790837282784,-16794736.813548896,289823.69166874886
313,0.003256281441379217,0.0032767852290482083,0.003926521538977945,0.0006639566843942416,0.01277846570389752,0.0008750217385651651,0.0012833048400528297,0.29954435824862047,-16794738.704174206,290750.8168027401
314,0.0032254820066395995,0.0032621298315764625,0.003907380545625387,0.0006648595811109784,0.012815251729340659,0.0008842195683305224,0.0012803345559317541,0.2905601692510136,-16794737.998914167,291705.11124801636
315,0.003233175725728503,0.003256863997005896,0.0038955291265734384,0.0006636361284964908,0.01278209338916678,0.0008816727602595602,0.0012827652268882542,0.2895421977246241,-16794738.325081717,292655.44483709335
316,0.0032151969213127236,0.0032789380964179443,0.003905101204738238,0.0006662435924608816,0.012806229230284837,0.0008827219811453211,0.0012813440164837443,0.2940923549801134,-16794738.186430465,293608.9140956402
317,0.0032262002590730237,0.0032589852337643332,0.003892792321249068,0.0006663348853264961,0.012828996050573378,0.0008966802829776714,0.001281447332952552,0.2945374148700851,-16794738.09477886,294569.61784410477
318,0.0032178198523897675,0.0032552600274510157,0.0038944578476001112,0.0006657548110533076,0.012804080997711034,0.0008915279382624213,0.0012825608154950858,0.293899948459277,-16794737.394997247,295459.7596721649
319,0.0032264584138843363,0.0032719855802911682,0.0038942783151867336,0.0006670490312791083,0.012794975052465851,0.0008608493612222766,0.0012880927545974208,0.2968883438654185,-16794737.69460439,296443.53842663765
320,0.0032195293840362954,0.003275871984076693,0.0039089170359345735,0.0006680174484797424,0.012831285492171253,0.000880282415891592,0.0012832388093095442,0.29961688860281444,-16794738.30926141,297444.6797206402
321,0.0032229409694593475,0.003271119987308994,0.0039055700585942893,0.0006669221184839296,0.012818987466420134,0.0008806300019835842,0.0012831204137042217,0.29709821588326685,-16794737.708213676,298446.49987769127
322,0.0032014897251836437,0.0032652902372087484,0.003902125555862495,0.0006666390125135644,0.012812489813898811,0.0008835676765262201,0.0012858528675046244,0.29744136674023197,-16794737.876441054,299398.5695462227
323,0.003228426506395443,0.0032511207685493766,0.0038992509359405923,0.0006658903503327745,0.012812334476752873,0.0008798931193227864,0.0012863810814714846,0.29698008354656674,-16794737.313548494,300385.474200964
324,0.003217979730465748,0.0032691075148992485,0.003913174473102642,0.0006656879237187294,0.012785402263009206,0.0008617380265767147,0.0012875112021324096,0.2971456908257156,-16794737.420020703,301433.3223235607
325,0.0032168224138557086,0.0032677073379178156,0.003900034730595638,0.000667370313586185,0.01279168421765906,0.0008685783557854119,0.0012904181407033713,0.30276931683846253,-16794736.998562936,302444.77515792847
326,0.003208863685794286,0.0032567269464260293,0.0038992997739340403,0.0006701184207324412,0.01279516213449949,0.0008778615048290184,0.0012883156068517324,0.29820133196834175,-16794736.57883383,303444.14356827736
327,0.0031982369934254497,0.0032490755966199623,0.0038956999869267026,0.0006735960101541543,0.01278886525498324,0.00087995985395022,0.001290456760293904,0.2989738046202126,-16794736.325691707,304415.75400805473
328,0.0032366778482030537,0.0032594126951082463,0.003902067173786312,0.0006683818995180392,0.012784522074403783,0.0008670566792454136,0.0012876470125118167,0.2977994613627049,-16794736.809839584,305436.238496542
329,0.0032186608236132756,0.0032506561219578134,0.003897746949852524,0.0006684637388062015,0.012769408073878373,0.0008666010231035066,0.0012915111160141178,0.2983179235895295,-16794736.561607588,306389.4359560013
330,0.0032131939816205223,0.0032444581643923014,0.0039099058519265276,0.0006686905028927962,0.012787028743185783,0.0008878195793351215,0.0012873933654750933,0.2988851905384058,-16794736.366618752,307299.17344737053
331,0.0032204762278278034,0.003241173892157484,0.00389019253871659,0.0006708022552466917,0.012797008152686574,0.0008934513021702853,0.0012879454587757756,0.2990627185062811,-16794736.532756414,308318.3422150612
332,0.0032213001997632934,0.0032514998457823336,0.00390784283699824,0.0006719972289604594,0.012776561206728626,0.0008641422314615446,0.0012942420062332718,0.30359915338447063,-16794736.104324635,309259.7630786896
333,0.0032230403734500573,0.0032496197549479935,0.0039145353316973035,0.0006751184379140355,0.012762801311237422,0.0008504493780611064,0.0013000826016023649,0.30844875584706744,-16794736.5125935,310241.67307806015
334,0.0032089119690995806,0.0032557338739922113,0.0039051977239221713,0.0006733884093379135,0.012759364410180727,0.000871839328435869,0.0012923869714473197,0.30217378575665693,-16794735.93736759,311239.2298338413
335,0.00319915470045165,0.003258040426713628,0.003908171117912961,0.0006771374388404828,0.012732879376894653,0.0008678124329924103,0.0012953899164352372,0.304770636861702,-16794736.366010983,312219.0400736332
336,0.003218538450450283,0.003236153938642371,0.0039057046775987595,0.0006734129700224354,0.012771934717404962,0.000883969335135858,0.0012888421199014203,0.2962356696943098,-16794735.882471077,313267.0066487789
337,0.0032193964687475696,0.0032203772390046485,0.00390853965110032,0.0006764342982405603,0.012762059967277913,0.0008916648248110811,0.001288054109500445,0.2929688461222335,-16794736.303148206,314260.8143260479
338,0.003210013709829829,0.0032336061159327833,0.0038892848642834363,0.0006743701642164472,0.012766955334154034,0.000874389067226336,0.0012946478509953136,0.30155401849031493,-16794736.050615534,315264.89066004753
339,0.0031906552407044556,0.003231176692261069,0.003898326683769926,0.0006752984203912356,0.012769759398896794,0.0008884862509592718,0.001294209399772237,0.3019011047823404,-16794736.314257916,316209.85537195206
340,0.003201670869567029,0.003235063407987316,0.003902791841183064,0.0006769252514993319,0.01278496123067681,0.00089441321406512,0.001291019867209466,0.3022784378537186,-16794735.62718191,317237.2168445587
341,0.0031931758925439046,0.003227267051002067,0.003905314286848334,0.0006811560078458971,0.01279273780907603,0.0009083193095459265,0.00129077424280714,0.30425869498581315,-16794735.84079606,318198.03005075455
342,0.003195154125787308,0.003243018016745103,0.003913496077935617,0.0006761174841220016,0.01275434942136617,0.0008678034129720497,0.001295354126556231,0.30233757277382634,-16794736.17095699,319074.77285933495
343,0.0031979264080362847,0.003239373707598486,0.0038946803212279524,0.0006800859817831983,0.012756159000412055,0.0008684310942164456,0.0012978964101271976,0.30337819630055685,-16794735.760911718,319961.6082203388
344,0.0032128057498840654,0.0032323308031154564,0.00390863126980309,0.0006768029674291015,0.012746145924971801,0.0008734086296679033,0.0012966929277667101,0.3043906801388361,-16794735.65653646,320904.9602673054
345,0.003225925129899963,0.003250518235187947,0.003908580719468156,0.0006754766939514866,0.012759348412576999,0.0008611128273360096,0.0012935611702869956,0.3020857738158322,-16794735.739246633,321904.2782034874
346,0.003229118995845273,0.0032405519653146237,0.0038921824856855995,0.0006744974326780922,0.012776008137910334,0.000880123018914222,0.0012919682044356924,0.30158635608484763,-16794735.971612412,322816.06278562546
347,0.003204927620889783,0.0032293331661604656,0.003893920638794817,0.0006792427387690425,0.012753658085343303,0.0008877793972878964,0.001292511874309257,0.2998215761492976,-16794735.562301032,323758.84104156494
348,0.0031967413314530277,0.0032182498263495316,0.003886959539693105,0.0006828654936733339,0.012742206524650641,0.000899597980201072,0.0012916468083472498,0.29793278753171104,-16794736.25459308,324722.3696706295
349,0.0032149425885882373,0.003246158658566936,0.003913637555137466,0.0006780879471512036,0.012759939645715215,0.000880880144038495,0.001291572035375701,0.301433600458199,-16794735.180792373,325698.34224176407
350,0.003217407027967441,0.003252434929884012,0.003925813900564481,0.000679946838618582,0.012756431801495806,0.0008841256824445747,0.0012900341275658947,0.30137339144214104,-16794735.287854977,326534.21779346466
351,0.0031922932007585328,0.0032406144824981744,0.0039161037010982695,0.0006788583073078364,0.012746869718910134,0.0008753354736316774,0.0012941526396703243,0.3013630739570041,-16794735.93202361,327402.4630663395
352,0.0032083455354189635,0.003221652725947078,0.0039058149571557224,0.0006813348051404956,0.012760389773822092,0.0008844932004089824,0.0012941752897144485,0.3005729663352816,-16794735.23195879,328349.0567703247
353,0.00322897738742512,0.0032320316783033395,0.0038923367939939875,0.0006764840316287376,0.012776264478820677,0.0008832864869075003,0.001292415284002475,0.30118615122950376,-16794735.94055773,329280.9169704914
354,0.0032014642474251795,0.0032384687814494655,0.003910161974322199,0.0006782647383880617,0.012754218408887769,0.0008773232269506331,0.001293718300753362,0.30131884327512903,-16794735.455455698,330176.12844467163
355,0.003198463586977095,0.0032370709328609173,0.0039038501416743566,0.0006831423110055452,0.012746770403196548,0.0008729910983570132,0.0012989448489843642,0.3075843488874028,-16794735.372846723,331064.6096639633
356,0.0032192099241262944,0.0032332754702204093,0.003917166953156765,0.0006772333815503687,0.01276019897088558,0.0008896693403115676,0.0012901526684728783,0.30149336042786745,-16794735.4288413,331930.0156195164
357,0.0031895324008191996,0.003217820251389065,0.0039054131133387142,0.0006822818412818009,0.012757222198297785,0.0009041267354358928,0.0012936357828595513,0.3026376795656009,-16794735.81324123,332836.16071009636
358,0.0032168269476297723,0.003242343739238226,0.003907788817935796,0.0006771779807840652,0.012758816859007194,0.0008718663043609804,0.0012935798234301344,0.30222375025327436,-16794735.327110723,333846.64881563187
359,0.0032036570802715233,0.003238510917492247,0.003905151950036957,0.0006810493211429273,0.012773592419411828,0.0008914453517772686,0.001289725749295693,0.29979104077120655,-16794734.85598785,334917.23010087013
360,0.0031990827454652527,0.0032416009746806425,0.0039034122901538907,0.0006831724979998403,0.01278731566663184,0.0009004637128319512,0.0012862421600601847,0.2974912210873918,-16794734.746970423,335958.35164928436
361,0.0032141449295631152,0.0032374127042937187,0.00391114649089969,0.000682488848697824,0.012735365722695577,0.0008719533920717598,0.0012942043830656165,0.3007064788647423,-16794735.202290095,336984.7241678238
362,0.003213192505408694,0.0032451628306538836,0.003924324156314155,0.0006809828889103088,0.012762095777367151,0.0008746307075449494,0.0012931355031549157,0.30338456624802446,-16794735.18388963,337991.83104896545
363,0.0032195879433691765,0.003237700727665988,0.0039116233662847616,0.0006826404269218512,0.012763504795942529,0.0008844137480307917,0.0012917833773111987,0.30240372986541686,-16794734.724615738,338952.15645456314
364,0.003228649791341175,0.003237316700774248,0.003912354062266043,0.0006848282711887461,0.01276814798946991,0.0008879590085708708,0.001290815915590117,0.3029461731605607,-16794734.799999185,339965.68646264076
365,0.0032019367714787826,0.0032440003532564383,0.003903232490732194,0.0006850235451024149,0.012758350690208954,0.0008707537365996631,0.0012957566868012625,0.30245680507206585,-16794734.99413851,340850.94379234314
366,0.0032235514047534043,0.003241937245714811,0.003916394889479062,0.0006795849241714557,0.01277467432965109,0.00088687263811488,0.0012861674657440017,0.2950839306586962,-16794735.1718835,341778.83817362785
367,0.0032068691583816344,0.0032365628159566487,0.003914607731103439,0.0006861509902397831,0.01276659224150142,0.0008917490155493876,0.0012896794018766979,0.29865957439418017,-16794734.26154023,342723.6415607929
368,0.003201890263757565,0.0032336723543158596,0.003918017187687261,0.000690637494967642,0.012770479932748532,0.0009016903711435913,0.0012877291910999796,0.2968774864646331,-16794733.79062202,343669.74451446533
369,0.003213736752677094,0.003260258736339991,0.003919632149516398,0.0006843198383401395,0.01276754186641813,0.0008834214121850381,0.0012874724109387665,0.2993864883445108,-16794734.92188415,344566.44839930534
370,0.003207835314311437,0.003250210266004918,0.003916422030426607,0.00068362354219339,0.01280060995347528,0.0008988282255505801,0.0012857603245558858,0.2989229781849922,-16794735.01480182,345413.1599199772
371,0.003207448440691544,0.0032437219984825126,0.003901268833540256,0.0006857896653016755,0.01278350844283074,0.0009022002895787981,0.0012849854098168291,0.295129493785952,-16794734.43815876,346302.982963562
372,0.003203824820537826,0.0032421170055483544,0.003908863254317643,0.0006906100365983987,0.012791556773761557,0.0009012808894703285,0.0012849022212063264,0.29550443290771566,-16794733.871431176,347235.7000236511
373,0.003190284358318765,0.003246383358358866,0.0039042230111856913,0.0006918693376848823,0.012781042700853297,0.0008988904582328056,0.0012899904797036065,0.3019592282694733,-16794734.377940886,348196.35363817215
374,0.003201612709762564,0.0032371536111572455,0.0039011461154279167,0.0006898921685358213,0.012750215263873614,0.000886950428967662,0.0012914551596786524,0.29887924326429766,-16794734.247795124,349136.814296484
375,0.0032074302371661633,0.0032416518383809262,0.003913814061296261,0.0006897093214851479,0.012790440670556104,0.0009190740910105784,0.0012803834156526234,0.29445102592528194,-16794734.033366438,349993.2868242264
376,0.0031940536270901204,0.003220741730807607,0.0038959598804570216,0.0006917603990336754,0.012786974195381424,0.0009153195851315884,0.0012868954426935833,0.29628747704802977,-16794734.054298393,350879.45273542404
377,0.003207450354708179,0.003234184681498697,0.003910316637395312,0.0006950547146324334,0.01276711502735511,0.0009019912525595846,0.0012882890142305154,0.2978818082953083,-16794733.33159548,351760.19976091385
378,0.003211634159329643,0.0032304765349077252,0.003913768811016023,0.0007009958229487298,0.012757014707716743,0.0009027550224234011,0.001289312441315681,0.2980771018992665,-16794732.984774288,352633.7904560566
379,0.0031849567107943713,0.0032362788803237865,0.0039026419224472567,0.0007001756347171423,0.012789303375987975,0.0009226265359588966,0.0012821300629806214,0.2918876425257456,-16794733.213032387,353540.17879629135
380,0.0031914732809977106,0.0032283968299675805,0.003913339727418512,0.0007006228886911846,0.012770748462389073,0.0009099465560059147,0.0012882141937659393,0.2983514157901589,-16794732.873003077,354465.06453180313
381,0.0031834857011507935,0.003220734245710115,0.00391937517435764,0.000708039500385939,0.01276436847216824,0.0009138196892194729,0.0012898285857404941,0.29996237679226234,-16794732.524700753,355355.3276839256
382,0.0032069376990784973,0.0032193231919290387,0.003914173590566065,0.0006985857569832418,0.01276904564719525,0.0009169886950985742,0.0012831686503883839,0.2910224684373348,-16794733.133588087,356235.890414238
383,0.0031969405949636813,0.003224095334323607,0.003920507355108377,0.000702736323244158,0.012804580680005341,0.0009364382908964455,0.0012796323430907706,0.29213825973576985,-16794732.72902123,357143.9779446125
384,0.003205221419604514,0.003241345615552247,0.00393183045874211,0.0007036120737989247,0.01277222336965351,0.0009133488111737338,0.0012823762851751365,0.2936927216239726,-16794732.829794258,358079.35299634933
385,0.0031912926051380587,0.0032203589522717584,0.003918480377264333,0.0007091388394258964,0.012764202569253182,0.0009081629853355323,0.001289386529596725,0.2953395966713931,-16794732.23537174,358974.3447127342
386,0.0031832237891240064,0.0032097125092171736,0.003920813535248369,0.0007188535983962707,0.01275108351860172,0.0009027074324980092,0.0012938880865687756,0.2957838820444487,-16794732.345607694,359824.10739398
387,0.003191764967916455,0.0032144542717851797,0.003925835464979622,0.00071287032501952,0.012756247914920638,0.0009276767108420832,0.0012859888011406214,0.2942449806298788,-16794731.805232134,360701.51183748245
388,0.0031857350416057695,0.0032006229049035932,0.003934321570310612,0.0007240004692300808,0.012738593485500174,0.0009408746215279606,0.0012865320911077689,0.2936152544909604,-16794731.532073967,361540.4849374294
389,0.0031896607191587677,0.0032146365606646084,0.003920757627265844,0.0007211836102158863,0.012769353144121573,0.0009370632917649129,0.0012828625562489155,0.29205636907954324,-16794730.80383518,362390.87128663063
390,0.003183545946859368,0.0032051186638389836,0.003922127847055135,0.0007364566678400085,0.012768789749808093,0.0009547497520755737,0.0012804292388233834,0.2896458103869983,-16794729.596570488,363297.9312674999
391,0.00320624158113821,0.0032042399805354803,0.003941004373657817,0.0007207157287471022,0.012745401294337159,0.0009241579309787768,0.0012880364783289643,0.29648575498374397,-16794732.363471918,364136.22073864937
392,0.003184086563369013,0.0032174248660818386,0.003936180401311948,0.000727838099421968,0.01275974793491536,0.00093158808080915,0.0012882148479063471,0.2987167507087569,-16794731.420228794,365005.7534663677
393,0.0031725032041277097,0.0032030086058966803,0.0039421880784359705,0.0007321386025747896,0.01277246218119352,0.0009530300180807601,0.0012817966586267165,0.2918220294491979,-16794730.453692146,365886.830524683
394,0.0031707363899836365,0.003182555272838267,0.003926715835633349,0.0007366539839185608,0.012757313222141754,0.0009523565310571841,0.0012885879081301556,0.29573873668079814,-16794730.857554976,366822.9813168049
395,0.003172466163379458,0.0031894205386955713,0.003939591059398324,0.0007460091496419284,0.01271313904732403,0.000933246611374657,0.0012935707414743682,0.298193317805258,-16794731.8184651,367692.55274391174
396,0.003183166172749512,0.003184953200555428,0.003945777211409231,0.0007501983848141448,0.012740543898950081,0.0009607219435904257,0.0012843100377581134,0.28992693600201436,-16794730.092230342,368581.2368273735
397,0.0031546414406649218,0.0031966257707350494,0.003925341221546909,0.0007448928204697423,0.012758296727934392,0.000959524704984034,0.0012851705350269303,0.29176385306510033,-16794729.75714955,369470.0287325382
398,0.0031604276255467892,0.0031745735036145944,0.003949580429011036,0.0007654082050519092,0.012738018992688668,0.0009883600805394041,0.001282766485116721,0.29201607547587805,-16794729.631275218,370367.0672366619
399,0.0031762444328472215,0.003201800158420537,0.003930967089280224,0.0007333876586883726,0.012795302500958979,0.0009770548217914658,0.0012758812091496657,0.2876180437596682,-16794729.905899644,371283.7991158962
400,0.003160602902431274,0.0031908921055917513,0.003935397958110338,0.000757743136464793,0.012784025316647536,0.0009784718617040387,0.0012802571390267393,0.29069680439114276,-16794728.735457204,372129.0230846405
401,0.0031480368328440263,0.0031860267059358304,0.0039359361520102006,0.0007746144700821493,0.012806741232221218,0.0009972704817920778,0.0012771196629862243,0.28923757934123395,-16794728.41144608,373046.40482378006
402,0.003153238948036783,0.0031662406043770036,0.003933478064783566,0.0007655995989379512,0.012774619191558817,0.0010041790026685815,0.0012758005859981306,0.28322551533146545,-16794727.72469392,373959.53582024574
403,0.003137815140370667,0.003140648473524586,0.003932126896519375,0.0007844803486959429,0.012782054819880543,0.0010404744635982971,0.0012695934550440223,0.27547989764281966,-16794726.790880587,374892.65007543564
404,0.0031583588090189174,0.0031906334977921556,0.003944295395683671,0.0007687403056357039,0.01278323930376712,0.0010054400355558255,0.001270678912502789,0.28113881959992953,-16794727.245194495,375779.19453692436
405,0.003153055896097646,0.003167086387707611,0.003929349982192977,0.0007824061127447036,0.012770784625358755,0.0010178690529010158,0.0012746907254752456,0.2823847243692128,-16794726.791151803,376655.5582551956
406,0.0031348653583128773,0.0031806750898369096,0.00392165404191565,0.000772398262487988,0.012810263089204361,0.0010244639047189978,0.001269772518273132,0.28239426490819586,-16794727.276570622,377734.2884323597
407,0.0031314423295815816,0.0031585468648258935,0.003934135902203515,0.0007989616395636643,0.012759244634256808,0.0010199832972498405,0.0012766741741624462,0.28339721243767396,-16794726.716996413,378728.65995287895
408,0.003109041277948761,0.0031369202180285714,0.00393572030866516,0.0008317486300013104,0.012741215700905719,0.0010414475349790281,0.0012770706566688364,0.2812867967766769,-16794727.288612656,379838.1524865627
409,0.003147245543993046,0.0031542015260340927,0.00394196044010098,0.0008009736825557749,0.012796487383862,0.001052628062123724,0.0012652607580690605,0.27715974297538526,-16794725.560169093,380856.8332066536
410,0.0031435475956571087,0.0031329894036836153,0.003950270049378016,0.0008290141135987913,0.012815582711825806,0.001099179740693569,0.0012553058695901256,0.26985768793052767,-16794724.89934697,381986.12171554565
411,0.003137239351638759,0.0031658577681718016,0.0039178936377285995,0.0007963597751103285,0.01283615604889201,0.001051497601606895,0.001260799654097621,0.27136792367827,-16794725.391820006,383015.2548108101
412,0.003102544381521028,0.0031254973840306177,0.003944287667352865,0.0008402870891398094,0.012822226866543565,0.0011092948924535562,0.0012582295042095184,0.2691687170899676,-16794723.53884773,384023.03884768486
413,0.0030620435988518574,0.0030856867441264348,0.00395536757750173,0.0008922022997897099,0.012848945424911301,0.0011865674626425475,0.0012471296369025858,0.25893017044145217,-16794722.320142247,385168.81403565407
414,0.0031165551870383276,0.0031195043514814216,0.003935337218770683,0.0008315262443245588,0.01279482643230296,0.0011140984079496693,0.0012540415735257677,0.26200009591078655,-16794723.991225466,386311.4509010315
415,0.003125149118750839,0.0031095632829914706,0.003953040123078993,0.0008485244473778626,0.012787445411094465,0.0011093136108304173,0.001257455982052019,0.2637448680944723,-16794724.22148175,387366.2816083431
416,0.0030933532454777784,0.003079337321336054,0.003932584951159802,0.0008721284396656864,0.012815520723363541,0.0011543058738122374,0.0012532438552096694,0.2606518255263743,-16794723.58109811,388348.2012465
417,0.0030837304957440845,0.0030809471648277085,0.003948339106892202,0.0008808932142869326,0.012839159426273103,0.0011759860616948523,0.001243870324670819,0.2539726960463813,-16794721.94977599,389237.6380095482
418,0.003049067795567304,0.003037877553387757,0.003957833669241816,0.0009301367650580471,0.012873346826730275,0.0012550445660917705,0.0012284601242686056,0.23976668188496553,-16794721.61065654,390270.8074989319
419,0.003076784415270222,0.003081692348976526,0.003951988885746412,0.0009152330824262192,0.012850712233463749,0.0012070231766209392,0.001238684262408188,0.251949218833311,-16794722.07298531,391283.4022872448
420,0.0030694927474814683,0.0030445803287128767,0.003954443125947997,0.0009298196522741367,0.012896389318889223,0.0012742743128121709,0.0012221060653511992,0.2361699056373659,-16794722.654742002,392316.1058998108
421,0.0030467590743849674,0.003006950065502237,0.003979822762477762,0.0009657864860184245,0.012834536221753325,0.001298454186256436,0.0012283071882294191,0.2393996898865438,-16794723.94922818,393348.83006596565
422,0.0030162537000485825,0.003008308595445079,0.003954834529103283,0.0009673252406348699,0.012859847936301405,0.0013005906585604782,0.0012270513023967381,0.23329542612329024,-16794722.32235777,394299.55996990204
423,0.003007428322279287,0.003006421044250626,0.0039525130569083786,0.0009775151051700506,0.012906085868334478,0.0013382760503561453,0.0012173000200210245,0.23179588546655006,-16794721.930732403,395384.2057802677
424,0.0029887405378020383,0.002968209148952976,0.003974509920751112,0.0010310105234347272,0.012926519706133871,0.0013895356638385118,0.0012115290401710898,0.2259896050391767,-16794724.896667484,396309.49482369423
425,0.003084601524729255,0.0030816805508493104,0.00394513039426579,0.0008813973141021009,0.012827749750760687,0.00118295772192188,0.0012434134401870982,0.25299747319288407,-16794722.031294927,397273.9784140587
426,0.003067997263041471,0.0030994460562689292,0.0039213512849910395,0.0008756529887617806,0.012885113298935342,0.001176305769448106,0.0012410399884568582,0.2519894568900045,-16794722.781229656,398261.1304869652
427,0.003015064096339583,0.0030320859841683314,0.003965780679766808,0.0009701921723885423,0.012921526941218073,0.0013259540558012719,0.0012130523547884049,0.2285717290910816,-16794721.515229847,399212.7388136387
428,0.002975919521770486,0.003008460315584471,0.003982378544070311,0.0010192240387499705,0.01297453005014534,0.0014117781467957889,0.0011929566045777726,0.2125316808734352,-16794725.155721013,400199.0214164257
429,0.00302718678710042,0.0029951372312103063,0.003988121694629513,0.0009903024191991385,0.012861037776216958,0.0013413662317536947,0.0012182593131241028,0.23137966577772062,-16794723.37306159,401293.71974539757
430,0.003057794644056208,0.0030733688500042735,0.003938043887400658,0.0009043153463711201,0.012879094418255747,0.0012175708850245032,0.0012353448196236695,0.24683700911193354,-16794721.468624584,402334.83853650093
431,0.003022766776804107,0.003057200089089208,0.003950930044035721,0.0009297596792110282,0.012845438031104705,0.0012292218314427128,0.0012405029247978792,0.24986599289900113,-16794721.916927196,403345.36490035057
432,0.003077634093425873,0.003105694695768038,0.003949562519613545,0.0008828627004943347,0.012878376937393347,0.0011850632789149646,0.0012389205933526258,0.25688311410700454,-16794722.10537876,404424.17817234993
433,0.0030357418182661022,0.0030333185349970832,0.003947578206743052,0.0009556507415156511,0.012896637326903965,0.0012987104289009996,0.0012167899979592884,0.2307366057052307,-16794721.97693389,405658.964202404
434,0.0030096782549021437,0.0029952165431627415,0.003952887186413614,0.0009831873510663554,0.012871770911799571,0.0013286264001250913,0.0012194663926609135,0.22624703493923487,-16794723.38049375,406729.61443543434
435,0.0030606451337949407,0.0030780751576167135,0.003950393686313562,0.0009079438631373398,0.012876725430994903,0.0012209540592174961,0.0012340570431796979,0.24922409431506212,-16794721.154449917,407753.3133113384
436,0.003006493112688975,0.0030183145921142997,0.003950062020422534,0.0009489946643122509,0.01290593891511196,0.0013101492230682555,0.0012185459187982286,0.23049964908336623,-16794722.416064877,408860.24708771706
437,0.00305921158962491,0.0030658479097609697,0.0039515071694154425,0.0009236734778977271,0.012864518903875802,0.0012328046882327682,0.001233649676505698,0.2465868263958248,-16794721.22040649,410024.212931633
438,0.0029923285194538548,0.0030143682299694306,0.00395851470569057,0.0009933994735852754,0.0129380936860938,0.0013466764193450368,0.0012113758000989686,0.22784873302452824,-16794722.564547487,411115.7747440338
439,0.003061533273410405,0.0030648524706293405,0.003948476472121985,0.0009093978539728945,0.012855335734593965,0.0012238873962776692,0.0012354040301650658,0.2467102881507951,-16794721.193358306,412160.2702372074
440,0.0030476360897030838,0.0030706137297297218,0.003956291459558042,0.0009075828242860364,0.012858880711873022,0.0012122179542100849,0.0012426527503782226,0.2541030211235728,-16794721.88211615,413107.75051259995
441,0.0030860015275458487,0.0031135593918459525,0.003952301210055131,0.0008682353904106335,0.012837630881327146,0.0011411378087184238,0.0012484809109057863,0.25862052527650914,-16794722.027117506,414157.1930401325
442,0.0030270716235959276,0.003033205631149458,0.003952460095195067,0.0009501951764801964,0.012888972121582645,0.0012889914899467149,0.001225095242742215,0.23850204541903983,-16794721.18640041,415227.27563643456
443,0.003071739284718985,0.0030567817325224326,0.003954266735717624,0.000921099690686948,0.012909162241176405,0.0012651344422578569,0.0012214260856150151,0.23770943097406771,-16794722.412139114,416317.4719491005
444,0.0030350099037828263,0.003057095499947514,0.003951764216956197,0.0009275946820800082,0.01286136908362263,0.0012381999841464988,0.001235733715002163,0.24682685241776778,-16794721.151866738,417276.97366666794
445,0.003043713425339943,0.003039988534436368,0.003947773509544842,0.0009482795100604327,0.012896341653345487,0.0012886338269745886,0.0012175465011906575,0.2316533605730448,-16794721.972796682,418304.66410446167
446,0.0030466554236122986,0.0030629574309063833,0.003954161972054742,0.0009177569957296355,0.012868245947241138,0.0012313219224012108,0.0012363761880813313,0.2484906059859408,-16794721.193207853,419453.4625813961
447,0.0030416786264869707,0.0030789946801579897,0.003945313375564301,0.0009226306269563191,0.012880600318615949,0.001239876554170263,0.0012337181432534555,0.24817068083689592,-16794721.515849434,420559.4698462486
448,0.003043525918757054,0.0030687153984654313,0.0039484434489836795,0.0009245071614817511,0.012878786945644531,0.00124366855715064,0.0012324036385072431,0.2460696810989133,-16794721.080288433,422015.0208501816
449,0.0030827977813190593,0.0030939436029516895,0.003933032057343524,0.0008711539668991259,0.012821735205234766,0.0011483956897981036,0.001253963733663366,0.26374012163273775,-16794723.013491753,423406.13698649406
450,0.003031997517584452,0.003047550388864171,0.003957593524160988,0.0009454326210161882,0.012896579007222245,0.0012815644643004798,0.0012232801995071452,0.23736382722649563,-16794720.9135798,424623.14925050735
451,0.0030336179519844957,0.003046206121830722,0.003965656258899756,0.0009473101115778152,0.012868538875438717,0.0012727772553938663,0.0012286551137989706,0.24310654614052626,-16794720.91054253,425772.4058666229
452,0.0030215296059486396,0.003032624757743945,0.003979462444649305,0.0009688074941811629,0.012863261104030202,0.0013003804405785479,0.0012253102608866212,0.24124131465482263,-16794721.337763004,426811.82467389107
453,0.0030258025970056894,0.003048816615091465,0.003955730249256052,0.0009338611384712302,0.012884119382709388,0.0012675365939758755,0.00122910161624026,0.24248665879281045,-16794720.97524531,428040.7782495022
454,0.003014548244119016,0.003045803090338624,0.003960574390833025,0.0009542525835206468,0.012900498464020083,0.0012873661853555261,0.0012257716590996905,0.24130728969834397,-16794721.36161868,429248.5367105007
455,0.0030497870160875575,0.003060090125556661,0.003951500951799745,0.0009206115363598326,0.012866626416950494,0.0012397570935471333,0.001232995937398722,0.24535953853768233,-16794720.953221094,430436.660176754
456,0.003030208992035938,0.0030469813037241507,0.00395422363583652,0.0009466070769214552,0.012887183368800249,0.0012820404520184658,0.0012239544385127727,0.23874420500113364,-16794720.798101846,431447.2889149189
457,0.0030219857762477584,0.0030389932401330352,0.00395425446772741,0.0009610321175173653,0.012896652079579806,0.0013073997168270932,0.0012177435637284934,0.2338710045087301,-16794720.981974468,432514.6744520664
458,0.003050577134162312,0.0030801770216247496,0.003956366397856558,0.0009132718712812089,0.012866010006263147,0.0012226331249908986,0.0012349501827945285,0.24879330546355802,-16794720.953554086,433417.8959174156
