-1,0.0029999999999999996,0.0008807630100962405,0.015,0.0012,0.00105,0.33333333333333337,-16784792.798946157,0
0,0.0032647364921310246,0.0008224793719095931,0.02229231356102334,0.0011394978888952614,0.0010730180667314184,0.43883207447077094,-16808004.21981846,27.139374494552612
1,0.003427973316737576,0.0008224793719095931,0.02229231356102334,0.0011394978888952614,0.0010730180667314184,0.43883207447077094,-16808809.54063532,53.711281299591064
2,0.0032647364921310246,0.0008636033405050727,0.02229231356102334,0.0011394978888952614,0.0010730180667314184,0.43883207447077094,-16808175.450568564,80.20271420478821
3,0.0032647364921310246,0.0008224793719095931,0.023406929239074507,0.0011394978888952614,0.0010730180667314184,0.43883207447077094,-16814712.335731637,106.75229835510254
4,0.0032647364921310246,0.0008224793719095931,0.02229231356102334,0.0011964727833400244,0.0010730180667314184,0.43883207447077094,-16808025.08547803,133.2202866077423
5,0.0032647364921310246,0.0008224793719095931,0.02229231356102334,0.0011394978888952614,0.0011266689700679894,0.43883207447077094,-16808209.651155647,159.66766953468323
6,0.0032647364921310246,0.0008224793719095931,0.02229231356102334,0.0011394978888952614,0.0010730180667314184,0.46077367819430953,-16808030.373303164,186.2402114868164
7,0.0033191487669998747,0.0008361873614414195,0.02117769788297218,0.0011584895203768488,0.001090901701176942,0.4461459423786171,-16802333.82412932,212.93156743049622
8,0.0033463549044343,0.0008430413562073328,0.020063082204921014,0.0011679853361176423,0.001099843518399704,0.44980287633254024,-16797182.79197027,239.7664737701416
9,0.0031287058049588984,0.0008430413562073326,0.021549236442322574,0.0011679853361176423,0.001099843518399704,0.4498028763325403,-16803549.460241057,266.693074464798
10,0.0032465990671747403,0.0008498953509732462,0.021301544069422314,0.0011774811518584362,0.001037250797840371,0.45345981028646337,-16802541.753496032,293.2823910713196
11,0.003240553258855979,0.0008042020525338241,0.020971287572221976,0.001190142239512828,0.0010789792782132596,0.45833572222502766,-16800825.986538015,319.88976192474365
12,0.003232492181097632,0.0008392335813373806,0.020530945575954848,0.0012070236897186834,0.0010809663487072068,0.4355814665117282,-16798769.018813655,346.6258816719055
13,0.0032217440774198335,0.00084481831781331,0.019943822914265344,0.0011535657640668064,0.0010836157760324696,0.4564395342489193,-16796109.269573215,373.2591598033905
14,0.0032002478700642384,0.0008559877907651685,0.01876957759088635,0.0011321122544301976,0.0010889146306829953,0.46524326413799344,-16791479.764144804,400.1112847328186
15,0.003200247870064238,0.0008559877907651687,0.01876957759088635,0.001208078780356549,0.0010889146306829948,0.4652432641379935,-16791506.2236901,427.17133378982544
16,0.003360125912271478,0.0008397412846533744,0.018586101759108374,0.0011929558145471367,0.001058446216442473,0.459419258211375,-16791293.399113204,453.90354180336
17,0.0034758359659277675,0.0008380912488763952,0.017104534417501274,0.0012054410537618836,0.0010377475654638575,0.4642274491507924,-16787467.873567756,480.5173363685608
18,0.003318644949639978,0.0008289525891885105,0.017434790914701626,0.0011927799661074915,0.001121204526209635,0.4593515372122286,-16787863.917703565,507.5714626312256
19,0.003350721321553406,0.0008828960665128277,0.016586215192728515,0.0011809981206513213,0.0010935511285022049,0.45481423026939777,-16786199.343863096,534.3548247814178
20,0.0034058053529021194,0.0009222430735023295,0.014393679002981788,0.001176426061220568,0.0011008370536466777,0.4530534842915829,-16784825.528613914,560.9713871479034
21,0.003416553456579916,0.0008755343684309213,0.014980801664671285,0.0011539174609460938,0.0010981876263214145,0.4833924919093155,-16784737.95660861,587.7271549701691
22,0.0035085840943210574,0.0008936847619776915,0.0122057297090295,0.0011273643465597987,0.001106798265128518,0.5072980046081091,-16788863.609973915,614.5121295452118
23,0.003326090250625119,0.0008825575976354983,0.013754571522288539,0.0011882665228232854,0.0010787584926028214,0.4803676206140951,-16785124.734365888,641.6815049648285
24,0.0035141447451821424,0.0008784677653677724,0.013376407446790604,0.0011415689927399579,0.001086302000959472,0.4699686849673424,-16785998.13209064,669.1653060913086
25,0.003618777036888109,0.0008859610902353073,0.011578684065425355,0.0012206877647695622,0.0010854311243849641,0.47154382524379224,-16791361.111168824,696.4191987514496
26,0.0035141447451821415,0.0008784677653677726,0.013376407446790604,0.001198543887184721,0.001086302000959472,0.4699686849673425,-16786036.312149998,723.3491303920746
27,0.0035655465558264245,0.000929501350538386,0.011560676252306404,0.001161941360118012,0.0010415070537749364,0.4809746014212615,-16791320.46802348,750.7993042469025
28,0.00338037035118659,0.0008540897795259793,0.01596626224910282,0.0011850703146101217,0.0011012801581009603,0.46475730326448683,-16785315.47785625,778.3246347904205
29,0.0033765336679582427,0.0009256955344003625,0.011511508693373942,0.0011424900260796986,0.0011461415453997486,0.4762753075205961,-16791360.89163109,805.6076190471649
30,0.0034510103914353863,0.000859992320257387,0.015706277986469442,0.0011897032968413374,0.0010648460604478303,0.4672394137432433,-16785191.05706056,833.0979859828949
31,0.0033171801041216166,0.0008791605362055233,0.01601625917731089,0.001146440329209067,0.001090435129733587,0.46962431462934623,-16785212.771139033,860.6813480854034
32,0.003251525223768107,0.000879391459818107,0.016896209754150984,0.0012050390024768661,0.0010918128393249587,0.4695095245166809,-16786504.455949772,888.1268055438995
33,0.0034484898648286335,0.0008786986889803561,0.014256358023630698,0.001157436495174185,0.0010876797105508437,0.469853894854677,-16784905.580781642,915.6913478374481
34,0.0034080061223110067,0.0009119724154780257,0.013736386876681394,0.0011523264074613905,0.0010723011996667644,0.4764197700829331,-16785299.778423782,943.4484257698059
35,0.0034010971795299023,0.0008975017564900142,0.01429385571978675,0.0011605123842485733,0.0010795459392753135,0.4735041533783216,-16784792.832430214,970.9591450691223
36,0.003499168727845409,0.0008930153988933121,0.013112255462631943,0.0011956470778756137,0.0010795164978813802,0.4728460383010656,-16786483.418770213,998.8000626564026
37,0.0033626772600525647,0.0008826242518774705,0.015290258248641154,0.0011587420163757037,0.0010877054717705354,0.47042974554727607,-16784692.163485378,1026.5749244689941
38,0.0033358940634040323,0.0009197275920481429,0.013283563407530629,0.0011420636834214661,0.001112725370941372,0.47629438312184613,-16785900.75210087,1054.3286230564117
39,0.003422231309427548,0.0008749261382050759,0.015100599341734739,0.0011777933934863697,0.0010768158880712156,0.469503156087894,-16784743.59052565,1082.351186990738
40,0.0034928612238151087,0.0008946184948598907,0.015683945811526934,0.0011400094143272123,0.0010981654039425122,0.4595446880755939,-16785447.095046427,1109.8372719287872
41,0.0033677829939226167,0.0008855728219415964,0.014236915094598138,0.0011762022456992672,0.001083610220437744,0.4751618874794698,-16784748.828736994,1136.915382862091
42,0.003343559319309589,0.0009007687811687798,0.015175678333840585,0.0011770946921513402,0.0010878876892901233,0.47182774470994304,-16784634.38997353,1164.0837752819061
43,0.0032910940465500664,0.0009118038272629917,0.01563533848894553,0.0011869237906399176,0.001087991678659763,0.4728146696375761,-16784825.93767117,1191.0174379348755
44,0.003365495153371926,0.0008500662992022899,0.015299023798109098,0.0011583280030818808,0.0010704138914087711,0.4948862420791571,-16784640.257090826,1218.1844651699066
45,0.003358335984691484,0.0008589957971186971,0.015733903107411587,0.0011735135529983122,0.001088660989824621,0.481562935892697,-16784992.60603631,1245.1193027496338
46,0.0033904068808202977,0.0008878752666471849,0.01465386756669296,0.001163762676436008,0.0010818247019126403,0.47551884900691543,-16784638.804508734,1271.8950188159943
47,0.0033991914659313293,0.0008716922132356441,0.015929827889965133,0.0011536771684598646,0.0010840015358204893,0.48002418896736393,-16785334.41206657,1298.6240074634552
48,0.003375635111924795,0.0008821026697651083,0.014660143293439887,0.0011705709763894165,0.0010837080492834303,0.47637746285144333,-16784599.534468453,1325.571329832077
49,0.0033292110845921483,0.0008847310741588424,0.014919324960063584,0.001149678548307111,0.0010930932552577562,0.48797435594678945,-16784513.389582153,1352.5062794685364
50,0.003282700972174449,0.0008896335421357256,0.014828687769228004,0.0011356211257174814,0.0011012319388510267,0.4972099558762372,-16784432.36362125,1379.2267258167267
51,0.003290271442637958,0.000888822568501265,0.014988418005312608,0.0011674557024378496,0.001072736287850761,0.4786908414476753,-16784410.338310152,1406.1695189476013
52,0.003227130435666979,0.0008954666685364369,0.01499222617563327,0.0011742248231837275,0.0010600106186154342,0.4763400162168553,-16784284.7951028,1433.062726020813
53,0.0032989653643701136,0.0008860134906077046,0.014579617397006785,0.0011677920826109142,0.0010739868246832734,0.4936236780329077,-16784462.18381464,1459.8466787338257
54,0.003273970874716815,0.0009305538404180236,0.01433104971383806,0.0011713607890810815,0.001092469382803205,0.46874632681894357,-16784576.0409119,1486.7569842338562
55,0.003210247145233949,0.0009069710642300746,0.014868599994302565,0.0011684588199419787,0.0010846067992628574,0.4858562124951946,-16784301.50961468,1513.6097843647003
56,0.0032126573153861107,0.0008961449773955779,0.014244429780642272,0.0011522481801568597,0.001077450181876286,0.4942234727205842,-16784500.294004574,1540.4463956356049
57,0.0031262555905913437,0.0009194918580094062,0.01462139365011043,0.0011526642971745982,0.001079543866080597,0.49562242453546435,-16784239.417101096,1567.349092721939
58,0.003001565829924618,0.0009381864521315552,0.014602018828445702,0.0011437109575671888,0.0010774617744791805,0.5052449053774748,-16784187.49058158,1594.1672766208649
59,0.003137118146201925,0.0008735848912610014,0.015040810267914803,0.0011426578739783017,0.0010657799964528146,0.5154197534208077,-16784184.649388116,1621.1067247390747
60,0.0030686917819444798,0.0008451004166824903,0.015395690544953176,0.001128306416426912,0.0010524353032776192,0.5387564667217397,-16784228.67969417,1648.0871412754059
61,0.0031732519824712343,0.0009004737255719213,0.015392890363534771,0.0011585737141763374,0.0010769091355719096,0.4970080344192416,-16784382.234429196,1674.8884830474854
62,0.003045039472854271,0.0009154252906812006,0.015328793736012921,0.0011399570222440907,0.0010813465963944676,0.4987359479023627,-16784209.86689557,1701.717621564865
63,0.0029820833652765433,0.0009204024886683379,0.015246425352720007,0.0011735732779797271,0.0010474730347411945,0.49565833406774185,-16784125.33882782,1728.8794965744019
64,0.00283177456182759,0.000935786961934644,0.01545529414446601,0.0011925493541108502,0.0010205935826862783,0.4948825231634941,-16784222.60946557,1755.8049986362457
65,0.0030278094825815275,0.0009162052262642808,0.014633401088141654,0.001155620544122001,0.0010619838044100736,0.49541035540757083,-16784157.5976113,1782.676364660263
66,0.0029300017656013386,0.0009127859416175297,0.015079291821986888,0.0011414560130830332,0.0010467451424348638,0.5097468916357432,-16784099.455504805,1809.7622203826904
67,0.002789879075785034,0.0009156933803112571,0.015184637735829048,0.0011279546096535607,0.0010278143140208668,0.5216922312060175,-16784221.87316559,1836.8712179660797
68,0.002814075585146429,0.0009300634283381985,0.014984687522774057,0.0011247670731410532,0.0010669194976887638,0.5303987130537117,-16784182.554712024,1863.8654243946075
69,0.0029191785853898565,0.0009149841854124336,0.014533417891314786,0.001153971557713011,0.0010407744870078294,0.518557036418654,-16784242.237057425,1890.9655404090881
70,0.0030135742509881675,0.0009153150143640088,0.015129949774838388,0.0011434606561113209,0.0010712035690478082,0.5036912200314355,-16784124.062609408,1918.009798526764
71,0.0029666550353406925,0.0008845992113728969,0.015436169781012896,0.0011501341885712902,0.0010425732404459923,0.5115301838281954,-16784194.37196783,1945.0685505867004
72,0.0029928381312786367,0.0009247896419418906,0.014810556566587502,0.0011453167653182141,0.0010687396409708835,0.5068162249901549,-16784119.26227691,1972.1545882225037
73,0.0027830093807556227,0.0009662690224704138,0.014920627107768033,0.0011520735692734816,0.0010552415666450483,0.4984874929746449,-16784172.531185012,1999.2549488544464
74,0.003095696540347517,0.0009218590167706219,0.014955396381240105,0.0011790665354882062,0.0010502094217278604,0.47287145998205216,-16784125.121166013,2026.300213098526
75,0.003230991797935621,0.0008708500874051424,0.015031046554070147,0.0011607576947606857,0.0010602099711325128,0.49624400239692124,-16784285.827132825,2053.4485800266266
76,0.0028950049850506223,0.0009424142887040959,0.014948231969343561,0.0011542446006452827,0.0010564836677669145,0.49792662033021395,-16784098.686595958,2080.5371630191803
77,0.0029419235302660814,0.0009296502377578806,0.015423216200763826,0.0011567520720865937,0.0010516343544864346,0.5001598949382096,-16784190.587904558,2107.5367109775543
78,0.003006337994502666,0.0009195664791376807,0.014830854866297198,0.0011559034261131491,0.0010593964419291638,0.4965977402902305,-16784103.513884246,2134.7719144821167
79,0.002995734523979772,0.0009251743055102713,0.01467166844071121,0.0011329093876066747,0.0010701195932179709,0.500225051685535,-16784145.024998464,2161.877952337265
80,0.0029854961549523502,0.0009215954428788212,0.015102736124717808,0.001163407305386464,0.0010531346743603886,0.49680001347219016,-16784097.39958058,2188.96990275383
81,0.00284538788711041,0.0009236299194440537,0.01501181066001701,0.0011221963867309487,0.001068358290442147,0.5309881102679374,-16784158.17991357,2216.201798439026
82,0.00303311937703824,0.0009223017424389798,0.014969499950934332,0.001164848998298892,0.0010547466389064322,0.48740062255352345,-16784096.444251478,2243.3484132289886
83,0.00293402521848645,0.0009325028312089907,0.014783773991784044,0.0011649317135036907,0.0010418784997417406,0.4947381510592499,-16784108.746254113,2270.5031871795654
84,0.0029351570339319188,0.0009255992667201421,0.015094239675100443,0.0011696139203586225,0.0010353887140756176,0.4875871214568954,-16784078.592817668,2297.637514591217
85,0.00290631648525856,0.000926004079109268,0.015236081229356914,0.001181762497878827,0.0010187132506279846,0.4779725696902657,-16784098.18960149,2324.690116405487
86,0.002994347218539262,0.0009155848892900926,0.015224510811009367,0.0011515597077914569,0.0010600865934160529,0.4972815188536823,-16784125.135339186,2351.911572933197
87,0.002949105718499653,0.0009282733457292663,0.014893958196590375,0.0011615887120756323,0.0010464305231603186,0.495373993007858,-16784087.668875363,2379.2621450424194
88,0.0029029570171887086,0.0009314235302252642,0.015198464379927272,0.0011624830905028265,0.001038246678305681,0.4950140138619109,-16784107.98302656,2406.310153722763
89,0.0029804927501741766,0.0009225307419095766,0.014922757244704717,0.0011575483422105685,0.0010541090010232931,0.4962018086831506,-16784087.52060559,2433.397402048111
90,0.0029961235742809824,0.0009414523345094311,0.014897849231810189,0.0011822946132421207,0.0010533525973294576,0.47734983486553406,-16784082.722648777,2460.7274177074432
91,0.0030648265512418175,0.0009115033360246431,0.015012114838609059,0.0011788560298788171,0.001042570381851588,0.4823111776828365,-16784102.499422252,2487.895788192749
92,0.002937460376598421,0.0009346865505342327,0.014964202686659937,0.0011603974579536664,0.001053005346288083,0.4940227596683696,-16784084.43290874,2515.018749475479
93,0.002958323455222115,0.0009366858844017218,0.014811432870548855,0.001168690042660037,0.0010458762659006785,0.48251203327292036,-16784087.184950426,2542.2524440288544
94,0.0028857682591975162,0.0009407742988291438,0.014891980017537172,0.0011685286978679907,0.0010413075103527175,0.4902818944313859,-16784099.74042124,2569.504954099655
95,0.002996281597578059,0.0009269198815365209,0.014950119967585041,0.0011657689231911665,0.0010513868567680034,0.48812094052298904,-16784082.78040165,2596.698585510254
96,0.002985507210762239,0.0009343515408079422,0.01498624236221268,0.0011731823877964283,0.0010512757373013922,0.47989083981542846,-16784074.704525933,2623.9717240333557
97,0.003003707956893532,0.0009373906383472802,0.015032384445023833,0.0011789792256568263,0.001053698344371929,0.4721492632192137,-16784078.648028683,2650.644517183304
98,0.0029557916659504026,0.0009440344109270868,0.014978605019934331,0.0011824341061901118,0.0010426528381977844,0.47362603451756174,-16784063.614278283,2677.8335518836975
99,0.0029434411238385156,0.000954786245435842,0.015006528907549138,0.0011948769881798835,0.0010369247567850303,0.4623381474347673,-16784053.013456203,2704.73149061203
100,0.002973000183774597,0.0009359127221129817,0.015154961406423622,0.0011800213875805925,0.001047901736948516,0.4805911813150743,-16784090.76526933,2731.301683664322
101,0.0029619926373602354,0.0009364925938295368,0.014897315004517547,0.0011715228788901758,0.0010463826336626378,0.4820318202834588,-16784075.05060238,2757.849422454834
102,0.003002040682652229,0.0009385140704122389,0.014979895696265077,0.001192022445932466,0.001038565085685963,0.46508347512465475,-16784062.812708635,2784.6277770996094
103,0.002945139156697315,0.0009501454690351904,0.015003903658233314,0.001195402154942066,0.0010359096515120294,0.46330613913725716,-16784052.834324043,2811.205701828003
104,0.002919567936256943,0.0009617582627845251,0.015030795503557452,0.0012102187708175156,0.0010281710488840422,0.4508987384443912,-16784042.24298547,2837.876038312912
105,0.0029197786339863773,0.0009423816588206448,0.015100489817923926,0.0011881845174162432,0.0010255500614687703,0.46526021265433115,-16784058.781207934,2864.601822376251
106,0.0029756190410202606,0.0009638288573101009,0.014906182755574829,0.0012070554093189484,0.0010402343938536612,0.44758062312878166,-16784049.69313971,2891.2752130031586
107,0.0029533255721452853,0.000962047618027561,0.015106063343176823,0.001216990627596986,0.0010271910609969824,0.4416521919173261,-16784041.11086712,2917.943374633789
108,0.0029489920395378106,0.0009748251301265733,0.015210437512506461,0.0012397245019503912,0.0010175952746641547,0.42146237773425965,-16784042.061822895,2944.8153450489044
109,0.0029190837858709645,0.0009734206967890288,0.015057076312469737,0.0012299338652909195,0.0010142697319234246,0.4310469564193222,-16784023.276131615,2971.491141319275
110,0.002885872073425327,0.0009929552747795722,0.015092493287598263,0.001258309604038165,0.0009957667292344406,0.4066250147212691,-16784006.7241488,2998.0722510814667
111,0.002863827444238674,0.0009874052353071763,0.015100955508861733,0.001233189526523448,0.001012714264721679,0.4263681676423009,-16784032.831548102,3024.7863552570343
112,0.0029274390963219582,0.0009985455057276143,0.014980516617515484,0.0012520291247420721,0.001021450690023175,0.41322741510861427,-16784010.050131142,3051.3542997837067
113,0.0028984425972976343,0.0010007273392096748,0.015065806764545723,0.0012643873661658282,0.001004917972452963,0.3997792362194603,-16783996.094065398,3077.891870737076
114,0.0028759433340271937,0.0010236978860965911,0.015095445693044017,0.0012991425551588005,0.0009889145802869292,0.3684997806118069,-16783971.298872434,3104.6257486343384
115,0.0028330394444515327,0.001011641070264246,0.015229240562343097,0.0012829046603067143,0.0009845017308620883,0.3881764796864544,-16784025.321808957,3131.2304413318634
116,0.0028602477186130465,0.0010303392672830623,0.01517077616728902,0.00130396992863788,0.000982008636491056,0.363950944784866,-16783979.968268275,3157.965296268463
117,0.002795464131547292,0.0010528137951251932,0.015117079269040379,0.001326191172205374,0.0009679278162094736,0.3472970756011111,-16783981.99113715,3184.6873772144318
118,0.002862174488556776,0.0010492590311182498,0.015127561690081684,0.001340992821839554,0.0009674757963140418,0.33622406919573955,-16783948.600557413,3211.388510465622
119,0.002861348010715827,0.0010801859290237867,0.015140864780691661,0.0013948944694976068,0.000944856562110223,0.2911520199724589,-16783917.054288156,3238.1137771606445
120,0.0029023986770986814,0.0010478714824143608,0.014969818042716507,0.0013286076244532516,0.0009824732739230108,0.3420742705802543,-16783943.59643413,3264.858566045761
121,0.0027996522188204966,0.0010774090391799077,0.015214975795944467,0.0013850093265882876,0.0009325318427285362,0.29330562031530794,-16783953.101663068,3291.5538959503174
122,0.0028124792901821852,0.0011111505249280615,0.015143826628643758,0.0014209620881422353,0.0009371375080153021,0.2621348892339991,-16783907.36463463,3318.6257598400116
123,0.002775782898560614,0.0011702481500023062,0.015169493299166503,0.0015022883301942704,0.000907822897405733,0.18988982649036412,-16783912.074077178,3346.2673053741455
124,0.002908558951605185,0.0010707375811833965,0.015128156433736096,0.0013846708252873135,0.0009547129849755455,0.2930754328984533,-16783918.938551,3373.9519300460815
125,0.002859879108870143,0.0011066782136589723,0.015060252957636477,0.0014337923677379518,0.0009315336141887929,0.2527963930858941,-16783889.353439055,3401.5664942264557
126,0.0028596948039986917,0.0011448476868469275,0.015004991352810207,0.0014987035872879879,0.0009062961030376613,0.19721911723640817,-16783887.60281131,3429.235367298126
127,0.0028387673167798297,0.0011537028617622227,0.01510543198513688,0.001505140085260094,0.0008970881779764974,0.191154002800487,-16783898.042253748,3456.249198913574
128,0.00292809679797297,0.001125422982873011,0.014949387278633904,0.0014593169000545417,0.000941656360617544,0.232297623925379,-16783900.484534804,3483.004858016968
129,0.002833916379986214,0.0011808110397914413,0.015187734777167661,0.0015592883607233416,0.0008781092916545802,0.14693675810880752,-16783958.17341698,3510.036318540573
130,0.0028852781028205644,0.001081106371758631,0.015024297226329295,0.0013862778085207742,0.0009563822783559032,0.2932898924623926,-16783907.49801116,3536.7955532073975
131,0.0028199958225515044,0.0011614012045474834,0.014994776650345803,0.0015037608209670997,0.0009064260117288313,0.1960070823119216,-16783889.1762595,3563.528834104538
132,0.0028534227007194213,0.001179024615214992,0.01493337225994162,0.0015298259605799709,0.00090347225113369,0.16621551601773693,-16783912.826440364,3590.426020860672
133,0.0028554040282185228,0.0011543149436671909,0.014985245390129132,0.0014960930878093798,0.0009138183288778232,0.1974496420064174,-16783886.95279216,3617.2728526592255
134,0.0028195345837473363,0.0012025070297830014,0.0150369225355706,0.0015750477146530052,0.0008777585517286499,0.1321308933758114,-16783970.193036262,3643.9850850105286
135,0.002868842223052257,0.0011114565362647234,0.01502745355363962,0.001433470285053832,0.0009367263466990899,0.25300014269074733,-16783887.653762773,3670.8628385066986
136,0.0029111210406757406,0.0011725648803924578,0.014878602108254757,0.0015445328340020765,0.0008968662682971805,0.16024098108978774,-16783936.719403073,3697.9321818351746
137,0.0028371397278055743,0.0011265041137941607,0.015077520498546507,0.0014518547746071955,0.0009270696980857717,0.23666141219794623,-16783887.066094585,3724.8593435287476
138,0.002765184509495824,0.0011586527994212254,0.015115752531568811,0.0015036906469406545,0.0008874851948510144,0.19153284248926356,-16783922.695378866,3751.8059933185577
139,0.0028873687258536835,0.0011337304370100645,0.01499097859186763,0.0014704103367760698,0.0009281135691759116,0.22210642856635016,-16783885.270034097,3778.6709954738617
140,0.0028707144603802477,0.0011237154456146276,0.014921556693976084,0.0014462908789070945,0.0009423951745585325,0.24299393886944332,-16783887.008422103,3805.4680454730988
141,0.0029063921672181545,0.0011034551831850818,0.015007805376643923,0.0014285134958467536,0.000945047061749432,0.25380314487718264,-16783892.38209585,3832.3549332618713
142,0.002841594908718167,0.0011469146992068831,0.014998033831920332,0.0014849489896870132,0.0009160812742339815,0.21045609795323686,-16783882.936066013,3859.151983499527
143,0.00284846332860604,0.001165219239115228,0.014965321899443676,0.0015159635999710817,0.0009078650359574706,0.18262873625252007,-16783894.88249133,3885.9507508277893
144,0.002863747499440703,0.0011248972119773494,0.015011920640090635,0.0014540936137831444,0.0009295110190136851,0.23540729108119052,-16783882.822043225,3912.959051132202
145,0.002858961646140275,0.0011251779302431648,0.014990093862699897,0.0014358603065686443,0.0009460335849442406,0.2511391529884533,-16783887.166077673,3939.7527163028717
146,0.0028591449356048793,0.0011300953693941054,0.014993818235227475,0.0014515711267484802,0.0009360992144675957,0.23765914405044203,-16783883.119195137,3966.5701010227203
147,0.002888851791599827,0.0011447185884959129,0.014889663962523923,0.0014826145699631983,0.0009282698286900717,0.21202943531108048,-16783892.138505526,3993.537546157837
148,0.0028500677437541377,0.0011310577324695988,0.01503055636454086,0.0014595447234461963,0.0009273697307368466,0.2305034179762298,-16783882.52196786,4020.3911185264587
149,0.002848394820149783,0.0011499546856271032,0.015081960990615935,0.001492596413843,0.0009079358709434154,0.2015334016751789,-16783889.92273965,4047.2660031318665
150,0.0028651345503226313,0.0011302752556177466,0.014961657768136048,0.0014578672626410708,0.0009337803486547532,0.2326288045708772,-16783882.778176833,4074.2088165283203
151,0.0028669487596795443,0.0011113419582247253,0.015010409753798526,0.0014300522632179449,0.0009431667232164347,0.2588040860596914,-16783889.149896063,4101.065495014191
152,0.0028582902110837784,0.0011435716973065744,0.01499153648104648,0.001479582881661521,0.0009211554274624761,0.21278825301973592,-16783882.519878287,4128.119389295578
153,0.002825291223787749,0.001135206884980688,0.015004862515119646,0.0014587925292130722,0.000926552102347201,0.23104124098422063,-16783884.259750478,4155.200363397598
154,0.002840810599304232,0.0011348377729880322,0.015001391534306642,0.0014616969811038216,0.0009269424690543787,0.22880753787975303,-16783882.11820367,4182.130219936371
155,0.0028474035686030033,0.0011404227537946225,0.015004547304786186,0.0014810070240257756,0.0009155142085844447,0.21253799010989904,-16783882.807303566,4209.087683916092
156,0.002866889815451328,0.001121439442177758,0.015002502865715282,0.0014463151725334971,0.0009353431269348799,0.240435000259325,-16783883.586662315,4236.095110654831
157,0.002847918635401457,0.0011405458849496018,0.014999151090369069,0.001475290535398634,0.000920896737409206,0.2179508235297589,-16783881.758206517,4263.061682224274
158,0.0028394609367157105,0.001148673153731376,0.014984359540971128,0.001484236188975862,0.0009190419549536833,0.2096649846142275,-16783882.83406905,4290.025448799133
159,0.0028576758587594547,0.001130841197415856,0.015005030365310758,0.0014616292575813238,0.0009268937529986847,0.22897171446444975,-16783881.82634868,4317.086542367935
160,0.0028592289642722273,0.0011299537597878476,0.014991893896450434,0.0014508635232517463,0.0009368319468543371,0.23801219370370258,-16783883.199249648,4344.074506998062
161,0.002850359917520309,0.0011378055052929288,0.015001383952702247,0.0014734711488322682,0.0009208436431519178,0.21890654100834994,-16783881.742117472,4370.944456577301
162,0.0028365731049518252,0.0011426113411897839,0.015048025494622638,0.0014792045800335171,0.0009142535716164168,0.21334729138854863,-16783884.729430154,4397.978756427765
163,0.0028579941889799298,0.001133359277010756,0.014983249699757695,0.0014632015919891824,0.0009288986543951692,0.22780842627529507,-16783881.632701933,4424.92627620697
164,0.0028542820599289165,0.001142596045851651,0.014963358009956768,0.0014787460754093875,0.0009211738307537643,0.21457434741621778,-16783882.52716114,4452.027739286423
165,0.0028511213227978326,0.001133942310815112,0.015013756775894838,0.001464345061436994,0.000925820755741076,0.2265211503362268,-16783881.747752808,4479.096644878387
166,0.0028436699631706266,0.0011268722855175212,0.015009784658400607,0.001453628643785887,0.0009289432434543346,0.23686714481154186,-16783883.291328788,4506.159200191498
167,0.0028546351491054904,0.0011393968443593112,0.014996098525385013,0.0014730943221926125,0.0009231023814604408,0.21880797596768742,-16783881.65774785,4533.184445858002
168,0.002865757758217259,0.0011371259002931565,0.014998165268833229,0.0014753136580398503,0.0009218761726644527,0.21751467264750293,-16783882.239158493,4560.337365865707
169,0.0028470473890324886,0.0011354098048143133,0.01500058496793829,0.001465101150337829,0.0009256758949568972,0.22598432157169052,-16783881.635375094,4587.403532743454
170,0.0028453496755197153,0.0011426453449981517,0.01499304463870496,0.0014765386791478494,0.0009215189360395511,0.21635469843188643,-16783881.7874249,4614.439297676086
171,0.00284843122132965,0.0011396943081025779,0.01499604107035641,0.0014728113237562179,0.0009228626402793344,0.21950895244002727,-16783881.550832234,4641.663702249527
172,0.002855277760853776,0.0011326567985153978,0.014997887240309097,0.0014620509974497338,0.0009281712525857394,0.2278949656700001,-16783881.57190002,4668.770867109299
173,0.002853460552809383,0.0011388318685499829,0.014977991709588079,0.0014722317834156206,0.0009240307332020901,0.21978257730812326,-16783881.634876493,4695.832668542862
174,0.0028552555031832634,0.0011353107951578504,0.014982567118409281,0.001462692574214797,0.0009300702091413061,0.22768919873592464,-16783881.64923326,4722.99690079689
175,0.0028511870562906733,0.0011323574396909812,0.014983342076734605,0.0014596021515285143,0.0009301340800597383,0.2307481713659995,-16783881.799910635,4750.187890768051
176,0.002853773125901786,0.0011376369931922286,0.01499290941322241,0.0014697212795265879,0.0009248603061102652,0.22179302481726543,-16783881.468612984,4777.275956869125
177,0.002850072576452408,0.001137218888237235,0.01500032091531471,0.0014723468012769266,0.0009214296180351926,0.2199015572915426,-16783881.671673648,4804.379768848419
178,0.0028539597715005497,0.0011357878184276966,0.014987005567635638,0.0014651061309803293,0.0009279100613647777,0.22574228837482913,-16783881.478713926,4831.495495796204
179,0.0028605848180925366,0.0011372458831185664,0.014977776599018156,0.0014699398853680614,0.0009265686543555617,0.2215257567234895,-16783881.72865352,4858.955419063568
180,0.002850431746297501,0.0011358688243903767,0.014994882875708257,0.0014663108340953871,0.0009258990848065632,0.22486968035964028,-16783881.467214786,4886.372302055359
181,0.002853162052145015,0.0011328361379963614,0.015006000246075093,0.001460835602516859,0.0009288365999785262,0.2294232020042292,-16783881.749083407,4913.78001666069
182,0.002853385927643291,0.0011373329359115774,0.014984993843709833,0.0014693827381909302,0.0009252321998961992,0.22219273348214974,-16783881.4641584,4941.934193134308
183,0.002847092328862255,0.0011396332825025293,0.01500132363722285,0.0014719261760105466,0.0009227465272857907,0.2195254554393422,-16783881.65227395,4970.166565895081
184,0.002855268723950511,0.0011349277783836993,0.014987768184123984,0.0014653827379945234,0.0009273606226178246,0.22573768356630686,-16783881.47264435,4998.3529851436615
185,0.0028498057446873213,0.001141092754287321,0.01498331307794308,0.001474187350731591,0.0009232037191059153,0.21871982201007287,-16783881.621148888,5026.464560031891
186,0.0028539097568121624,0.0011347657874583787,0.014994243699717594,0.001465085085770198,0.0009269293692157833,0.22560117975501828,-16783881.45411203,5054.219618320465
187,0.002858478462705618,0.001132412404485408,0.014984560124349493,0.0014608516117631005,0.0009298679077244699,0.22913657767837592,-16783881.764641885,5081.6775941848755
188,0.002850943031673642,0.0011378738321982853,0.01499317083385468,0.0014698213957579386,0.0009246139571406183,0.22191585874961445,-16783881.433853693,5109.558689594269
189,0.002851944332592415,0.001137014232083819,0.014995650715809945,0.0014701285594648597,0.0009237217852309737,0.22162776520183586,-16783881.48059321,5137.797612190247
190,0.002853455911773516,0.0011360944218417272,0.014989166854679215,0.001466361738101462,0.0009268629923313268,0.2247136575815808,-16783881.43781808,5166.186460733414
191,0.0028500311094167884,0.0011382631532804923,0.014995354322840012,0.0014701782858196444,0.0009241053472157606,0.22129102801544948,-16783881.488171138,5194.383176326752
192,0.0028539593203170802,0.0011357616221078976,0.01498966471880299,0.0014665816249508036,0.0009265468037673087,0.22462601967859253,-16783881.434737448,5222.729853391647
193,0.0028515887722706116,0.0011349288147771857,0.01498913152893511,0.0014647931927623185,0.0009271678296090015,0.2261800183849333,-16783881.464818988,5250.143523693085
194,0.002855315827199267,0.0011363836470413072,0.014985240950858212,0.0014676977577491633,0.0009265519658468494,0.22354014218432272,-16783881.446297754,5277.436265707016
195,0.0028554011528690425,0.0011378086007425387,0.014989695438272395,0.0014701835874111804,0.0009250779331236938,0.22134984542549285,-16783881.497048605,5304.830978870392
196,0.002852541867420219,0.0011356487612685239,0.01498927250626943,0.0014661407914245339,0.0009266453554876746,0.22497247514507318,-16783881.428722933,5331.748765230179
197,0.0028533226440886714,0.0011348430880604625,0.014995259344350875,0.001464513393060436,0.0009274846147003209,0.2262637108825843,-16783881.46233824,5358.230983018875
198,0.0028533384649773266,0.0011354655500232411,0.014992692969190615,0.0014657307293430596,0.0009269215109992904,0.22524596653247564,-16783881.430505656,5384.8876938819885
199,0.0028526083843081872,0.001137643490701949,0.014985492578167451,0.0014690262600054558,0.0009257848259752392,0.22273686020220143,-16783881.42818358,5411.678379535675
200,0.0028519576980562,0.001139082342323734,0.014981117017392381,0.0014709968471230844,0.0009252125543549672,0.22130470042579303,-16783881.485445894,5438.296277046204
201,0.0028502998329573894,0.0011364455790059008,0.014994579202796579,0.0014668564221119213,0.0009259065160536367,0.22453013711219,-16783881.446700264,5465.071702003479
202,0.002854061828638798,0.0011363991300324555,0.014987575513842805,0.001467487423839853,0.0009263906033985462,0.22378764091628955,-16783881.42347187,5491.8277151584625
203,0.0028523617206715683,0.0011368363736023904,0.014990122852030108,0.0014685676703390862,0.0009254380265915655,0.22304794949316814,-16783881.403176125,5518.4611666202545
204,0.0028518146251205944,0.0011372073494827217,0.014990600850705554,0.0014696706364578983,0.0009247255437216848,0.22221509544896179,-16783881.40710583,5545.196510791779
205,0.002851325778912833,0.001137527423834384,0.014989777698982036,0.001469009798619172,0.0009253846227636694,0.2226095640010149,-16783881.401995495,5572.252153873444
206,0.0028500090082107096,0.0011384103246976271,0.014989834189071561,0.0014702238854533561,0.0009248035322618497,0.2216013361622261,-16783881.415185757,5599.488007307053
207,0.0028544696499693354,0.0011352997442893626,0.014985140538972801,0.001465499495432448,0.0009275743579313767,0.2255509600137932,-16783881.457629774,5626.4336059093475
208,0.002851824686247565,0.0011372303102210545,0.014991163260134211,0.0014687409206765659,0.0009253540573383079,0.22282463406565914,-16783881.410952985,5653.2798228263855
209,0.0028515696237557306,0.0011382962798636776,0.014985108500618061,0.0014705935589584959,0.000924744319519044,0.22141374140865983,-16783881.454226073,5680.197291135788
210,0.0028528962546719274,0.0011361732324833501,0.014990796852047477,0.0014669464367469188,0.0009263772131292288,0.22428791025152167,-16783881.410484385,5707.137117624283
211,0.002852484350396741,0.0011382878923566703,0.014989037078798596,0.0014704520453178165,0.0009249310942445113,0.22145904449821174,-16783881.427118,5733.770324468613
212,0.002852376488871623,0.0011365079634748192,0.014993998507110959,0.0014680418385076817,0.0009255070465133705,0.22326872087308688,-16783881.40198378,5760.527748346329
213,0.0028522605411533414,0.0011359401998612545,0.014998251471582714,0.0014675496277587944,0.0009253681567824362,0.2235346512085296,-16783881.42018489,5787.450508594513
214,0.0028524645689413635,0.0011352702521928138,0.014992107815917265,0.0014658126509252754,0.0009265527623337184,0.22514976203536835,-16783881.42771657,5814.314242839813
215,0.0028524794050328968,0.001137533482315706,0.014989804763078263,0.0014692921967196812,0.0009253365112668131,0.22238172388250088,-16783881.408549845,5840.980867385864
216,0.0028503596161640063,0.001137537131944779,0.014994312463951543,0.001469378863363182,0.0009247418891357721,0.22235252660602772,-16783881.41766084,5868.070197105408
217,0.0028512851692827045,0.0011372526314666982,0.01499262822642436,0.0014689060034823497,0.0009251540677014657,0.22271130518359317,-16783881.40506765,5894.932963609695
218,0.002852416919566953,0.0011367133921713949,0.014991213039756854,0.0014681803941283974,0.0009257117719837298,0.223277757162636,-16783881.390581984,5921.746647357941
219,0.0028527130362266465,0.001136454933146565,0.014991237929568177,0.001467900130854313,0.0009258906293064407,0.22350431871112447,-16783881.38189943,5948.7533078193665
220,0.0028512842783274973,0.001137864370130171,0.014991726473683823,0.0014702927760938426,0.0009245264215852129,0.22155328379664108,-16783881.414257057,5975.658097267151
221,0.0028524932605858196,0.0011365960168950554,0.014991029257456562,0.0014677830215836496,0.0009259145152432248,0.2236042536378015,-16783881.400188915,6002.514711856842
222,0.002851705746484169,0.0011361916318242647,0.014993126727445804,0.001467443957742403,0.0009257597914397657,0.22386698008409545,-16783881.39707765,6029.57945394516
223,0.0028530401746348485,0.0011361188161257945,0.014990469431106854,0.001467342802399752,0.0009261441429178797,0.2239226237498373,-16783881.39349487,6056.435928583145
224,0.002852189774567078,0.0011362958881645704,0.014993090331860023,0.0014672728462299036,0.0009260955561365511,0.22387753752581863,-16783881.387544516,6083.3852796554565
225,0.0028535137148772284,0.001135194326042639,0.014994539695867422,0.0014662517338200625,0.0009263859377554081,0.22473858085957316,-16783881.405086923,6110.491683006287
226,0.002851872762903932,0.0011369441493864476,0.014990968198203383,0.0014683202824193947,0.0009256349515116041,0.22314181821565446,-16783881.393921245,6137.37149143219
227,0.0028522950962625417,0.0011363591817060803,0.014989308784769308,0.0014673125085687899,0.0009263061490051181,0.2240371231016904,-16783881.387720555,6164.227302312851
228,0.0028521122697739197,0.001136192183222852,0.014991704543527953,0.001467414487821202,0.0009260292248625615,0.223845880158272,-16783881.37662758,6191.193207502365
229,0.0028519217743679694,0.0011359902663867502,0.01499204218656365,0.001467230220939978,0.0009260865796722297,0.22396669341850728,-16783881.366131898,6218.171802043915
230,0.0028529717931701703,0.001136529446481138,0.014989245559911327,0.00146768230606164,0.0009262928780768424,0.22361639149011536,-16783881.37791317,6245.145740032196
231,0.0028531711201724864,0.001135638694617185,0.01499082987638973,0.0014665933225987307,0.0009266370268600833,0.22449974445004336,-16783881.374642562,6272.466614246368
232,0.0028520473569541155,0.0011363039873749689,0.014991448791913886,0.0014673209760180331,0.0009262921301012086,0.22391131248259594,-16783881.361296706,6299.72434926033
233,0.0028515509481137485,0.0011363965729995558,0.014991938472317404,0.0014673100628271735,0.0009263661236928731,0.22390565684897523,-16783881.34682846,6326.8162796497345
234,0.002852544385943491,0.0011360760855591745,0.014993486000767463,0.0014673504546017897,0.0009261501155765552,0.2237529910465044,-16783881.357505657,6354.004565954208
235,0.0028527679114310925,0.0011360661115655522,0.014989836343312558,0.001467415986397972,0.0009263788949251236,0.2238710611292714,-16783881.345383335,6381.156978845596
236,0.002853056979863099,0.0011359512232660433,0.014988209349038828,0.0014674875564820058,0.0009265205643194099,0.22386782293099783,-16783881.32889442,6408.081380605698
237,0.0028523592976503415,0.0011357391632900505,0.01499067921876129,0.0014666511769827928,0.0009267938000928906,0.2243654480172566,-16783881.33252414,6435.192210674286
238,0.0028518963755335422,0.0011354012222251153,0.014993149474701466,0.001466525292082517,0.0009265585253278386,0.2245030607473128,-16783881.328996196,6462.11674451828
239,0.002851272133651577,0.001136212816625045,0.014992338357660303,0.0014675915987066883,0.0009261882093671825,0.22362081321980795,-16783881.31365574,6488.983735561371
240,0.0028503226403911227,0.0011364998776289752,0.01499309259829559,0.0014680907367606673,0.0009259638006207322,0.22318134760469027,-16783881.29392501,6516.143294811249
241,0.002851988434797146,0.0011360311152695543,0.01499147618473036,0.001467241538972337,0.0009266977302045368,0.22389208231340507,-16783881.288092896,6543.22851395607
242,0.0028520217650117342,0.0011360515397109564,0.014991193183813714,0.0014672471979885167,0.0009270033054706904,0.22385477676085397,-16783881.25072759,6570.204376220703
243,0.002851191616244371,0.0011359371141477239,0.01498926809820864,0.001467086886439435,0.0009269185909315898,0.22413971325685786,-16783881.269456994,6597.2997610569
244,0.002852065276784321,0.0011354634737567324,0.014989925501955773,0.0014670528860848049,0.0009268867385615108,0.22406506625701456,-16783881.246053033,6624.360416889191
245,0.002852322441119607,0.0011349969241353204,0.01498891901677496,0.0014669242977136208,0.0009271470459958297,0.22414477096103425,-16783881.197996527,6651.398983478546
246,0.0028512446417374836,0.0011358734704146611,0.014990598021516442,0.001467802812172795,0.0009265768107958065,0.22353171606999245,-16783881.21803641,6678.596442222595
247,0.0028514903192555976,0.0011363688275427782,0.014987277281181259,0.0014683545371031632,0.0009268181807168478,0.22307032178082942,-16783881.198080596,6705.680011034012
248,0.0028498074947235393,0.0011359580279274284,0.01499190671755804,0.0014676812662440604,0.0009269553471910887,0.22343972588042155,-16783881.15437903,6732.932183504105
249,0.002848182752153759,0.0011359614302581212,0.014993755401817646,0.0014677781211250877,0.0009271727386269283,0.22322567735513343,-16783881.091108583,6760.158428430557
250,0.002851828538116394,0.0011352298911075451,0.01498724440280863,0.0014669738807535386,0.0009279150902251653,0.22414097779021025,-16783881.117500264,6787.3013615608215
251,0.002851171869553821,0.0011355569135754035,0.014990394337762246,0.0014679400625128055,0.0009272924663454995,0.22318303364916012,-16783881.07490945,6814.378513813019
252,0.002851161996208546,0.0011353668132892433,0.014990957457539048,0.001468366650549491,0.0009274794040524544,0.22270469384531127,-16783880.983527437,6841.626655101776
253,0.002850055131185394,0.0011352142458716003,0.014988390676732286,0.001468152901817382,0.0009273664513336534,0.2230846091733164,-16783881.016685016,6868.714272975922
254,0.0028504357509422816,0.0011351725736535416,0.014988250057434833,0.0014677139841812997,0.0009280561595211533,0.22325863423195252,-16783880.970197875,6895.850882768631
255,0.002850031305544681,0.0011348221252729818,0.014987076075394026,0.001467669570185552,0.0009287958338838266,0.22312209331293253,-16783880.854436103,6923.0864515304565
256,0.0028497037355205293,0.001134161649102159,0.014991503729174273,0.001466933936945061,0.0009284740073224381,0.22373728569848333,-16783880.885410346,6950.522252082825
257,0.00284799871179016,0.0011352551274985633,0.014990723564380342,0.0014683673894117497,0.0009285874624856592,0.2225270080974282,-16783880.79593218,6977.655334949493
258,0.0028458368471254367,0.001135384229180185,0.014991625838183031,0.0014690889352608144,0.0009293076707305738,0.22171812666562518,-16783880.638265967,7004.890474557877
259,0.0028464953844630544,0.0011350736065505519,0.014993858656804807,0.0014690228245409242,0.0009282836117581264,0.22172318422672382,-16783880.74726833,7032.021856069565
260,0.002849578714528788,0.0011340461261641192,0.01498738207612484,0.0014686334853079865,0.0009293962544000957,0.22213765361899745,-16783880.60987254,7059.160351276398
261,0.002850276695716303,0.001133088474117118,0.014984195413278438,0.0014690611673994361,0.0009305080122866795,0.22159364175092944,-16783880.404490545,7086.347093820572
262,0.0028477801903407894,0.0011340847199658127,0.014991348380058927,0.0014685614598097109,0.000930249728677713,0.22178173266001877,-16783880.470528487,7113.467236280441
263,0.0028455460566950514,0.0011335047881070263,0.014988911906758787,0.001468412647497675,0.0009310602175006647,0.22185399425959312,-16783880.376369033,7140.8104865550995
264,0.0028427380869383047,0.0011325737755159175,0.014987889131368656,0.001468435645971767,0.0009328506242247698,0.22142864446673405,-16783880.165811006,7168.072797775269
265,0.0028446824345223273,0.0011341806610986964,0.014987160769188355,0.001470345930777674,0.0009315244865314581,0.22005185532917126,-16783880.238758247,7195.335506439209
266,0.0028425719074907244,0.001133306363536445,0.014991616654233379,0.0014705024177345568,0.0009321122108526135,0.2196436350534683,-16783880.108212646,7222.50571680069
267,0.0028388422084637457,0.0011325484826681768,0.014993886943653056,0.0014719188415090595,0.000933770399337007,0.21790440592373617,-16783879.926804673,7249.831542253494
268,0.0028435567699059148,0.0011322131742980837,0.01498484350177201,0.0014701145023685628,0.0009344533621712739,0.21976961803868117,-16783879.85242076,7277.2704911231995
269,0.0028420874626273445,0.0011307829581718495,0.014980335924255614,0.001470660341282382,0.0009375382373778478,0.21879283494465984,-16783879.550518125,7304.5434494018555
270,0.0028429655124108345,0.001130368794665672,0.014983313015751318,0.0014705721936558625,0.0009361728254145844,0.218799578359458,-16783879.599279318,7331.906051158905
271,0.0028394172765521634,0.0011304296621133308,0.014980912019106219,0.0014717699137223495,0.0009372051330464027,0.21774192093154415,-16783879.61651007,7359.328275918961
272,0.0028333009647886036,0.0011305396372940963,0.014986970521162636,0.0014721731215735956,0.0009391792230240101,0.21664610490083835,-16783879.692648705,7386.562594175339
273,0.002835101402738004,0.0011282337757109843,0.014983941749244147,0.0014714974217939975,0.0009407143276100826,0.21705264117981898,-16783879.426091082,7413.896773576736
274,0.0028303108868458424,0.001125260333017128,0.01498233223927204,0.0014720731673021595,0.0009453092481493948,0.21555303410514282,-16783879.433960535,7441.128064393997
275,0.002834500188921927,0.0011283939946921191,0.014981897593022344,0.0014744282985406482,0.0009420094243785416,0.21421718427995107,-16783879.39320178,7468.616311311722
276,0.002830381239913738,0.0011263041042802197,0.014978901823849186,0.001477424624825089,0.0009465888244554275,0.21061145418655958,-16783879.614186067,7496.037988185883
277,0.0028369487275492133,0.001127034458214507,0.014971903330527697,0.001471781588680552,0.000943835990946816,0.2165123489416873,-16783879.310039774,7523.244338750839
278,0.0028360019870919476,0.001124277445987672,0.014960911523965018,0.001471712962266298,0.0009488687867517205,0.2158163204506629,-16783879.4118196,7550.43620300293
279,0.002843705892144558,0.0011278749105620577,0.014973797356139806,0.001471396797651668,0.0009399794232340815,0.21772606464486804,-16783879.272648126,7577.821019649506
280,0.0028489083558225353,0.0011265425471960384,0.014967210773628392,0.0014710086356907043,0.0009403795233391171,0.21826604451688292,-16783879.28415504,7605.375180721283
281,0.002839019118911798,0.0011271333018923993,0.014977484303874088,0.001471675633479354,0.0009428782766075822,0.2166249631852703,-16783879.124913167,7632.855613946915
282,0.0028388200400916146,0.0011254851217819333,0.014975770446258023,0.0014716284933578563,0.0009457148483881721,0.21606648431213338,-16783878.9571652,7660.22107219696
283,0.0028340890589467187,0.001125566278378812,0.014972569117397888,0.001473225453446506,0.0009470912585639291,0.21465627440824814,-16783879.235444248,7687.712330818176
284,0.002832300974170002,0.001123413221608288,0.014972957273274353,0.0014739923432080275,0.0009489101869960266,0.21328416431090907,-16783879.302537184,7715.035662412643
285,0.002838353557870007,0.0011243555527015881,0.01496568995629589,0.0014739869031677548,0.0009484660498924398,0.21376819911944667,-16783879.145791724,7742.581431150436
286,0.0028402392280021116,0.001122849186390276,0.01496233156694221,0.0014709088946301399,0.0009493231616286135,0.21645399429914647,-16783879.054511786,7770.002340078354
287,0.002838887522859124,0.0011228136322598112,0.014969135241575029,0.0014732647064734324,0.0009493256519542714,0.21413937808989664,-16783878.90496727,7797.543607711792
288,0.00283985692051408,0.0011207032192824635,0.014967751197098693,0.0014740062653698727,0.0009520704824579991,0.2129528926640013,-16783878.812364273,7825.278491020203
289,0.002846053925019694,0.0011255315347574223,0.014966345940103154,0.001471058592666572,0.0009453048877257183,0.21725713883837222,-16783879.028626844,7852.918375492096
290,0.0028354316846701845,0.0011202887205354409,0.01496302205189215,0.0014735414032278995,0.000956010806318209,0.21265892990224805,-16783879.200158242,7880.585546731949
291,0.002845496059775845,0.001120838166770896,0.014961067935465488,0.0014718180640268595,0.0009518721535731211,0.21506293863686798,-16783878.850176223,7908.130577802658
292,0.002847508225754267,0.0011262988733594186,0.014969963628829006,0.001470927667845119,0.0009415730549038124,0.2178616193877413,-16783879.137211077,7935.6503620147705
293,0.002847637908515864,0.0011228798147458817,0.014968720281936302,0.001469462422797718,0.0009468201463333724,0.21811682359330753,-16783878.765355427,7963.133410692215
294,0.0028522800838387923,0.0011221419457680282,0.014970235444756508,0.0014672001826126998,0.0009459971945538388,0.22029113583023796,-16783878.818663254,7990.68274474144
295,0.002838526468218803,0.0011197968078835389,0.014964032160438952,0.0014720332431045536,0.0009554621717985197,0.214108471393535,-16783878.912585594,8018.221632242203
296,0.0028452245460431893,0.0011222290353504359,0.014972231086824661,0.0014724267991443373,0.0009497584017970206,0.21473425551359265,-16783878.601479046,8045.241911649704
297,0.0028477172050637278,0.0011219189598305158,0.014977180846765886,0.001473185751401436,0.0009499760218812242,0.21387438612081577,-16783878.509868246,8072.235153675079
298,0.0028399642757069507,0.0011183424953409874,0.014971828349217963,0.0014729861540195262,0.0009553337204184181,0.21280352673518144,-16783878.61936849,8098.983553886414
299,0.0028475795725068096,0.0011160080328361612,0.014961089810716404,0.0014728688068821323,0.0009581300504327129,0.21290652873576965,-16783878.733879734,8126.0981986522675
300,0.0028508908458089567,0.0011204334217187629,0.01497184731329463,0.0014727425783946277,0.0009492720199004297,0.21446389410177957,-16783878.51611922,8154.173916816711
301,0.002845719516262951,0.0011192571478140282,0.014978404664211138,0.0014732659289282452,0.0009519953269015978,0.21330974534675046,-16783878.313375715,8182.083326101303
302,0.0028458312445065036,0.0011184666383355943,0.014987073028583965,0.001473989861378938,0.000952056913565836,0.21243314870169172,-16783878.183252994,8210.006025075912
303,0.0028533500968555238,0.001118646568320171,0.014978162013073025,0.0014710722595882532,0.0009517924750526655,0.21524654333218057,-16783878.34001226,8238.27100777626
304,0.0028474731716336263,0.0011150588907148495,0.014980340171947656,0.0014761527144239197,0.0009587002540837231,0.20912585231583208,-16783878.573631316,8266.188753128052
305,0.0028474960406849534,0.0011216142919174658,0.014994387430244636,0.0014738409661867683,0.000947580417868053,0.21307592170005735,-16783878.36938577,8293.001506090164
306,0.0028576219258108137,0.0011203704282714655,0.014991168585418636,0.0014740085564384545,0.0009477923136988924,0.2132697220222709,-16783878.596001294,8320.08626484871
307,0.0028532075132848478,0.001119863445038846,0.014986333526368469,0.0014737529558337225,0.0009496776653787739,0.21315317320049854,-16783878.376602087,8347.29171705246
308,0.0028520244771012117,0.0011252555510056022,0.014984654547495882,0.001470042076503996,0.000941418250465271,0.21828983673650904,-16783878.8562416,8374.255534410477
309,0.0028486109980005226,0.0011176080557875378,0.014981418765834711,0.0014746250549439387,0.00095437975317911,0.21141684842100134,-16783878.3475387,8401.40341258049
310,0.0028478468536564036,0.0011189392313579473,0.014996337890328938,0.0014740797047163912,0.0009525490624081243,0.2119361130569688,-16783878.27187524,8428.280310869217
311,0.0028510637105991898,0.0011164604504220054,0.014997390038045361,0.0014739345161479014,0.0009527027406029634,0.21187953001665033,-16783878.136624392,8455.581254720688
312,0.0028527369633669208,0.00111373119571775,0.0150074946336851,0.001474308898521134,0.0009540660999638332,0.21088210196456758,-16783878.172176763,8484.158785104752
313,0.002844858801482852,0.001117381633674728,0.014991922862335081,0.0014734278318203411,0.0009540094555134772,0.21217619520901815,-16783878.15643488,8512.640193939209
314,0.002849691194348712,0.0011142199007151956,0.014983047435822388,0.0014732021100118194,0.0009582497155726725,0.21195353787911297,-16783878.174343627,8540.846344470978
315,0.0028489363024825393,0.0011170967518210092,0.014996558990228212,0.001471943706277276,0.0009527403677261365,0.21379150764420624,-16783878.021399,8569.044373750687
316,0.002849098954723547,0.0011168410998377452,0.015004129102424962,0.0014706030319439445,0.0009519206749996497,0.21497883725580869,-16783877.989648487,8596.965195178986
317,0.002842780156250212,0.0011154564164609013,0.015008471439440538,0.0014753400924181924,0.0009553703791682425,0.2098725773742363,-16783878.3239181,8624.091420650482
318,0.00284542264140154,0.0011162539544257186,0.01500089408284866,0.0014742731342107076,0.0009544759031393482,0.21121606886372238,-16783878.14736575,8651.048013925552
319,0.0028474753286977126,0.0011142686611123817,0.014991814293024534,0.0014723971237881597,0.0009552560720565248,0.212942992918366,-16783877.8868766,8677.791775465012
320,0.0028472895662183667,0.0011119333759895987,0.014989552494372331,0.0014715558333240437,0.0009566095768807252,0.21344643284906462,-16783877.739719395,8704.915174722672
321,0.0028499770450848986,0.001112563500019403,0.015001905643365631,0.001471675624440648,0.0009572657753371097,0.21278371865610063,-16783877.91072935,8731.97084569931
322,0.0028462123788214194,0.001116258104074537,0.015012217305308287,0.0014719545472840429,0.0009507449932517518,0.21354005640434198,-16783878.090226587,8758.828302383423
323,0.002851495964133469,0.0011127218612482746,0.015010106693119992,0.001471237730630088,0.0009538970992237052,0.21377201947287805,-16783877.849161427,8785.64866733551
324,0.002852956565125423,0.0011126721761048027,0.015004206342696863,0.001469380627046182,0.0009532377169592867,0.21558412935455903,-16783877.73303921,8812.688147068024
325,0.0028567235269873646,0.0011108812869443448,0.015005862472620965,0.0014669343734639191,0.0009526186238692559,0.21776815959997736,-16783877.689739168,8839.875878095627
326,0.0028492021013904996,0.0011106059589492956,0.015010534532358698,0.0014673858642143271,0.0009549828405844354,0.2168835447294068,-16783877.61034561,8867.017131567001
327,0.002848271296786154,0.001107678713212941,0.015017106779515364,0.00146411153824754,0.0009561228905751716,0.21938555208578503,-16783877.591213048,8894.250032186508
328,0.002854739739156515,0.0011079485083428991,0.014997337089831461,0.0014667514967326846,0.0009587332203767876,0.21717151690219616,-16783877.477399632,8921.421092033386
329,0.002859003419324062,0.0011037937104770804,0.014989896982093048,0.0014641499714570056,0.0009627273339393055,0.21898724715112328,-16783877.4901964,8948.485837697983
330,0.002853733424732042,0.0011044013154147417,0.015003161288516951,0.0014668191670023632,0.0009598283870879355,0.21646362926619195,-16783877.255584072,8975.76104593277
331,0.0028560506597362888,0.00109818142320324,0.015002677381562947,0.0014649272345315725,0.0009637822431320785,0.21720602527138355,-16783877.009951577,9002.967751979828
332,0.0028548798725878217,0.0011038848896276965,0.015005641993642058,0.0014634971112026341,0.0009566554426821317,0.22013285007099426,-16783877.17372254,9030.149660110474
333,0.0028544889230240345,0.0011007808711919653,0.01499595271072838,0.0014613547985373766,0.0009609435666150115,0.2212648261202556,-16783877.086988933,9057.224092006683
334,0.002861095106541027,0.00109785185485143,0.015018640314928059,0.0014576363509145314,0.0009596757522027535,0.22419654383446602,-16783877.440672554,9084.227761030197
335,0.0028531183389565833,0.0010945607998657124,0.015006589617448454,0.0014591584699248602,0.000966019081325389,0.2220176118283828,-16783876.996837653,9111.226630926132
336,0.002851315744941192,0.001086400556326396,0.015006953189862199,0.001455270518155331,0.0009727193100534555,0.22414233794258553,-16783877.159570266,9138.42569565773
337,0.0028631862498812695,0.0010933907358147065,0.014991839589865087,0.0014603302823670132,0.0009658135448695458,0.22127757259010777,-16783876.947723676,9165.754946947098
338,0.0028706437264288277,0.0010862467471155894,0.014979205995039949,0.0014584396544267495,0.0009706588720167328,0.22222358284226917,-16783877.20316922,9192.755594015121
339,0.0028595333110858264,0.0010882683498420176,0.0150097767795602,0.0014555499190933114,0.0009655633232321824,0.22486029300300053,-16783876.85039026,9220.07080411911
340,0.0028619300970504826,0.0010784282705915771,0.015015996624424571,0.001449949130273625,0.0009689783746598796,0.2287046810534027,-16783877.05953496,9247.624644517899
341,0.0028526573452162486,0.0010951705016636827,0.014985519042674318,0.0014639695876377248,0.000966583315082693,0.21805651579357543,-16783877.00276039,9275.10767531395
342,0.0028581317367122622,0.0010862326708994115,0.014991809713637741,0.0014582663194946523,0.0009729129154035017,0.22142809813124104,-16783876.899000324,9302.82304739952
343,0.0028597369575054585,0.001084487289237625,0.015000117997521203,0.0014593791391456687,0.0009726145744001187,0.22035054608564142,-16783876.729876656,9330.342993974686
344,0.0028623609747461705,0.0010763404982604549,0.015002200640917614,0.0014583913094498146,0.0009784500782926723,0.2198934060683343,-16783876.82626072,9357.633375406265
345,0.0028594039867162607,0.001082522025904479,0.01499254019867272,0.0014539573380228377,0.0009727200083057316,0.2254575205392661,-16783876.90015827,9384.842032194138
346,0.0028650461817363044,0.0010813167888576343,0.015012038922894152,0.0014515775683783894,0.0009719645007627965,0.22707403159897105,-16783877.092960548,9411.95292520523
347,0.0028557545543462627,0.0010917070734621707,0.014992149012729276,0.001460871582822891,0.000967928611502719,0.22031089474492432,-16783876.82275167,9439.058489084244
348,0.002865463926459197,0.001080975248521091,0.014986154813213623,0.0014569597237239313,0.0009731652445792106,0.22254402986967758,-16783876.746958356,9466.297364234924
349,0.002856155241060486,0.001078006816807558,0.0149990099152465,0.001454664391734084,0.0009758213476049422,0.22370622153447595,-16783876.90661081,9493.399858236313
350,0.0028579129932656817,0.0010818527965593453,0.014997217333901147,0.0014560808643923164,0.0009733193969210932,0.2230990592983839,-16783876.772347953,9520.476412534714
351,0.002859440506408635,0.001088652450269408,0.014999868351515008,0.0014617451782014193,0.0009691146803738767,0.21874011983835684,-16783876.726053774,9548.039046525955
352,0.0028594587662548222,0.0010917176624518727,0.015003532427936152,0.0014656390982907101,0.0009673120164079493,0.21538141948790224,-16783876.92651941,9575.549490690231
353,0.002861149012978092,0.001085748398397808,0.015003285049175741,0.001458595816298527,0.0009676556949328981,0.2218735494820872,-16783876.550674878,9602.706804275513
354,0.0028626576511110065,0.0010855062621470063,0.015009022716944743,0.0014587605647004643,0.0009650270846975964,0.2220962751575103,-16783876.501942024,9629.954371452332
355,0.002860788885279587,0.0010827920235568647,0.014985066629048131,0.0014623824319022522,0.0009748265409260225,0.21752001532849757,-16783876.9124576,9657.23053097725
356,0.0028598472046342666,0.0010868992682707295,0.015003599241932182,0.0014572580472955467,0.0009678791276556424,0.2230252235843748,-16783876.68230777,9685.28882408142
357,0.0028659318587818186,0.0010777506982062313,0.015006511138946698,0.0014558562563302246,0.0009724447580397937,0.22297418986639062,-16783876.545150764,9712.654319524765
358,0.0028664463750344457,0.0010862376089913516,0.015004540752790008,0.0014605721054067684,0.0009667624263276529,0.22014440216893336,-16783876.595446326,9740.1065158844
359,0.0028592229246993464,0.0010888692771863595,0.015021731920002987,0.001460897373302766,0.0009647823059190166,0.21989955569739156,-16783876.82687745,9768.997676849365
360,0.0028639036760192346,0.001082948755687408,0.014995049089910964,0.0014579441361186399,0.0009710695099141621,0.2218829113266061,-16783876.6053417,9797.675348758698
361,0.0028663387998243443,0.0010848443919530865,0.015006079099825329,0.0014579996235386857,0.0009648179546027892,0.2226038278950826,-16783876.515995573,9826.532968044281
362,0.0028689346820597377,0.0010794098781491965,0.015008398995268304,0.001454385066262024,0.0009668856067053355,0.2255021568279424,-16783876.556645993,9855.219091176987
363,0.00287155714297593,0.0010786665967740302,0.015006268022629835,0.001457914536823389,0.0009677899857734676,0.22204269749644698,-16783876.403928086,9884.040712118149
364,0.0028774121121467617,0.0010745502610256807,0.01500760241297866,0.0014582427815873098,0.0009677454148323801,0.2215514344524831,-16783876.41124012,9911.906471252441
365,0.0028700518272431934,0.0010811897230528927,0.015018557818890676,0.0014572185815685452,0.0009635064288013833,0.22323827181082928,-16783876.603618998,9939.133316516876
366,0.002868514789437204,0.0010816294812115218,0.015012680636645747,0.001457399970206069,0.000965397199079578,0.2228994316897735,-16783876.50511195,9966.855707883835
367,0.0028681985996955677,0.0010763648271556723,0.015011779450630213,0.001453533233880184,0.0009673584366385338,0.22589512414211546,-16783876.52853382,9994.517617225647
368,0.002865464931882219,0.0010821775409999858,0.015009048026605885,0.0014594363288976484,0.000967392866238584,0.22066835858783074,-16783876.434632957,10022.004064559937
369,0.002868312112860271,0.0010853123352075364,0.015011781512147222,0.0014591584963519221,0.0009601497509703894,0.22242771512319592,-16783876.536902793,10049.900488138199
370,0.002867717049340658,0.00108342192595721,0.015010463918847092,0.0014583329363464979,0.0009632235027377405,0.2225643338089946,-16783876.465880312,10077.536834716797
371,0.002865884855161553,0.0010890505725252744,0.01500607468986933,0.0014630814196240677,0.0009638577610713847,0.21839651740309748,-16783876.62663301,10105.512639760971
372,0.002867620163562064,0.0010795362634980728,0.015010353260439993,0.001455920280316155,0.0009664832677467465,0.22402047245736095,-16783876.4564356,10133.381833314896
373,0.002868171776278683,0.0010788016315761892,0.015013199760879102,0.0014579219155580556,0.0009669533474884486,0.22216002850422306,-16783876.384726133,10161.160008192062
374,0.002869088264505852,0.0010757802513877406,0.015016760091405987,0.0014578830615677406,0.0009680210439312782,0.22193812880879327,-16783876.36334413,10188.647053956985
375,0.0028661869450220387,0.0010800667990431604,0.015007958042312104,0.0014586825993445625,0.0009672487179622264,0.2215439904158722,-16783876.33634915,10216.83547258377
376,0.0028650230228144564,0.00107928545795898,0.015005596745145282,0.0014593239139138094,0.0009681744774035505,0.22086626977892154,-16783876.297127757,10244.445712566376
377,0.0028728325405827197,0.0010741164167116664,0.015010473971413283,0.0014575097879212825,0.0009686679632461925,0.2219371451552724,-16783876.306879453,10271.80021739006
378,0.002869478306100422,0.001073098916486282,0.015009036120366326,0.001457663033466844,0.0009722863653755328,0.22126002361921404,-16783876.334495693,10299.413930177689
379,0.0028701945727251346,0.0010748387966081558,0.015008707732082207,0.001460656607214083,0.0009709609662427889,0.218883735358132,-16783876.33228729,10326.925944328308
380,0.0028739263513526186,0.0010697512709756324,0.01500989953440842,0.0014575473180714008,0.0009712407344190197,0.22164097481776263,-16783876.23423066,10354.738443136215
381,0.002878157061087818,0.001063538135963456,0.015010325288309687,0.001456602812658277,0.0009731646685092374,0.22212728293272854,-16783876.227629922,10382.68068933487
382,0.0028700341129628696,0.0010682193949313966,0.015014031960277757,0.0014586318687572902,0.0009726351757960593,0.22029483105457368,-16783876.264090434,10410.898280858994
383,0.0028728182742519546,0.0010685854548322382,0.015002630514458864,0.0014589129464094553,0.0009739421615931757,0.21985163382415418,-16783876.255029336,10439.40888786316
384,0.0028735415553745626,0.0010697623025156828,0.015008219283529372,0.0014595496121578887,0.0009702287722214684,0.22006027574871345,-16783876.153192792,10469.163892745972
385,0.0028755731800116334,0.001068093995530383,0.015007810865110893,0.0014604929015034109,0.0009691999756444361,0.21946040181346316,-16783876.10844967,10498.70198225975
386,0.002874618157845349,0.001065774155367884,0.015008248716156379,0.0014565014698404257,0.0009709671744880948,0.2226287861615725,-16783876.144762773,10528.669670343399
387,0.0028725753957419735,0.0010637157814831124,0.015005740725073005,0.001459312183106274,0.000974026581231992,0.2198059233665322,-16783876.15615439,10558.442940711975
388,0.0028829023711527428,0.0010533568480771767,0.015010665944650246,0.0014574941468445683,0.0009764707683507813,0.22052334993875317,-16783876.302546535,10587.40067911148
389,0.0028694928598990282,0.0010728033054885292,0.015006864045021523,0.001458866472146499,0.0009702485501403582,0.22078053981887946,-16783876.18843749,10615.299851894379
390,0.0028777108633163823,0.0010659508812904707,0.01499984142443236,0.0014582643931308238,0.0009712145280730386,0.2212566915845364,-16783876.11249274,10643.095175266266
391,0.0028765575650487735,0.0010647066302090402,0.015010313173575752,0.001457767131052448,0.0009689983311025436,0.22216824140174996,-16783876.095582202,10671.037715435028
392,0.0028784272104471834,0.0010627672178974415,0.015014154503134196,0.0014571942233739445,0.0009665264158572277,0.22332654519054784,-16783876.18387718,10698.937848329544
393,0.0028706856128665617,0.0010701434471596838,0.015002614361480284,0.0014604653709350168,0.000968387045050917,0.21990624511618262,-16783876.07424408,10727.24732708931
394,0.002866949888755934,0.0010734461027577975,0.014998758898065581,0.001462396650073387,0.0009659982333217569,0.21879572620790966,-16783876.15958456,10755.164050579071
395,0.002879747398377863,0.001059991658191662,0.01500465904358804,0.0014587346777096342,0.0009706826617233158,0.22096155666246614,-16783876.066600088,10783.818384170532
396,0.00288487466761728,0.001053585834543228,0.015003556542871298,0.0014586687804912018,0.0009708997175147947,0.22105206508425945,-16783876.15664347,10812.6752743721
397,0.0028790555300802143,0.0010678378077665952,0.015005421803041565,0.001458096464950979,0.0009657899907954566,0.2223213842134581,-16783876.126819372,10841.83493733406
398,0.0028784918920551268,0.0010664673180147274,0.01500197150758659,0.0014614388432536783,0.0009671236696418081,0.21939605410237967,-16783876.044195756,10870.687214136124
399,0.002880428759160016,0.0010668138993381493,0.014998832903301694,0.0014639075299603048,0.0009652019172186647,0.21777968807278325,-16783876.105212823,10900.014566898346
400,0.002873866640478566,0.0010639468356987273,0.015003648322216408,0.001460957974244025,0.0009727454129498964,0.2187283460134679,-16783876.113090087,10927.578036546707
401,0.0028751638628789784,0.0010649195787156944,0.015004091692422698,0.0014602425969207635,0.0009710065574112865,0.21962660556346544,-16783876.063024633,10954.490914821625
402,0.0028743623070965965,0.001065489994649926,0.015010645456822392,0.0014614494473274933,0.0009672515521183971,0.21924967663536596,-16783876.09344615,10981.765700340271
403,0.002876096366096333,0.0010624788801165282,0.01500362088004769,0.001459539787562933,0.0009686166300383197,0.22097572468040677,-16783876.044128794,11009.492827177048
404,0.002876357959138683,0.0010596713224096006,0.01500152588751609,0.0014590632305926943,0.0009683249572352615,0.2217333861138786,-16783876.119429473,11037.406547307968
405,0.002874958248075046,0.0010651236620737004,0.014998887807073476,0.001462856443517391,0.000968691040892138,0.21787037951833893,-16783876.083167095,11067.118312597275
406,0.00287735215302004,0.0010642181867740728,0.014994636307243868,0.001459643125972312,0.0009709176494675314,0.2203291785790473,-16783876.070527285,11096.676053285599
407,0.0028775541803565882,0.0010642826942504225,0.015004976790382915,0.0014571650239340547,0.0009702203635522549,0.2225280753829771,-16783876.08314129,11125.611012935638
408,0.0028769051972862025,0.0010644929362062419,0.015003454544555555,0.0014585878788298888,0.0009698380328872257,0.22136365141681755,-16783876.04377297,11155.343245983124
409,0.0028839000103716202,0.0010573794055132916,0.0150015302970012,0.0014589302658147198,0.0009710080220055788,0.220978011885345,-16783876.097727135,11183.64581656456
410,0.002873989212242826,0.0010669524367480857,0.015002343345360512,0.0014600815946549427,0.0009690422892895825,0.22017418680847323,-16783876.039156616,11210.580732345581
411,0.00287611248995907,0.0010642160825569068,0.015012077363943159,0.001459898667004968,0.000967852297529648,0.22050341449895558,-16783876.08989332,11237.537616968155
412,0.002877042237254797,0.0010642176607197813,0.01499899657141869,0.001459707011230476,0.0009701513114830605,0.22037273755902437,-16783876.03856145,11264.665114164352
413,0.002872815524226892,0.001069851278648691,0.01500016713687587,0.00146113122644126,0.0009679101685271119,0.21967476338105618,-16783876.033857718,11291.832750082016
414,0.002869349587151406,0.0010747810888772054,0.014997921183519787,0.001462329500807073,0.0009665239219290099,0.21903136674035117,-16783876.08423756,11319.035565853119
415,0.0028766162801750813,0.0010665672581023238,0.014999426302858934,0.0014599195170702961,0.0009665541432110832,0.22102576708592045,-16783876.026915837,11346.214935779572
416,0.0028773424888231328,0.0010673910977956388,0.014997093608077054,0.0014597579771450622,0.0009643279361109815,0.22172534784714798,-16783876.074795313,11373.106819868088
417,0.0028726630470389167,0.0010650528321658238,0.01500069808611916,0.0014582168286762537,0.0009702471888369861,0.22179955620818648,-16783876.074533932,11400.225082397461
418,0.002877034680801074,0.0010661136965525015,0.015001653152219734,0.0014606333396093222,0.0009679045494406026,0.21999692962883138,-16783876.02395873,11427.432450294495
419,0.002875371344565959,0.0010702528755426803,0.01499839280438207,0.0014604804017157957,0.0009685168682412356,0.21989362061296758,-16783876.083841715,11454.69874882698
420,0.002875915110713739,0.0010644223789730662,0.015002313861131284,0.0014597749411011487,0.0009685916895890487,0.220705198663547,-16783876.023605425,11481.828691244125
421,0.002874232484518601,0.0010682153003752414,0.01499817891206612,0.0014618279978725931,0.0009668800176262707,0.21928620962546666,-16783876.03313506,11508.743345737457
422,0.002877229560320569,0.0010661767543757824,0.014997901966829697,0.0014609164164534226,0.0009669550040028104,0.22017968183947545,-16783876.016844936,11535.632282972336
423,0.0028788497343594406,0.001065788913189631,0.014995681277564288,0.0014613338273526625,0.0009659113613594242,0.22018242935497656,-16783876.033091042,11562.605468988419
424,0.002874238976330522,0.001069564561622754,0.015000883872575189,0.0014616941349522052,0.0009647805459825822,0.21991677918240804,-16783876.033206787,11589.533211708069
425,0.00287894017339297,0.0010638353713518654,0.014999952219017784,0.001460457555911736,0.0009659784814236876,0.22069542529416014,-16783876.04611462,11616.526562929153
426,0.0028743466865184114,0.0010683473018244845,0.015000113407411348,0.001460962808808879,0.0009674272467512558,0.21992992885933216,-16783876.01977188,11643.583418130875
427,0.0028775526246853037,0.0010637163351117122,0.014998978661597183,0.001459650872019682,0.0009699903375577749,0.22045779271844962,-16783876.036777325,11670.557220935822
428,0.002875067388419217,0.0010681025049949935,0.015000407569830686,0.0014611833192190744,0.0009660829938763803,0.22005203256641842,-16783876.020350393,11697.644261360168
429,0.0028778374177974293,0.0010650279978991425,0.015002426508027774,0.001459302116214788,0.0009676251913307897,0.22134363658904158,-16783876.024532977,11724.768700361252
430,0.002875860668015065,0.0010661629534376663,0.015002179185624574,0.0014610047967319156,0.0009683080817858794,0.21971003562962818,-16783876.015715268,11751.990637540817
431,0.0028754828619350567,0.0010659608011053378,0.015003555627007396,0.0014615474365627253,0.0009691850510732773,0.21905216990148207,-16783876.030696023,11778.955288648605
432,0.0028739806137985965,0.0010680805321536889,0.01499909653965467,0.0014621897577597996,0.0009674646638178695,0.21884763247336927,-16783876.035424322,11806.294855594635
433,0.002876873216797721,0.001065791131462779,0.015001594015934497,0.001460024026601041,0.0009675850594525596,0.2207196355601235,-16783876.015485454,11833.500032186508
434,0.0028747295294605,0.0010668873118037559,0.014999850183367629,0.001460655430029171,0.0009670788090453756,0.22043524141067689,-16783876.013911113,11860.530079126358
435,0.0028735769537902127,0.001067274119429383,0.014998948698941576,0.0014606664752390957,0.0009666659388477621,0.22065439730159964,-16783876.02635093,11887.877480268478
436,0.002875453905796757,0.0010694002736600875,0.014998368248534864,0.0014618073248466857,0.0009658873753823719,0.21963698662500458,-16783876.01993243,11914.932346820831
437,0.0028764304672171245,0.0010661527371931916,0.014999594766070184,0.0014606069486046303,0.0009683308649303707,0.22015180407499518,-16783876.010226786,11942.060937643051
438,0.0028771120066160786,0.0010651778532922906,0.014999188364189932,0.0014603187632974083,0.000969454800457366,0.22020168982928356,-16783876.017473016,11969.248410463333
439,0.0028763694703130395,0.0010637724563724656,0.015002042926544449,0.0014595828175630007,0.0009693409799403785,0.2207384558330725,-16783876.023306232,11996.322884559631
440,0.0028756827969258275,0.001067993319338182,0.014999286918037261,0.0014612511980257644,0.0009667507765218735,0.21991235392702158,-16783876.012480028,12023.656914234161
441,0.002877922059727191,0.0010647074340459678,0.015000022271209933,0.0014605234633397694,0.0009675756184950339,0.22043965528797477,-16783876.00859706,12050.80225777626
442,0.002879709746331581,0.0010628875001567097,0.014999976703109225,0.0014603037906052146,0.000967649804366923,0.22069451850229604,-16783876.016777594,12077.956216573715
443,0.0028752700190605735,0.0010663882080513985,0.01500294047991833,0.0014604388713240078,0.0009682547327408872,0.22027656012399793,-16783876.01108903,12105.323359489441
444,0.002876442028381247,0.0010664770938607583,0.01499891702588804,0.0014601618492428787,0.0009668838719428208,0.22093504783196846,-16783876.011823352,12132.629539251328
445,0.0028752857501264336,0.0010670775699683057,0.014998609865562632,0.0014611885602543665,0.0009673731651062276,0.2199972519920881,-16783876.00329785,12159.984860658646
446,0.0028744920167907894,0.001067720789221069,0.014997117790376699,0.0014617708270810294,0.0009672672179330617,0.21963606020807042,-16783876.005606268,12187.111416339874
447,0.0028776148443522996,0.001066044809015512,0.014999940258861165,0.0014607348669013016,0.0009679775342003621,0.22013564966867183,-16783876.011088595,12214.35153746605
448,0.0028773055926957962,0.0010642892980401962,0.015000721304466166,0.001459966988529887,0.0009687144859500271,0.22073296906621054,-16783876.004587486,12241.573179483414
449,0.0028768342160118924,0.0010650762582440992,0.015001692622808099,0.0014609913837417751,0.0009691915951981488,0.21964291557267776,-16783876.01437761,12268.74725317955
450,0.0028765400752889083,0.0010661268849565934,0.014999610925118055,0.0014603692328676028,0.0009674608027566528,0.2206120147671458,-16783876.005827088,12295.971504211426
451,0.0028784295774086774,0.0010650780363551905,0.01499655931717771,0.0014606911488418447,0.0009675560910720043,0.22041322149503084,-16783876.0145735,12323.16382932663
452,0.0028760599086475993,0.0010660606651273466,0.015001345189233175,0.001460501940703467,0.0009680800723236664,0.22031072546675617,-16783876.005546577,12350.425112485886
453,0.0028755664402153845,0.0010654267207616881,0.015000027848358886,0.001460317511198606,0.0009678674689869642,0.22061249054971838,-16783876.008755382,12377.78881597519
454,0.0028764628083499787,0.0010650767871068407,0.015000517701912765,0.0014603489503599363,0.0009673596729424868,0.2207498983016361,-16783876.004569314,12405.076612949371
455,0.002877625624729916,0.001065686158986728,0.015000247904142026,0.0014606488674864032,0.0009676538035377338,0.22033501441088543,-16783876.00439341,12432.5424118042
456,0.002875171193552353,0.0010667316873493688,0.015000328692268335,0.0014604847167274514,0.0009679717157105641,0.22047296938026595,-16783876.000151698,12459.940164089203
457,0.0028737957604649342,0.0010677438140010691,0.015000481902797538,0.0014604653434212925,0.0009681697643183292,0.22048962642641157,-16783876.003709443,12487.458986759186
458,0.002876096884078451,0.0010655138372363355,0.015000979294076976,0.001460677441819568,0.0009682568357669161,0.22025426143880164,-16783875.99733905,12514.77039027214
459,0.0028758752884732227,0.0010652073133762064,0.015001663478556436,0.0014608315462955506,0.0009686548522720476,0.22007538477462957,-16783875.996040963,12542.47624874115
460,0.002876515510661634,0.0010652956064818686,0.014999351126402946,0.0014606546025143976,0.0009678291595160296,0.22047710384181574,-16783875.994172346,12569.999523878098
461,0.002876743311668652,0.0010649130771591296,0.014998354094987832,0.001460730933419863,0.0009677037031122111,0.22056029302934554,-16783875.992169704,12597.31119966507
462,0.0028750823996043905,0.0010672748999419968,0.014999185941343848,0.001461444202984637,0.0009668578182770632,0.2199973015634063,-16783875.99615652,12624.823283910751
463,0.0028754650477016775,0.0010672201151537377,0.014998945623707603,0.0014614273253628213,0.0009680453463961291,0.2197295067485709,-16783875.99613446,12652.20299077034
464,0.002873582038978993,0.001067122061996187,0.014998781328000203,0.00146138689419516,0.000967881730087014,0.2199425547518833,-16783875.999599177,12679.769667625427
465,0.002875354009866662,0.0010657454816905697,0.015000476520725451,0.0014609133127407943,0.000968331890178782,0.22026208475727896,-16783875.98419353,12707.589076280594
466,0.0028753881397367764,0.0010650794375517015,0.015001409848306863,0.0014607756889840084,0.0009688112527150594,0.2203945011398744,-16783875.97800675,12735.263545513153
467,0.002875540881835552,0.001065540614376951,0.014999118079365924,0.0014617141470198952,0.0009680131852426107,0.21976021128897077,-16783875.981323596,12762.746679067612
468,0.0028777829840277644,0.0010646230905237207,0.0150007776940893,0.0014609210538270982,0.0009681469892513598,0.2202298447630492,-16783875.98757062,12790.116165399551
469,0.0028771828182101574,0.001063586316105152,0.015000903664994139,0.001460689361985108,0.0009696006247194093,0.2202526123514072,-16783875.98479405,12817.388212919235
470,0.0028773727602823644,0.0010624298345438827,0.015001796663059227,0.001460460251814353,0.0009689315227081033,0.22069477570052137,-16783875.985436983,12844.639146089554
471,0.002877461676780533,0.001063516810043973,0.01499912320304466,0.0014609322660545576,0.0009684142403108705,0.22055536131642656,-16783875.970655587,12872.053953886032
472,0.002878254870934188,0.0010626715583778564,0.014997853065288773,0.001460982625934061,0.0009682939343302818,0.22079534958732505,-16783875.9663432,12899.436779499054
473,0.0028770975066736157,0.001063063873333959,0.015002265576713573,0.001461116776434978,0.0009695621332100638,0.2201488052477038,-16783875.967859026,12926.901156425476
474,0.00287582934186312,0.0010628341209061136,0.015000337938486867,0.0014609918968970367,0.0009695905617238164,0.22045224034221833,-16783875.969515033,12954.273142814636
475,0.0028757250928021054,0.0010651621390066954,0.014998832727992822,0.0014616299139373428,0.0009690257079389771,0.21990646428531185,-16783875.960976396,12981.770594120026
476,0.002874901259061976,0.0010665282912381015,0.014997350760459618,0.0014622147449988377,0.0009690728005544141,0.2195123085777071,-16783875.960530814,13009.33582353592
477,0.0028751545151582524,0.0010649863158230756,0.014998541424546402,0.0014619092647711646,0.0009681806645393394,0.22010185970985924,-16783875.95263479,13036.718154668808
478,0.0028741403636323003,0.0010656863156820375,0.014997360304322534,0.0014625192161641931,0.0009674706844493045,0.22002648338908526,-16783875.951589532,13064.044507026672
479,0.0028763296121317736,0.001063080584652972,0.014999741085160152,0.0014611528361178098,0.0009695872704183692,0.2206830181390006,-16783875.93741545,13091.38234114647
480,0.002876723977279885,0.0010618505697909822,0.015000052588057266,0.0014608721806667673,0.0009703743130062485,0.22114442156401548,-16783875.924591735,13118.826692581177
481,0.002876927633411586,0.0010624654722246486,0.014996996896136011,0.0014621234580479495,0.0009693102230429837,0.22029870176281063,-16783875.92621845,13146.261464357376
482,0.0028768525284680636,0.0010645879059764146,0.014996955125172396,0.0014622844371852254,0.0009684374678072823,0.2201897830339975,-16783875.916265544,13173.542463064194
483,0.002877364121770535,0.0010654647985115654,0.014995263718515159,0.0014629307073293196,0.0009678609208490154,0.22005855437988708,-16783875.901261885,13201.02309513092
484,0.002875673235356541,0.0010651584619411052,0.014992693534212887,0.0014627642012787312,0.0009678988255340188,0.2204631345059065,-16783875.920239285,13228.653366804123
485,0.00287365532590342,0.0010663797447516238,0.01499538620194572,0.0014634922102278714,0.000969035321481713,0.21970585180581226,-16783875.888453476,13256.018096923828
486,0.002871355553388036,0.0010682338379385077,0.014994152770274195,0.0014647470023747763,0.0009694060150574287,0.21916110291505586,-16783875.874106314,13283.559269666672
487,0.00287582703588432,0.0010630915274581808,0.014994822510046399,0.0014631041769550745,0.0009683675267585859,0.22087182426121316,-16783875.877478175,13311.141038656235
488,0.002877150155398001,0.0010630685736062926,0.014993967034758107,0.0014629946927200133,0.0009702685903001224,0.2206394297405443,-16783875.851682223,13338.507811784744
489,0.002878655051280852,0.00106175970256842,0.014992270399975895,0.0014632324309979232,0.0009716675432255312,0.2209459029162738,-16783875.838149138,13366.2865152359
490,0.002874938691575138,0.0010660541605116052,0.014992754944224588,0.001463760108486248,0.0009692148251006258,0.22058294508464,-16783875.82152646,13393.71262550354
491,0.0028739442206569144,0.0010678485046550835,0.014990633968268878,0.0014645784337053974,0.0009691671261294467,0.2207250667455547,-16783875.784923084,13421.133771419525
492,0.002874215762165848,0.0010686683745666386,0.014986559712373868,0.0014662468035469734,0.0009677483395117603,0.21959744034394824,-16783875.82965145,13448.69496679306
493,0.002874780679692294,0.0010665304532916932,0.01499187415893858,0.001465515650357757,0.0009701736649765705,0.21999016268140448,-16783875.75373679,13476.136065483093
494,0.002874334401860171,0.001067216448966987,0.014991464471301424,0.00146689137489727,0.0009713110846978463,0.21975367676915347,-16783875.696047977,13503.54134941101
495,0.0028720798866415124,0.0010668080002063738,0.014988037558898396,0.0014666693668298186,0.000971361624277851,0.2202931169371793,-16783875.730481222,13530.02819943428
496,0.0028723679227801247,0.001070420095509156,0.014986217116984488,0.0014676842938289784,0.000971853050874702,0.2192869446145086,-16783875.785681613,13556.277456998825
497,0.002877176861740438,0.0010660065375523785,0.014984241638993454,0.0014670205655606772,0.000971630241181617,0.22103961319381688,-16783875.728682723,13582.557469844818
498,0.002869384634000817,0.0010738962845837858,0.01498344775563094,0.0014697978484584481,0.0009693562789988765,0.21928604995177997,-16783875.70255317,13608.997604370117
499,0.0028722135470608118,0.0010687302492579497,0.01498812112431866,0.0014679671575465562,0.0009738114625416859,0.22053071572671606,-16783875.676372007,13635.302853822708
500,0.002871212439508294,0.0010687611866036055,0.014988901830291057,0.001468827334546348,0.0009768430240566488,0.2209973534181,-16783875.710355695,13661.781962156296
501,0.002874009927873431,0.0010664152462316967,0.01498909838881943,0.0014666239551704109,0.0009703595550677394,0.22125580182689158,-16783875.649381656,13688.425666809082
502,0.002874830930420085,0.001064412821592967,0.014990539024736904,0.0014660937858411273,0.0009696128071642581,0.22224023043308305,-16783875.646675665,13714.789517879486
503,0.002872729199917697,0.0010678416093983971,0.01498464988969105,0.0014702349326725685,0.0009731940401579316,0.22032273425835486,-16783875.5793407,13741.382267475128
504,0.002872121689548089,0.0010678381617700537,0.014981657850402133,0.001473063182156154,0.0009752074971721742,0.2201215680147549,-16783875.534083076,13767.941214561462
505,0.002874607468235292,0.001069225501035,0.014985119729562776,0.0014702752713235926,0.0009722814996409681,0.2206975010925888,-16783875.564431798,13794.47494840622
506,0.002868654028634651,0.001071099951516536,0.01498920834632416,0.0014710089745137056,0.0009722299688903191,0.21983696746887516,-16783875.504908144,13820.79404592514
507,0.002864392612081757,0.0010736466584986147,0.014991691699989512,0.0014730031789902199,0.0009725298327446703,0.21923564460640432,-16783875.45834077,13847.913231134415
508,0.0028747822490679184,0.0010631269957900717,0.014992750211139529,0.0014693001351265252,0.0009755617823216575,0.2215737289291202,-16783875.498872623,13875.688972473145
509,0.0028699817636111463,0.0010684436803478988,0.014985162075415077,0.0014730095287641223,0.0009750238758306255,0.22171278616506895,-16783875.390990023,13903.40835762024
510,0.0028678054444866343,0.0010690572960383544,0.014982010877471905,0.0014760686056975482,0.000976880271397015,0.2226923408630267,-16783875.328818884,13931.491884231567
511,0.002870633250885779,0.0010670388956504043,0.014986468673448928,0.001474634228831833,0.0009735464342718952,0.22165628891960987,-16783875.24470804,13959.350694656372
512,0.0028698431027982634,0.0010661932188466318,0.014985642448014064,0.0014779677644744717,0.0009734139201369998,0.2222190755160568,-16783875.08747387,13986.73599934578
513,0.0028663532583192335,0.0010719497890666085,0.014982418580789733,0.0014804655934150435,0.0009790121273069033,0.21993972257423416,-16783875.32262726,14013.76751422882
514,0.002863825317198673,0.0010680452056351115,0.014986937493039514,0.0014796808819630618,0.0009785869773855055,0.22122985907527687,-16783875.19392313,14041.776241540909
515,0.0028635456384360717,0.0010695015595217437,0.014992159253079288,0.0014790988710661362,0.0009767874732587432,0.2221752225066181,-16783875.060360603,14070.675441503525
516,0.002859257612880063,0.0010703332583975886,0.014997409954417867,0.001482116715521127,0.0009775774613020277,0.22320204975254965,-16783874.97422593,14098.831911087036
517,0.0028557102001869573,0.0010766148130375653,0.014982620140101339,0.0014871341115606325,0.000977105081102716,0.22126583520006254,-16783874.96562587,14126.707587242126
518,0.0028461741757464763,0.0010833587216613118,0.014977555104582242,0.001496051099777686,0.0009778767304932452,0.22111188833553375,-16783874.96441481,14154.448954105377
519,0.0028600270250613577,0.0010693325047165876,0.014978966452782263,0.0014911137079594264,0.0009819193299292284,0.22422933409915502,-16783874.978983816,14181.943033695221
520,0.002854021386181388,0.0010740136034029257,0.014987632467069991,0.0014930633153393907,0.0009792485774542887,0.22128496892124205,-16783874.701750632,14208.30416727066
521,0.0028471293570287645,0.001076491757085211,0.014990443261869033,0.0015015606701603117,0.0009804327304829257,0.22058128295034973,-16783874.55264484,14234.661661863327
522,0.002849065605251966,0.0010726350997142058,0.014989899657445262,0.0014956980198703182,0.0009775902559364075,0.2242514406687398,-16783874.93864834,14261.154990673065
523,0.0028466736423902912,0.0010780696478387337,0.014986368133330728,0.0015018217772913853,0.000977683165374773,0.22396849803218477,-16783874.572395924,14287.563689470291
524,0.0028329327033213766,0.001083880444291248,0.014987905073461733,0.0015114862323856132,0.0009842793043692028,0.22356242243011415,-16783875.132433947,14314.233985424042
